Date,Product_Category,Units_Sold,Unit_Price,Discount_Applied,Final_Price,Revenue,Marketing_Spend,Is_Weekend,Is_Holiday_Season,Macro_Economic_Index
2023-01-01,Eau de Parfum,86,120,0.0,120.0,10320.0,0.0,1,0,106.24
2023-01-01,Eau de Toilette,37,85,0.1,76.5,2830.5,0.0,1,0,106.24
2023-01-01,Home Fragrance,68,45,0.1,40.5,2754.0,0.0,1,0,106.24
2023-01-01,Skincare Bundle,61,150,0.2,120.0,7320.0,500.0,1,0,106.24
2023-01-02,Eau de Parfum,23,120,0.0,120.0,2760.0,0.0,0,0,106.17
2023-01-02,Eau de Toilette,56,85,0.0,85.0,4760.0,0.0,0,0,106.17
2023-01-02,Home Fragrance,59,45,0.0,45.0,2655.0,500.0,0,0,106.17
2023-01-02,Skincare Bundle,88,150,0.2,120.0,10560.0,500.0,0,0,106.17
2023-01-03,Eau de Parfum,64,120,0.2,96.0,6144.0,0.0,0,0,106.09
2023-01-03,Eau de Toilette,54,85,0.0,85.0,4590.0,0.0,0,0,106.09
2023-01-03,Home Fragrance,74,45,0.1,40.5,2997.0,500.0,0,0,106.09
2023-01-03,Skincare Bundle,81,150,0.0,150.0,12150.0,,0,0,106.09
2023-01-04,Eau de Parfum,52,120,0.1,108.0,5616.0,0.0,0,0,106.01
2023-01-04,Eau de Toilette,58,85,0.0,85.0,4930.0,500.0,0,0,106.01
2023-01-04,Home Fragrance,64,45,0.3,31.5,2016.0,1000.0,0,0,106.01
2023-01-04,Skincare Bundle,46,150,0.0,150.0,6900.0,0.0,0,0,106.01
2023-01-05,Eau de Parfum,80,120,0.0,120.0,9600.0,2500.0,0,0,105.93
2023-01-05,Eau de Toilette,28,85,0.1,76.5,2142.0,0.0,0,0,105.93
2023-01-05,Home Fragrance,44,45,0.2,36.0,1584.0,0.0,0,0,105.93
2023-01-05,Skincare Bundle,55,150,0.0,150.0,8250.0,0.0,0,0,105.93
2023-01-06,Eau de Parfum,91,120,0.3,84.0,7644.0,2500.0,0,0,105.85
2023-01-06,Eau de Toilette,83,85,0.0,85.0,7055.0,2500.0,0,0,105.85
2023-01-06,Home Fragrance,36,45,0.0,45.0,1620.0,0.0,0,0,105.85
2023-01-06,Skincare Bundle,83,150,0.0,150.0,12450.0,0.0,0,0,105.85
2023-01-07,Eau de Parfum,81,120,0.3,84.0,6804.0,0.0,1,0,105.76
2023-01-07,Eau de Toilette,65,85,0.2,68.0,4420.0,0.0,1,0,105.76
2023-01-07,Home Fragrance,51,45,0.0,45.0,2295.0,0.0,1,0,105.76
2023-01-07,Skincare Bundle,80,150,0.0,150.0,12000.0,500.0,1,0,105.76
2023-01-08,Eau de Parfum,43,120,0.0,120.0,5160.0,0.0,1,0,105.68
2023-01-08,Eau de Toilette,78,85,0.0,85.0,6630.0,1000.0,1,0,105.68
2023-01-08,Home Fragrance,48,45,0.0,45.0,2160.0,0.0,1,0,105.68
2023-01-08,Skincare Bundle,61,150,0.2,120.0,7320.0,0.0,1,0,105.68
2023-01-09,Eau de Parfum,41,120,0.0,120.0,4920.0,0.0,0,0,105.6
2023-01-09,Eau de Toilette,76,85,0.0,85.0,6460.0,1000.0,0,0,105.6
2023-01-09,Home Fragrance,52,45,0.0,45.0,2340.0,0.0,0,0,105.6
2023-01-09,Skincare Bundle,58,150,0.0,150.0,8700.0,500.0,0,0,105.6
2023-01-10,Eau de Parfum,52,120,0.2,96.0,4992.0,500.0,0,0,105.52
2023-01-10,Eau de Toilette,34,85,0.0,85.0,2890.0,0.0,0,0,105.52
2023-01-10,Home Fragrance,32,45,0.0,45.0,1440.0,0.0,0,0,105.52
2023-01-10,Skincare Bundle,153,150,0.0,150.0,22950.0,2500.0,0,0,105.52
2023-01-11,Eau de Parfum,50,120,0.0,120.0,6000.0,500.0,0,0,105.43
2023-01-11,Eau de Toilette,66,85,0.2,68.0,4488.0,500.0,0,0,105.43
2023-01-11,Home Fragrance,64,45,0.0,45.0,2880.0,0.0,0,0,105.43
2023-01-11,Skincare Bundle,124,150,0.0,150.0,18600.0,2500.0,0,0,105.43
2023-01-12,Eau de Parfum,68,120,0.0,120.0,8160.0,,0,0,105.35
2023-01-12,Eau de Toilette,24,85,0.0,85.0,2040.0,0.0,0,0,105.35
2023-01-12,Home Fragrance,62,45,0.0,45.0,2790.0,1000.0,0,0,105.35
2023-01-12,Skincare Bundle,66,150,0.0,150.0,9900.0,500.0,0,0,105.35
2023-01-13,Eau de Parfum,78,120,0.0,120.0,9360.0,2500.0,0,0,105.26
2023-01-13,Eau de Toilette,50,85,0.0,85.0,4250.0,0.0,0,0,105.26
2023-01-13,Home Fragrance,34,45,0.2,36.0,1224.0,0.0,0,0,105.26
2023-01-13,Skincare Bundle,80,150,0.0,150.0,12000.0,0.0,0,0,105.26
2023-01-14,Eau de Parfum,46,120,0.0,120.0,5520.0,0.0,1,0,105.18
2023-01-14,Eau de Toilette,51,85,0.0,85.0,4335.0,500.0,1,0,105.18
2023-01-14,Home Fragrance,95,45,0.0,45.0,4275.0,2500.0,1,0,105.18
2023-01-14,Skincare Bundle,111,150,0.0,150.0,16650.0,0.0,1,0,105.18
2023-01-15,Eau de Parfum,48,120,0.0,120.0,5760.0,0.0,1,0,105.09
2023-01-15,Eau de Toilette,33,85,0.0,85.0,2805.0,0.0,1,0,105.09
2023-01-15,Home Fragrance,37,45,0.0,45.0,1665.0,0.0,1,0,105.09
2023-01-15,Skincare Bundle,117,150,0.0,150.0,17550.0,500.0,1,0,105.09
2023-01-16,Eau de Parfum,49,120,0.2,96.0,4704.0,0.0,0,0,105.01
2023-01-16,Eau de Toilette,61,85,0.0,85.0,5185.0,,0,0,105.01
2023-01-16,Home Fragrance,117,45,0.0,45.0,5265.0,2500.0,0,0,105.01
2023-01-16,Skincare Bundle,93,150,0.0,150.0,13950.0,1000.0,0,0,105.01
2023-01-17,Eau de Parfum,79,120,0.1,108.0,8532.0,500.0,0,0,104.92
2023-01-17,Eau de Toilette,45,85,0.0,85.0,3825.0,0.0,0,0,104.92
2023-01-17,Home Fragrance,73,45,0.2,36.0,2628.0,,0,0,104.92
2023-01-17,Skincare Bundle,92,150,0.0,150.0,13800.0,0.0,0,0,104.92
2023-01-18,Eau de Parfum,0,120,0.0,120.0,0.0,0.0,0,0,104.83
2023-01-18,Eau de Toilette,49,85,0.0,85.0,4165.0,500.0,0,0,104.83
2023-01-18,Home Fragrance,83,45,0.0,45.0,3735.0,1000.0,0,0,104.83
2023-01-18,Skincare Bundle,79,150,0.0,150.0,11850.0,1000.0,0,0,104.83
2023-01-19,Eau de Parfum,23,120,0.0,120.0,2760.0,0.0,0,0,104.74
2023-01-19,Eau de Toilette,55,85,0.0,85.0,4675.0,500.0,0,0,104.74
2023-01-19,Home Fragrance,42,45,0.0,45.0,1890.0,500.0,0,0,104.74
2023-01-19,Skincare Bundle,38,150,0.0,150.0,5700.0,0.0,0,0,104.74
2023-01-20,Eau de Parfum,36,120,0.1,108.0,3888.0,0.0,0,0,104.66
2023-01-20,Eau de Toilette,95,85,0.0,85.0,8075.0,0.0,0,0,104.66
2023-01-20,Home Fragrance,53,45,0.0,45.0,2385.0,0.0,0,0,104.66
2023-01-20,Skincare Bundle,74,150,0.0,150.0,11100.0,1000.0,0,0,104.66
2023-01-21,Eau de Parfum,64,120,0.0,120.0,7680.0,0.0,1,0,104.57
2023-01-21,Eau de Toilette,124,85,0.0,85.0,10540.0,1000.0,1,0,104.57
2023-01-21,Home Fragrance,31,45,0.1,40.5,1255.5,500.0,1,0,104.57
2023-01-21,Skincare Bundle,102,150,0.0,150.0,15300.0,0.0,1,0,104.57
2023-01-22,Eau de Parfum,51,120,0.0,120.0,6120.0,1000.0,1,0,104.48
2023-01-22,Eau de Toilette,64,85,0.0,85.0,5440.0,0.0,1,0,104.48
2023-01-22,Home Fragrance,73,45,0.0,45.0,3285.0,0.0,1,0,104.48
2023-01-22,Skincare Bundle,120,150,0.0,150.0,18000.0,1000.0,1,0,104.48
2023-01-23,Eau de Parfum,53,120,0.0,120.0,6360.0,0.0,0,0,104.39
2023-01-23,Eau de Toilette,32,85,0.0,85.0,2720.0,0.0,0,0,104.39
2023-01-23,Home Fragrance,56,45,0.0,45.0,2520.0,0.0,0,0,104.39
2023-01-23,Skincare Bundle,112,150,0.1,135.0,15120.0,,0,0,104.39
2023-01-24,Eau de Parfum,47,120,0.0,120.0,5640.0,0.0,0,0,104.3
2023-01-24,Eau de Toilette,37,85,0.0,85.0,3145.0,0.0,0,0,104.3
2023-01-24,Home Fragrance,78,45,0.0,45.0,3510.0,0.0,0,0,104.3
2023-01-24,Skincare Bundle,70,150,0.3,105.0,7350.0,0.0,0,0,104.3
2023-01-25,Eau de Parfum,43,120,0.0,120.0,5160.0,0.0,0,0,104.21
2023-01-25,Eau de Toilette,49,85,0.0,85.0,4165.0,0.0,0,0,104.21
2023-01-25,Home Fragrance,62,45,0.0,45.0,2790.0,500.0,0,0,104.21
2023-01-25,Skincare Bundle,125,150,0.0,150.0,18750.0,2500.0,0,0,104.21
2023-01-26,Eau de Parfum,57,120,0.0,120.0,6840.0,500.0,0,0,104.12
2023-01-26,Eau de Toilette,60,85,0.0,85.0,5100.0,,0,0,104.12
2023-01-26,Home Fragrance,50,45,0.0,45.0,2250.0,0.0,0,0,104.12
2023-01-26,Skincare Bundle,133,150,0.1,135.0,17955.0,500.0,0,0,104.12
2023-01-27,Eau de Parfum,56,120,0.0,120.0,6720.0,0.0,0,0,104.03
2023-01-27,Eau de Toilette,23,85,0.1,76.5,1759.5,500.0,0,0,104.03
2023-01-27,Home Fragrance,81,45,0.0,45.0,3645.0,500.0,0,0,104.03
2023-01-27,Skincare Bundle,60,150,0.1,135.0,8100.0,0.0,0,0,104.03
2023-01-28,Eau de Parfum,71,120,0.0,120.0,8520.0,0.0,1,0,103.93
2023-01-28,Eau de Toilette,47,85,0.1,76.5,3595.5,0.0,1,0,103.93
2023-01-28,Home Fragrance,49,45,0.1,40.5,1984.5,500.0,1,0,103.93
2023-01-28,Skincare Bundle,89,150,0.0,150.0,13350.0,500.0,1,0,103.93
2023-01-29,Eau de Parfum,97,120,0.1,108.0,10476.0,0.0,1,0,103.84
2023-01-29,Eau de Toilette,79,85,0.0,85.0,6715.0,500.0,1,0,103.84
2023-01-29,Home Fragrance,96,45,0.0,45.0,4320.0,1000.0,1,0,103.84
2023-01-29,Skincare Bundle,57,150,0.0,150.0,8550.0,1000.0,1,0,103.84
2023-01-30,Eau de Parfum,55,120,0.0,120.0,6600.0,500.0,0,0,103.75
2023-01-30,Eau de Toilette,72,85,0.0,85.0,6120.0,0.0,0,0,103.75
2023-01-30,Home Fragrance,45,45,0.0,45.0,2025.0,500.0,0,0,103.75
2023-01-30,Skincare Bundle,32,150,0.2,120.0,3840.0,500.0,0,0,103.75
2023-01-31,Eau de Parfum,74,120,0.0,120.0,8880.0,500.0,0,0,103.66
2023-01-31,Eau de Toilette,84,85,0.0,85.0,7140.0,1000.0,0,0,103.66
2023-01-31,Home Fragrance,45,45,0.0,45.0,2025.0,0.0,0,0,103.66
2023-01-31,Skincare Bundle,142,150,0.0,150.0,21300.0,1000.0,0,0,103.66
2023-02-01,Eau de Parfum,182,120,0.2,96.0,17472.0,0.0,0,1,103.56
2023-02-01,Eau de Toilette,73,85,0.2,68.0,4964.0,0.0,0,1,103.56
2023-02-01,Home Fragrance,110,45,0.2,36.0,3960.0,500.0,0,1,103.56
2023-02-01,Skincare Bundle,113,150,0.2,120.0,13560.0,0.0,0,1,103.56
2023-02-02,Eau de Parfum,127,120,0.2,96.0,12192.0,500.0,0,1,103.47
2023-02-02,Eau de Toilette,2,85,0.2,68.0,136.0,0.0,0,1,103.47
2023-02-02,Home Fragrance,89,45,0.2,36.0,3204.0,0.0,0,1,103.47
2023-02-02,Skincare Bundle,89,150,0.2,120.0,10680.0,0.0,0,1,103.47
2023-02-03,Eau de Parfum,139,120,0.2,96.0,13344.0,500.0,0,1,103.38
2023-02-03,Eau de Toilette,58,85,0.2,68.0,3944.0,0.0,0,1,103.38
2023-02-03,Home Fragrance,153,45,0.2,36.0,5508.0,0.0,0,1,103.38
2023-02-03,Skincare Bundle,137,150,0.2,120.0,16440.0,500.0,0,1,103.38
2023-02-04,Eau de Parfum,140,120,0.2,96.0,13440.0,500.0,1,1,103.28
2023-02-04,Eau de Toilette,171,85,0.2,68.0,11628.0,0.0,1,1,103.28
2023-02-04,Home Fragrance,42,45,0.2,36.0,1512.0,500.0,1,1,103.28
2023-02-04,Skincare Bundle,193,150,0.2,120.0,23160.0,500.0,1,1,103.28
2023-02-05,Eau de Parfum,201,120,0.2,96.0,19296.0,0.0,1,1,103.19
2023-02-05,Eau de Toilette,212,85,0.2,68.0,14416.0,2500.0,1,1,103.19
2023-02-05,Home Fragrance,145,45,0.3,31.5,4567.5,0.0,1,1,103.19
2023-02-05,Skincare Bundle,149,150,0.2,120.0,17880.0,0.0,1,1,103.19
2023-02-06,Eau de Parfum,140,120,0.2,96.0,13440.0,0.0,0,1,103.09
2023-02-06,Eau de Toilette,138,85,0.2,68.0,9384.0,0.0,0,1,103.09
2023-02-06,Home Fragrance,91,45,0.2,36.0,3276.0,,0,1,103.09
2023-02-06,Skincare Bundle,37,150,0.2,120.0,4440.0,0.0,0,1,103.09
2023-02-07,Eau de Parfum,233,120,0.2,96.0,22368.0,0.0,0,1,103.0
2023-02-07,Eau de Toilette,99,85,0.2,68.0,6732.0,0.0,0,1,103.0
2023-02-07,Home Fragrance,49,45,0.2,36.0,1764.0,0.0,0,1,103.0
2023-02-07,Skincare Bundle,110,150,0.2,120.0,13200.0,0.0,0,1,103.0
2023-02-08,Eau de Parfum,161,120,0.2,96.0,15456.0,0.0,0,1,102.9
2023-02-08,Eau de Toilette,217,85,0.2,68.0,14756.0,1000.0,0,1,102.9
2023-02-08,Home Fragrance,114,45,0.2,36.0,4104.0,1000.0,0,1,102.9
2023-02-08,Skincare Bundle,75,150,0.2,120.0,9000.0,500.0,0,1,102.9
2023-02-09,Eau de Parfum,95,120,0.2,96.0,9120.0,0.0,0,1,102.81
2023-02-09,Eau de Toilette,97,85,0.2,68.0,6596.0,1000.0,0,1,102.81
2023-02-09,Home Fragrance,66,45,0.2,36.0,2376.0,0.0,0,1,102.81
2023-02-09,Skincare Bundle,107,150,0.2,120.0,12840.0,0.0,0,1,102.81
2023-02-10,Eau de Parfum,83,120,0.2,96.0,7968.0,0.0,0,1,102.71
2023-02-10,Eau de Toilette,106,85,0.2,68.0,7208.0,0.0,0,1,102.71
2023-02-10,Home Fragrance,64,45,0.2,36.0,2304.0,500.0,0,1,102.71
2023-02-10,Skincare Bundle,120,150,0.2,120.0,14400.0,0.0,0,1,102.71
2023-02-11,Eau de Parfum,382,120,0.2,96.0,36672.0,1000.0,1,1,102.61
2023-02-11,Eau de Toilette,84,85,0.2,68.0,5712.0,0.0,1,1,102.61
2023-02-11,Home Fragrance,160,45,0.2,36.0,5760.0,0.0,1,1,102.61
2023-02-11,Skincare Bundle,111,150,0.2,120.0,13320.0,1000.0,1,1,102.61
2023-02-12,Eau de Parfum,286,120,0.2,96.0,27456.0,1000.0,1,1,102.52
2023-02-12,Eau de Toilette,99,85,0.2,68.0,6732.0,500.0,1,1,102.52
2023-02-12,Home Fragrance,109,45,0.2,36.0,3924.0,500.0,1,1,102.52
2023-02-12,Skincare Bundle,154,150,0.2,120.0,18480.0,0.0,1,1,102.52
2023-02-13,Eau de Parfum,179,120,0.2,96.0,17184.0,500.0,0,1,102.42
2023-02-13,Eau de Toilette,154,85,0.2,68.0,10472.0,500.0,0,1,102.42
2023-02-13,Home Fragrance,120,45,0.2,36.0,4320.0,0.0,0,1,102.42
2023-02-13,Skincare Bundle,106,150,0.2,120.0,12720.0,0.0,0,1,102.42
2023-02-14,Eau de Parfum,148,120,0.2,96.0,14208.0,0.0,0,1,102.32
2023-02-14,Eau de Toilette,100,85,0.2,68.0,6800.0,2500.0,0,1,102.32
2023-02-14,Home Fragrance,139,45,0.2,36.0,5004.0,2500.0,0,1,102.32
2023-02-14,Skincare Bundle,142,150,0.2,120.0,17040.0,1000.0,0,1,102.32
2023-02-15,Eau de Parfum,45,120,0.1,108.0,4860.0,0.0,0,0,102.22
2023-02-15,Eau de Toilette,51,85,0.0,85.0,4335.0,0.0,0,0,102.22
2023-02-15,Home Fragrance,48,45,0.0,45.0,2160.0,0.0,0,0,102.22
2023-02-15,Skincare Bundle,65,150,0.3,105.0,6825.0,500.0,0,0,102.22
2023-02-16,Eau de Parfum,45,120,0.0,120.0,5400.0,0.0,0,0,102.13
2023-02-16,Eau de Toilette,42,85,0.0,85.0,3570.0,0.0,0,0,102.13
2023-02-16,Home Fragrance,61,45,0.1,40.5,2470.5,2500.0,0,0,102.13
2023-02-16,Skincare Bundle,73,150,0.0,150.0,10950.0,2500.0,0,0,102.13
2023-02-17,Eau de Parfum,80,120,0.3,84.0,6720.0,0.0,0,0,102.03
2023-02-17,Eau de Toilette,53,85,0.0,85.0,4505.0,500.0,0,0,102.03
2023-02-17,Home Fragrance,19,45,0.0,45.0,855.0,500.0,0,0,102.03
2023-02-17,Skincare Bundle,59,150,0.1,135.0,7965.0,0.0,0,0,102.03
2023-02-18,Eau de Parfum,106,120,0.0,120.0,12720.0,0.0,1,0,101.93
2023-02-18,Eau de Toilette,64,85,0.0,85.0,5440.0,0.0,1,0,101.93
2023-02-18,Home Fragrance,110,45,0.1,40.5,4455.0,500.0,1,0,101.93
2023-02-18,Skincare Bundle,70,150,0.0,150.0,10500.0,1000.0,1,0,101.93
2023-02-19,Eau de Parfum,147,120,0.1,108.0,15876.0,1000.0,1,0,101.83
2023-02-19,Eau de Toilette,75,85,0.0,85.0,6375.0,500.0,1,0,101.83
2023-02-19,Home Fragrance,56,45,0.0,45.0,2520.0,0.0,1,0,101.83
2023-02-19,Skincare Bundle,48,150,0.0,150.0,7200.0,0.0,1,0,101.83
2023-02-20,Eau de Parfum,81,120,0.0,120.0,9720.0,0.0,0,0,101.73
2023-02-20,Eau de Toilette,35,85,0.1,76.5,2677.5,0.0,0,0,101.73
2023-02-20,Home Fragrance,64,45,0.0,45.0,2880.0,0.0,0,0,101.73
2023-02-20,Skincare Bundle,70,150,0.2,120.0,8400.0,0.0,0,0,101.73
2023-02-21,Eau de Parfum,54,120,0.0,120.0,6480.0,0.0,0,0,101.64
2023-02-21,Eau de Toilette,41,85,0.0,85.0,3485.0,0.0,0,0,101.64
2023-02-21,Home Fragrance,49,45,0.0,45.0,2205.0,0.0,0,0,101.64
2023-02-21,Skincare Bundle,79,150,0.0,150.0,11850.0,500.0,0,0,101.64
2023-02-22,Eau de Parfum,51,120,0.0,120.0,6120.0,0.0,0,0,101.54
2023-02-22,Eau de Toilette,37,85,0.0,85.0,3145.0,0.0,0,0,101.54
2023-02-22,Home Fragrance,30,45,0.0,45.0,1350.0,0.0,0,0,101.54
2023-02-22,Skincare Bundle,73,150,0.0,150.0,10950.0,2500.0,0,0,101.54
2023-02-23,Eau de Parfum,94,120,0.0,120.0,11280.0,0.0,0,0,101.44
2023-02-23,Eau de Toilette,61,85,0.0,85.0,5185.0,500.0,0,0,101.44
2023-02-23,Home Fragrance,42,45,0.0,45.0,1890.0,1000.0,0,0,101.44
2023-02-23,Skincare Bundle,65,150,0.0,150.0,9750.0,500.0,0,0,101.44
2023-02-24,Eau de Parfum,98,120,0.0,120.0,11760.0,1000.0,0,0,101.34
2023-02-24,Eau de Toilette,55,85,0.2,68.0,3740.0,0.0,0,0,101.34
2023-02-24,Home Fragrance,75,45,0.0,45.0,3375.0,1000.0,0,0,101.34
2023-02-24,Skincare Bundle,48,150,0.0,150.0,7200.0,0.0,0,0,101.34
2023-02-25,Eau de Parfum,74,120,0.2,96.0,7104.0,0.0,1,0,101.24
2023-02-25,Eau de Toilette,63,85,0.2,68.0,4284.0,500.0,1,0,101.24
2023-02-25,Home Fragrance,54,45,0.0,45.0,2430.0,0.0,1,0,101.24
2023-02-25,Skincare Bundle,150,150,0.2,120.0,18000.0,1000.0,1,0,101.24
2023-02-26,Eau de Parfum,109,120,0.1,108.0,11772.0,0.0,1,0,101.14
2023-02-26,Eau de Toilette,63,85,0.0,85.0,5355.0,0.0,1,0,101.14
2023-02-26,Home Fragrance,56,45,0.3,31.5,1764.0,,1,0,101.14
2023-02-26,Skincare Bundle,79,150,0.0,150.0,11850.0,0.0,1,0,101.14
2023-02-27,Eau de Parfum,63,120,0.0,120.0,7560.0,0.0,0,0,101.04
2023-02-27,Eau de Toilette,112,85,0.2,68.0,7616.0,2500.0,0,0,101.04
2023-02-27,Home Fragrance,44,45,0.1,40.5,1782.0,500.0,0,0,101.04
2023-02-27,Skincare Bundle,48,150,0.0,150.0,7200.0,0.0,0,0,101.04
2023-02-28,Eau de Parfum,83,120,0.0,120.0,9960.0,0.0,0,0,100.94
2023-02-28,Eau de Toilette,48,85,0.2,68.0,3264.0,1000.0,0,0,100.94
2023-02-28,Home Fragrance,25,45,0.0,45.0,1125.0,0.0,0,0,100.94
2023-02-28,Skincare Bundle,58,150,0.0,150.0,8700.0,0.0,0,0,100.94
2023-03-01,Eau de Parfum,47,120,0.2,96.0,4512.0,0.0,0,0,100.84
2023-03-01,Eau de Toilette,35,85,0.0,85.0,2975.0,500.0,0,0,100.84
2023-03-01,Home Fragrance,25,45,0.1,40.5,1012.5,0.0,0,0,100.84
2023-03-01,Skincare Bundle,40,150,0.1,135.0,5400.0,500.0,0,0,100.84
2023-03-02,Eau de Parfum,68,120,0.2,96.0,6528.0,0.0,0,0,100.74
2023-03-02,Eau de Toilette,29,85,0.0,85.0,2465.0,0.0,0,0,100.74
2023-03-02,Home Fragrance,46,45,0.0,45.0,2070.0,0.0,0,0,100.74
2023-03-02,Skincare Bundle,67,150,0.1,135.0,9045.0,0.0,0,0,100.74
2023-03-03,Eau de Parfum,11,120,0.0,120.0,1320.0,0.0,0,0,100.64
2023-03-03,Eau de Toilette,44,85,0.0,85.0,3740.0,0.0,0,0,100.64
2023-03-03,Home Fragrance,53,45,0.2,36.0,1908.0,0.0,0,0,100.64
2023-03-03,Skincare Bundle,57,150,0.1,135.0,7695.0,0.0,0,0,100.64
2023-03-04,Eau de Parfum,78,120,0.0,120.0,9360.0,0.0,1,0,100.54
2023-03-04,Eau de Toilette,52,85,0.0,85.0,4420.0,0.0,1,0,100.54
2023-03-04,Home Fragrance,58,45,0.0,45.0,2610.0,0.0,1,0,100.54
2023-03-04,Skincare Bundle,68,150,0.0,150.0,10200.0,500.0,1,0,100.54
2023-03-05,Eau de Parfum,43,120,0.0,120.0,5160.0,0.0,1,0,100.44
2023-03-05,Eau de Toilette,84,85,0.0,85.0,7140.0,,1,0,100.44
2023-03-05,Home Fragrance,33,45,0.0,45.0,1485.0,500.0,1,0,100.44
2023-03-05,Skincare Bundle,100,150,0.0,150.0,15000.0,1000.0,1,0,100.44
2023-03-06,Eau de Parfum,28,120,0.0,120.0,3360.0,0.0,0,0,100.34
2023-03-06,Eau de Toilette,48,85,0.0,85.0,4080.0,0.0,0,0,100.34
2023-03-06,Home Fragrance,54,45,0.0,45.0,2430.0,0.0,0,0,100.34
2023-03-06,Skincare Bundle,24,150,0.0,150.0,3600.0,0.0,0,0,100.34
2023-03-07,Eau de Parfum,47,120,0.0,120.0,5640.0,0.0,0,0,100.24
2023-03-07,Eau de Toilette,55,85,0.0,85.0,4675.0,0.0,0,0,100.24
2023-03-07,Home Fragrance,65,45,0.3,31.5,2047.5,0.0,0,0,100.24
2023-03-07,Skincare Bundle,74,150,0.0,150.0,11100.0,500.0,0,0,100.24
2023-03-08,Eau de Parfum,97,120,0.0,120.0,11640.0,1000.0,0,0,100.14
2023-03-08,Eau de Toilette,64,85,0.0,85.0,5440.0,1000.0,0,0,100.14
2023-03-08,Home Fragrance,62,45,0.0,45.0,2790.0,0.0,0,0,100.14
2023-03-08,Skincare Bundle,45,150,0.3,105.0,4725.0,500.0,0,0,100.14
2023-03-09,Eau de Parfum,49,120,0.0,120.0,5880.0,500.0,0,0,100.04
2023-03-09,Eau de Toilette,65,85,0.1,76.5,4972.5,0.0,0,0,100.04
2023-03-09,Home Fragrance,41,45,0.2,36.0,1476.0,0.0,0,0,100.04
2023-03-09,Skincare Bundle,84,150,0.0,150.0,12600.0,1000.0,0,0,100.04
2023-03-10,Eau de Parfum,58,120,0.0,120.0,6960.0,0.0,0,0,99.94
2023-03-10,Eau de Toilette,52,85,0.0,85.0,4420.0,0.0,0,0,99.94
2023-03-10,Home Fragrance,57,45,0.0,45.0,2565.0,0.0,0,0,99.94
2023-03-10,Skincare Bundle,52,150,0.0,150.0,7800.0,0.0,0,0,99.94
2023-03-11,Eau de Parfum,96,120,0.0,120.0,11520.0,1000.0,1,0,99.84
2023-03-11,Eau de Toilette,39,85,0.0,85.0,3315.0,0.0,1,0,99.84
2023-03-11,Home Fragrance,106,45,0.0,45.0,4770.0,0.0,1,0,99.84
2023-03-11,Skincare Bundle,72,150,0.1,135.0,9720.0,0.0,1,0,99.84
2023-03-12,Eau de Parfum,73,120,0.0,120.0,8760.0,2500.0,1,0,99.74
2023-03-12,Eau de Toilette,43,85,0.0,85.0,3655.0,0.0,1,0,99.74
2023-03-12,Home Fragrance,57,45,0.3,31.5,1795.5,500.0,1,0,99.74
2023-03-12,Skincare Bundle,75,150,0.2,120.0,9000.0,500.0,1,0,99.74
2023-03-13,Eau de Parfum,62,120,0.0,120.0,7440.0,0.0,0,0,99.64
2023-03-13,Eau de Toilette,72,85,0.0,85.0,6120.0,500.0,0,0,99.64
2023-03-13,Home Fragrance,46,45,0.0,45.0,2070.0,1000.0,0,0,99.64
2023-03-13,Skincare Bundle,35,150,0.1,135.0,4725.0,0.0,0,0,99.64
2023-03-14,Eau de Parfum,81,120,0.1,108.0,8748.0,,0,0,99.54
2023-03-14,Eau de Toilette,40,85,0.0,85.0,3400.0,0.0,0,0,99.54
2023-03-14,Home Fragrance,67,45,0.0,45.0,3015.0,500.0,0,0,99.54
2023-03-14,Skincare Bundle,72,150,0.0,150.0,10800.0,1000.0,0,0,99.54
2023-03-15,Eau de Parfum,69,120,0.0,120.0,8280.0,0.0,0,0,99.44
2023-03-15,Eau de Toilette,56,85,0.0,85.0,4760.0,500.0,0,0,99.44
2023-03-15,Home Fragrance,72,45,0.0,45.0,3240.0,0.0,0,0,99.44
2023-03-15,Skincare Bundle,86,150,0.0,150.0,12900.0,2500.0,0,0,99.44
2023-03-16,Eau de Parfum,45,120,0.2,96.0,4320.0,0.0,0,0,99.34
2023-03-16,Eau de Toilette,69,85,0.0,85.0,5865.0,0.0,0,0,99.34
2023-03-16,Home Fragrance,71,45,0.0,45.0,3195.0,500.0,0,0,99.34
2023-03-16,Skincare Bundle,58,150,0.1,135.0,7830.0,0.0,0,0,99.34
2023-03-17,Eau de Parfum,73,120,0.0,120.0,8760.0,1000.0,0,0,99.24
2023-03-17,Eau de Toilette,45,85,0.0,85.0,3825.0,0.0,0,0,99.24
2023-03-17,Home Fragrance,67,45,0.0,45.0,3015.0,1000.0,0,0,99.24
2023-03-17,Skincare Bundle,93,150,0.0,150.0,13950.0,500.0,0,0,99.24
2023-03-18,Eau de Parfum,51,120,0.1,108.0,5508.0,0.0,1,0,99.14
2023-03-18,Eau de Toilette,50,85,0.2,68.0,3400.0,500.0,1,0,99.14
2023-03-18,Home Fragrance,83,45,0.1,40.5,3361.5,0.0,1,0,99.14
2023-03-18,Skincare Bundle,72,150,0.0,150.0,10800.0,0.0,1,0,99.14
2023-03-19,Eau de Parfum,99,120,0.3,84.0,8316.0,0.0,1,0,99.04
2023-03-19,Eau de Toilette,90,85,0.0,85.0,7650.0,0.0,1,0,99.04
2023-03-19,Home Fragrance,50,45,0.0,45.0,2250.0,500.0,1,0,99.04
2023-03-19,Skincare Bundle,112,150,0.1,135.0,15120.0,0.0,1,0,99.04
2023-03-20,Eau de Parfum,40,120,0.0,120.0,4800.0,1000.0,0,0,98.95
2023-03-20,Eau de Toilette,67,85,0.0,85.0,5695.0,1000.0,0,0,98.95
2023-03-20,Home Fragrance,35,45,0.1,40.5,1417.5,0.0,0,0,98.95
2023-03-20,Skincare Bundle,76,150,0.1,135.0,10260.0,0.0,0,0,98.95
2023-03-21,Eau de Parfum,68,120,0.0,120.0,8160.0,0.0,0,0,98.85
2023-03-21,Eau de Toilette,44,85,0.2,68.0,2992.0,0.0,0,0,98.85
2023-03-21,Home Fragrance,46,45,0.0,45.0,2070.0,0.0,0,0,98.85
2023-03-21,Skincare Bundle,40,150,0.0,150.0,6000.0,0.0,0,0,98.85
2023-03-22,Eau de Parfum,35,120,0.0,120.0,4200.0,500.0,0,0,98.75
2023-03-22,Eau de Toilette,50,85,0.0,85.0,4250.0,500.0,0,0,98.75
2023-03-22,Home Fragrance,59,45,0.0,45.0,2655.0,0.0,0,0,98.75
2023-03-22,Skincare Bundle,83,150,0.1,135.0,11205.0,500.0,0,0,98.75
2023-03-23,Eau de Parfum,75,120,0.0,120.0,9000.0,1000.0,0,0,98.65
2023-03-23,Eau de Toilette,53,85,0.0,85.0,4505.0,0.0,0,0,98.65
2023-03-23,Home Fragrance,42,45,0.1,40.5,1701.0,0.0,0,0,98.65
2023-03-23,Skincare Bundle,60,150,0.0,150.0,9000.0,0.0,0,0,98.65
2023-03-24,Eau de Parfum,38,120,0.0,120.0,4560.0,0.0,0,0,98.55
2023-03-24,Eau de Toilette,54,85,0.0,85.0,4590.0,0.0,0,0,98.55
2023-03-24,Home Fragrance,65,45,0.0,45.0,2925.0,0.0,0,0,98.55
2023-03-24,Skincare Bundle,50,150,0.0,150.0,7500.0,0.0,0,0,98.55
2023-03-25,Eau de Parfum,60,120,0.3,84.0,5040.0,0.0,1,0,98.45
2023-03-25,Eau de Toilette,78,85,0.0,85.0,6630.0,0.0,1,0,98.45
2023-03-25,Home Fragrance,60,45,0.2,36.0,2160.0,1000.0,1,0,98.45
2023-03-25,Skincare Bundle,109,150,0.0,150.0,16350.0,0.0,1,0,98.45
2023-03-26,Eau de Parfum,64,120,0.0,120.0,7680.0,1000.0,1,0,98.35
2023-03-26,Eau de Toilette,35,85,0.0,85.0,2975.0,0.0,1,0,98.35
2023-03-26,Home Fragrance,81,45,0.0,45.0,3645.0,500.0,1,0,98.35
2023-03-26,Skincare Bundle,98,150,0.1,135.0,13230.0,0.0,1,0,98.35
2023-03-27,Eau de Parfum,37,120,0.1,108.0,3996.0,500.0,0,0,98.25
2023-03-27,Eau de Toilette,64,85,0.2,68.0,4352.0,1000.0,0,0,98.25
2023-03-27,Home Fragrance,19,45,0.0,45.0,855.0,0.0,0,0,98.25
2023-03-27,Skincare Bundle,68,150,0.2,120.0,8160.0,1000.0,0,0,98.25
2023-03-28,Eau de Parfum,39,120,0.0,120.0,4680.0,1000.0,0,0,98.15
2023-03-28,Eau de Toilette,57,85,0.0,85.0,4845.0,0.0,0,0,98.15
2023-03-28,Home Fragrance,58,45,0.0,45.0,2610.0,0.0,0,0,98.15
2023-03-28,Skincare Bundle,64,150,0.0,150.0,9600.0,1000.0,0,0,98.15
2023-03-29,Eau de Parfum,80,120,0.0,120.0,9600.0,1000.0,0,0,98.06
2023-03-29,Eau de Toilette,64,85,0.2,68.0,4352.0,500.0,0,0,98.06
2023-03-29,Home Fragrance,29,45,0.0,45.0,1305.0,0.0,0,0,98.06
2023-03-29,Skincare Bundle,67,150,0.0,150.0,10050.0,0.0,0,0,98.06
2023-03-30,Eau de Parfum,90,120,0.0,120.0,10800.0,0.0,0,0,97.96
2023-03-30,Eau de Toilette,68,85,0.0,85.0,5780.0,500.0,0,0,97.96
2023-03-30,Home Fragrance,57,45,0.0,45.0,2565.0,0.0,0,0,97.96
2023-03-30,Skincare Bundle,57,150,0.1,135.0,7695.0,0.0,0,0,97.96
2023-03-31,Eau de Parfum,111,120,0.2,96.0,10656.0,2500.0,0,0,97.86
2023-03-31,Eau de Toilette,39,85,0.0,85.0,3315.0,0.0,0,0,97.86
2023-03-31,Home Fragrance,62,45,0.1,40.5,2511.0,500.0,0,0,97.86
2023-03-31,Skincare Bundle,76,150,0.0,150.0,11400.0,0.0,0,0,97.86
2023-04-01,Eau de Parfum,99,120,0.0,120.0,11880.0,1000.0,1,0,97.76
2023-04-01,Eau de Toilette,28,85,0.0,85.0,2380.0,0.0,1,0,97.76
2023-04-01,Home Fragrance,76,45,0.0,45.0,3420.0,500.0,1,0,97.76
2023-04-01,Skincare Bundle,78,150,0.1,135.0,10530.0,0.0,1,0,97.76
2023-04-02,Eau de Parfum,37,120,0.0,120.0,4440.0,0.0,1,0,97.67
2023-04-02,Eau de Toilette,83,85,0.0,85.0,7055.0,0.0,1,0,97.67
2023-04-02,Home Fragrance,79,45,0.0,45.0,3555.0,500.0,1,0,97.67
2023-04-02,Skincare Bundle,88,150,0.0,150.0,13200.0,,1,0,97.67
2023-04-03,Eau de Parfum,49,120,0.2,96.0,4704.0,500.0,0,0,97.57
2023-04-03,Eau de Toilette,43,85,0.3,59.5,2558.5,0.0,0,0,97.57
2023-04-03,Home Fragrance,51,45,0.0,45.0,2295.0,500.0,0,0,97.57
2023-04-03,Skincare Bundle,40,150,0.1,135.0,5400.0,0.0,0,0,97.57
2023-04-04,Eau de Parfum,34,120,0.1,108.0,3672.0,0.0,0,0,97.47
2023-04-04,Eau de Toilette,65,85,0.0,85.0,5525.0,0.0,0,0,97.47
2023-04-04,Home Fragrance,40,45,0.0,45.0,1800.0,0.0,0,0,97.47
2023-04-04,Skincare Bundle,22,150,0.0,150.0,3300.0,0.0,0,0,97.47
2023-04-05,Eau de Parfum,46,120,0.0,120.0,5520.0,1000.0,0,0,97.37
2023-04-05,Eau de Toilette,41,85,0.3,59.5,2439.5,,0,0,97.37
2023-04-05,Home Fragrance,40,45,0.0,45.0,1800.0,0.0,0,0,97.37
2023-04-05,Skincare Bundle,58,150,0.1,135.0,7830.0,0.0,0,0,97.37
2023-04-06,Eau de Parfum,55,120,0.1,108.0,5940.0,0.0,0,0,97.28
2023-04-06,Eau de Toilette,43,85,0.2,68.0,2924.0,500.0,0,0,97.28
2023-04-06,Home Fragrance,0,45,0.0,45.0,0.0,0.0,0,0,97.28
2023-04-06,Skincare Bundle,46,150,0.0,150.0,6900.0,0.0,0,0,97.28
2023-04-07,Eau de Parfum,42,120,0.2,96.0,4032.0,0.0,0,0,97.18
2023-04-07,Eau de Toilette,58,85,0.1,76.5,4437.0,0.0,0,0,97.18
2023-04-07,Home Fragrance,45,45,0.0,45.0,2025.0,0.0,0,0,97.18
2023-04-07,Skincare Bundle,44,150,0.0,150.0,6600.0,0.0,0,0,97.18
2023-04-08,Eau de Parfum,114,120,0.0,120.0,13680.0,1000.0,1,0,97.09
2023-04-08,Eau de Toilette,63,85,0.1,76.5,4819.5,0.0,1,0,97.09
2023-04-08,Home Fragrance,60,45,0.0,45.0,2700.0,0.0,1,0,97.09
2023-04-08,Skincare Bundle,78,150,0.3,105.0,8190.0,0.0,1,0,97.09
2023-04-09,Eau de Parfum,57,120,0.0,120.0,6840.0,0.0,1,0,96.99
2023-04-09,Eau de Toilette,86,85,0.0,85.0,7310.0,0.0,1,0,96.99
2023-04-09,Home Fragrance,68,45,0.0,45.0,3060.0,0.0,1,0,96.99
2023-04-09,Skincare Bundle,74,150,0.1,135.0,9990.0,500.0,1,0,96.99
2023-04-10,Eau de Parfum,80,120,0.0,120.0,9600.0,500.0,0,0,96.9
2023-04-10,Eau de Toilette,55,85,0.0,85.0,4675.0,0.0,0,0,96.9
2023-04-10,Home Fragrance,28,45,0.1,40.5,1134.0,0.0,0,0,96.9
2023-04-10,Skincare Bundle,65,150,0.0,150.0,9750.0,0.0,0,0,96.9
2023-04-11,Eau de Parfum,54,120,0.0,120.0,6480.0,,0,0,96.8
2023-04-11,Eau de Toilette,20,85,0.0,85.0,1700.0,0.0,0,0,96.8
2023-04-11,Home Fragrance,60,45,0.0,45.0,2700.0,0.0,0,0,96.8
2023-04-11,Skincare Bundle,101,150,0.0,150.0,15150.0,2500.0,0,0,96.8
2023-04-12,Eau de Parfum,85,120,0.0,120.0,10200.0,1000.0,0,0,96.71
2023-04-12,Eau de Toilette,41,85,0.0,85.0,3485.0,0.0,0,0,96.71
2023-04-12,Home Fragrance,44,45,0.0,45.0,1980.0,0.0,0,0,96.71
2023-04-12,Skincare Bundle,43,150,0.2,120.0,5160.0,0.0,0,0,96.71
2023-04-13,Eau de Parfum,72,120,0.1,108.0,7776.0,500.0,0,0,96.61
2023-04-13,Eau de Toilette,33,85,0.0,85.0,2805.0,500.0,0,0,96.61
2023-04-13,Home Fragrance,43,45,0.0,45.0,1935.0,0.0,0,0,96.61
2023-04-13,Skincare Bundle,39,150,0.0,150.0,5850.0,,0,0,96.61
2023-04-14,Eau de Parfum,37,120,0.2,96.0,3552.0,500.0,0,0,96.52
2023-04-14,Eau de Toilette,38,85,0.0,85.0,3230.0,0.0,0,0,96.52
2023-04-14,Home Fragrance,32,45,0.0,45.0,1440.0,0.0,0,0,96.52
2023-04-14,Skincare Bundle,65,150,0.0,150.0,9750.0,1000.0,0,0,96.52
2023-04-15,Eau de Parfum,93,120,0.0,120.0,11160.0,0.0,1,0,96.42
2023-04-15,Eau de Toilette,99,85,0.0,85.0,8415.0,0.0,1,0,96.42
2023-04-15,Home Fragrance,97,45,0.0,45.0,4365.0,0.0,1,0,96.42
2023-04-15,Skincare Bundle,75,150,0.0,150.0,11250.0,,1,0,96.42
2023-04-16,Eau de Parfum,78,120,0.2,96.0,7488.0,500.0,1,0,96.33
2023-04-16,Eau de Toilette,67,85,0.0,85.0,5695.0,0.0,1,0,96.33
2023-04-16,Home Fragrance,58,45,0.0,45.0,2610.0,0.0,1,0,96.33
2023-04-16,Skincare Bundle,66,150,0.2,120.0,7920.0,0.0,1,0,96.33
2023-04-17,Eau de Parfum,50,120,0.1,108.0,5400.0,0.0,0,0,96.24
2023-04-17,Eau de Toilette,75,85,0.0,85.0,6375.0,500.0,0,0,96.24
2023-04-17,Home Fragrance,52,45,0.1,40.5,2106.0,1000.0,0,0,96.24
2023-04-17,Skincare Bundle,47,150,0.0,150.0,7050.0,0.0,0,0,96.24
2023-04-18,Eau de Parfum,54,120,0.0,120.0,6480.0,0.0,0,0,96.15
2023-04-18,Eau de Toilette,44,85,0.2,68.0,2992.0,0.0,0,0,96.15
2023-04-18,Home Fragrance,61,45,0.0,45.0,2745.0,1000.0,0,0,96.15
2023-04-18,Skincare Bundle,35,150,0.0,150.0,5250.0,500.0,0,0,96.15
2023-04-19,Eau de Parfum,55,120,0.0,120.0,6600.0,0.0,0,0,96.05
2023-04-19,Eau de Toilette,78,85,0.0,85.0,6630.0,0.0,0,0,96.05
2023-04-19,Home Fragrance,30,45,0.0,45.0,1350.0,0.0,0,0,96.05
2023-04-19,Skincare Bundle,77,150,0.0,150.0,11550.0,1000.0,0,0,96.05
2023-04-20,Eau de Parfum,53,120,0.0,120.0,6360.0,0.0,0,0,95.96
2023-04-20,Eau de Toilette,40,85,0.0,85.0,3400.0,0.0,0,0,95.96
2023-04-20,Home Fragrance,62,45,0.0,45.0,2790.0,0.0,0,0,95.96
2023-04-20,Skincare Bundle,62,150,0.1,135.0,8370.0,500.0,0,0,95.96
2023-04-21,Eau de Parfum,43,120,0.0,120.0,5160.0,0.0,0,0,95.87
2023-04-21,Eau de Toilette,94,85,0.0,85.0,7990.0,2500.0,0,0,95.87
2023-04-21,Home Fragrance,73,45,0.0,45.0,3285.0,1000.0,0,0,95.87
2023-04-21,Skincare Bundle,44,150,0.0,150.0,6600.0,0.0,0,0,95.87
2023-04-22,Eau de Parfum,57,120,0.0,120.0,6840.0,0.0,1,0,95.78
2023-04-22,Eau de Toilette,69,85,0.1,76.5,5278.5,0.0,1,0,95.78
2023-04-22,Home Fragrance,66,45,0.0,45.0,2970.0,1000.0,1,0,95.78
2023-04-22,Skincare Bundle,58,150,0.0,150.0,8700.0,,1,0,95.78
2023-04-23,Eau de Parfum,30,120,0.1,108.0,3240.0,0.0,1,0,95.69
2023-04-23,Eau de Toilette,41,85,0.2,68.0,2788.0,0.0,1,0,95.69
2023-04-23,Home Fragrance,86,45,0.0,45.0,3870.0,0.0,1,0,95.69
2023-04-23,Skincare Bundle,61,150,0.1,135.0,8235.0,0.0,1,0,95.69
2023-04-24,Eau de Parfum,31,120,0.0,120.0,3720.0,0.0,0,0,95.6
2023-04-24,Eau de Toilette,43,85,0.0,85.0,3655.0,0.0,0,0,95.6
2023-04-24,Home Fragrance,20,45,0.0,45.0,900.0,0.0,0,0,95.6
2023-04-24,Skincare Bundle,82,150,0.0,150.0,12300.0,0.0,0,0,95.6
2023-04-25,Eau de Parfum,65,120,0.0,120.0,7800.0,1000.0,0,0,95.51
2023-04-25,Eau de Toilette,67,85,0.0,85.0,5695.0,1000.0,0,0,95.51
2023-04-25,Home Fragrance,24,45,0.0,45.0,1080.0,500.0,0,0,95.51
2023-04-25,Skincare Bundle,26,150,0.0,150.0,3900.0,0.0,0,0,95.51
2023-04-26,Eau de Parfum,65,120,0.0,120.0,7800.0,0.0,0,0,95.42
2023-04-26,Eau de Toilette,59,85,0.0,85.0,5015.0,1000.0,0,0,95.42
2023-04-26,Home Fragrance,63,45,0.0,45.0,2835.0,0.0,0,0,95.42
2023-04-26,Skincare Bundle,45,150,0.0,150.0,6750.0,500.0,0,0,95.42
2023-04-27,Eau de Parfum,21,120,0.0,120.0,2520.0,0.0,0,0,95.33
2023-04-27,Eau de Toilette,44,85,0.1,76.5,3366.0,500.0,0,0,95.33
2023-04-27,Home Fragrance,72,45,0.0,45.0,3240.0,500.0,0,0,95.33
2023-04-27,Skincare Bundle,48,150,0.2,120.0,5760.0,0.0,0,0,95.33
2023-04-28,Eau de Parfum,52,120,0.1,108.0,5616.0,0.0,0,0,95.24
2023-04-28,Eau de Toilette,53,85,0.0,85.0,4505.0,0.0,0,0,95.24
2023-04-28,Home Fragrance,62,45,0.0,45.0,2790.0,0.0,0,0,95.24
2023-04-28,Skincare Bundle,44,150,0.0,150.0,6600.0,0.0,0,0,95.24
2023-04-29,Eau de Parfum,64,120,0.0,120.0,7680.0,0.0,1,0,95.16
2023-04-29,Eau de Toilette,49,85,0.0,85.0,4165.0,0.0,1,0,95.16
2023-04-29,Home Fragrance,64,45,0.0,45.0,2880.0,0.0,1,0,95.16
2023-04-29,Skincare Bundle,95,150,0.0,150.0,14250.0,2500.0,1,0,95.16
2023-04-30,Eau de Parfum,28,120,0.1,108.0,3024.0,0.0,1,0,95.07
2023-04-30,Eau de Toilette,113,85,0.0,85.0,9605.0,2500.0,1,0,95.07
2023-04-30,Home Fragrance,98,45,0.0,45.0,4410.0,0.0,1,0,95.07
2023-04-30,Skincare Bundle,72,150,0.0,150.0,10800.0,1000.0,1,0,95.07
2023-05-01,Eau de Parfum,61,120,0.1,108.0,6588.0,0.0,0,0,94.98
2023-05-01,Eau de Toilette,67,85,0.0,85.0,5695.0,0.0,0,0,94.98
2023-05-01,Home Fragrance,33,45,0.0,45.0,1485.0,0.0,0,0,94.98
2023-05-01,Skincare Bundle,67,150,0.1,135.0,9045.0,0.0,0,0,94.98
2023-05-02,Eau de Parfum,92,120,0.0,120.0,11040.0,2500.0,0,0,94.9
2023-05-02,Eau de Toilette,111,85,0.0,85.0,9435.0,500.0,0,0,94.9
2023-05-02,Home Fragrance,39,45,0.0,45.0,1755.0,0.0,0,0,94.9
2023-05-02,Skincare Bundle,40,150,0.0,150.0,6000.0,500.0,0,0,94.9
2023-05-03,Eau de Parfum,47,120,0.0,120.0,5640.0,0.0,0,0,94.81
2023-05-03,Eau de Toilette,82,85,0.0,85.0,6970.0,2500.0,0,0,94.81
2023-05-03,Home Fragrance,51,45,0.0,45.0,2295.0,0.0,0,0,94.81
2023-05-03,Skincare Bundle,39,150,0.2,120.0,4680.0,0.0,0,0,94.81
2023-05-04,Eau de Parfum,45,120,0.0,120.0,5400.0,500.0,0,0,94.72
2023-05-04,Eau de Toilette,154,85,0.1,76.5,11781.0,500.0,0,0,94.72
2023-05-04,Home Fragrance,39,45,0.0,45.0,1755.0,0.0,0,0,94.72
2023-05-04,Skincare Bundle,46,150,0.0,150.0,6900.0,0.0,0,0,94.72
2023-05-05,Eau de Parfum,32,120,0.0,120.0,3840.0,0.0,0,0,94.64
2023-05-05,Eau de Toilette,52,85,0.3,59.5,3094.0,0.0,0,0,94.64
2023-05-05,Home Fragrance,68,45,0.0,45.0,3060.0,0.0,0,0,94.64
2023-05-05,Skincare Bundle,65,150,0.0,150.0,9750.0,2500.0,0,0,94.64
2023-05-06,Eau de Parfum,69,120,0.0,120.0,8280.0,0.0,1,0,94.56
2023-05-06,Eau de Toilette,78,85,0.3,59.5,4641.0,0.0,1,0,94.56
2023-05-06,Home Fragrance,81,45,0.0,45.0,3645.0,0.0,1,0,94.56
2023-05-06,Skincare Bundle,66,150,0.0,150.0,9900.0,500.0,1,0,94.56
2023-05-07,Eau de Parfum,97,120,0.0,120.0,11640.0,500.0,1,0,94.47
2023-05-07,Eau de Toilette,58,85,0.0,85.0,4930.0,0.0,1,0,94.47
2023-05-07,Home Fragrance,95,45,0.0,45.0,4275.0,1000.0,1,0,94.47
2023-05-07,Skincare Bundle,72,150,0.0,150.0,10800.0,0.0,1,0,94.47
2023-05-08,Eau de Parfum,125,120,0.0,120.0,15000.0,2500.0,0,0,94.39
2023-05-08,Eau de Toilette,133,85,0.0,85.0,11305.0,500.0,0,0,94.39
2023-05-08,Home Fragrance,53,45,0.0,45.0,2385.0,0.0,0,0,94.39
2023-05-08,Skincare Bundle,65,150,0.2,120.0,7800.0,0.0,0,0,94.39
2023-05-09,Eau de Parfum,52,120,0.0,120.0,6240.0,500.0,0,0,94.31
2023-05-09,Eau de Toilette,148,85,0.0,85.0,12580.0,2500.0,0,0,94.31
2023-05-09,Home Fragrance,39,45,0.3,31.5,1228.5,0.0,0,0,94.31
2023-05-09,Skincare Bundle,57,150,0.2,120.0,6840.0,0.0,0,0,94.31
2023-05-10,Eau de Parfum,37,120,0.0,120.0,4440.0,500.0,0,0,94.22
2023-05-10,Eau de Toilette,65,85,0.0,85.0,5525.0,500.0,0,0,94.22
2023-05-10,Home Fragrance,53,45,0.2,36.0,1908.0,0.0,0,0,94.22
2023-05-10,Skincare Bundle,65,150,0.0,150.0,9750.0,0.0,0,0,94.22
2023-05-11,Eau de Parfum,58,120,0.2,96.0,5568.0,0.0,0,0,94.14
2023-05-11,Eau de Toilette,23,85,0.1,76.5,1759.5,0.0,0,0,94.14
2023-05-11,Home Fragrance,56,45,0.0,45.0,2520.0,0.0,0,0,94.14
2023-05-11,Skincare Bundle,73,150,0.1,135.0,9855.0,0.0,0,0,94.14
2023-05-12,Eau de Parfum,54,120,0.0,120.0,6480.0,500.0,0,0,94.06
2023-05-12,Eau de Toilette,89,85,0.0,85.0,7565.0,1000.0,0,0,94.06
2023-05-12,Home Fragrance,45,45,0.0,45.0,2025.0,0.0,0,0,94.06
2023-05-12,Skincare Bundle,36,150,0.0,150.0,5400.0,0.0,0,0,94.06
2023-05-13,Eau de Parfum,65,120,0.2,96.0,6240.0,0.0,1,0,93.98
2023-05-13,Eau de Toilette,77,85,0.0,85.0,6545.0,0.0,1,0,93.98
2023-05-13,Home Fragrance,93,45,0.3,31.5,2929.5,0.0,1,0,93.98
2023-05-13,Skincare Bundle,80,150,0.0,150.0,12000.0,500.0,1,0,93.98
2023-05-14,Eau de Parfum,57,120,0.0,120.0,6840.0,0.0,1,0,93.9
2023-05-14,Eau de Toilette,114,85,0.0,85.0,9690.0,0.0,1,0,93.9
2023-05-14,Home Fragrance,61,45,0.1,40.5,2470.5,0.0,1,0,93.9
2023-05-14,Skincare Bundle,77,150,0.0,150.0,11550.0,0.0,1,0,93.9
2023-05-15,Eau de Parfum,57,120,0.1,108.0,6156.0,0.0,0,0,93.82
2023-05-15,Eau de Toilette,69,85,0.3,59.5,4105.5,500.0,0,0,93.82
2023-05-15,Home Fragrance,44,45,0.2,36.0,1584.0,0.0,0,0,93.82
2023-05-15,Skincare Bundle,48,150,0.0,150.0,7200.0,500.0,0,0,93.82
2023-05-16,Eau de Parfum,54,120,0.0,120.0,6480.0,0.0,0,0,93.75
2023-05-16,Eau de Toilette,68,85,0.0,85.0,5780.0,500.0,0,0,93.75
2023-05-16,Home Fragrance,59,45,0.2,36.0,2124.0,,0,0,93.75
2023-05-16,Skincare Bundle,43,150,0.0,150.0,6450.0,0.0,0,0,93.75
2023-05-17,Eau de Parfum,49,120,0.2,96.0,4704.0,,0,0,93.67
2023-05-17,Eau de Toilette,85,85,0.0,85.0,7225.0,0.0,0,0,93.67
2023-05-17,Home Fragrance,43,45,0.0,45.0,1935.0,0.0,0,0,93.67
2023-05-17,Skincare Bundle,50,150,0.0,150.0,7500.0,0.0,0,0,93.67
2023-05-18,Eau de Parfum,49,120,0.0,120.0,5880.0,0.0,0,0,93.59
2023-05-18,Eau de Toilette,105,85,0.0,85.0,8925.0,500.0,0,0,93.59
2023-05-18,Home Fragrance,32,45,0.0,45.0,1440.0,0.0,0,0,93.59
2023-05-18,Skincare Bundle,62,150,0.0,150.0,9300.0,0.0,0,0,93.59
2023-05-19,Eau de Parfum,43,120,0.0,120.0,5160.0,0.0,0,0,93.51
2023-05-19,Eau de Toilette,69,85,0.3,59.5,4105.5,1000.0,0,0,93.51
2023-05-19,Home Fragrance,50,45,0.0,45.0,2250.0,0.0,0,0,93.51
2023-05-19,Skincare Bundle,27,150,0.0,150.0,4050.0,1000.0,0,0,93.51
2023-05-20,Eau de Parfum,84,120,0.0,120.0,10080.0,1000.0,1,0,93.44
2023-05-20,Eau de Toilette,106,85,0.0,85.0,9010.0,0.0,1,0,93.44
2023-05-20,Home Fragrance,68,45,0.0,45.0,3060.0,0.0,1,0,93.44
2023-05-20,Skincare Bundle,46,150,0.0,150.0,6900.0,0.0,1,0,93.44
2023-05-21,Eau de Parfum,59,120,0.0,120.0,7080.0,1000.0,1,0,93.36
2023-05-21,Eau de Toilette,69,85,0.0,85.0,5865.0,0.0,1,0,93.36
2023-05-21,Home Fragrance,84,45,0.0,45.0,3780.0,0.0,1,0,93.36
2023-05-21,Skincare Bundle,103,150,0.0,150.0,15450.0,0.0,1,0,93.36
2023-05-22,Eau de Parfum,54,120,0.0,120.0,6480.0,0.0,0,0,93.29
2023-05-22,Eau de Toilette,106,85,0.1,76.5,8109.0,1000.0,0,0,93.29
2023-05-22,Home Fragrance,49,45,0.2,36.0,1764.0,0.0,0,0,93.29
2023-05-22,Skincare Bundle,29,150,0.0,150.0,4350.0,0.0,0,0,93.29
2023-05-23,Eau de Parfum,64,120,0.3,84.0,5376.0,0.0,0,0,93.22
2023-05-23,Eau de Toilette,34,85,0.0,85.0,2890.0,0.0,0,0,93.22
2023-05-23,Home Fragrance,31,45,0.0,45.0,1395.0,0.0,0,0,93.22
2023-05-23,Skincare Bundle,63,150,0.2,120.0,7560.0,0.0,0,0,93.22
2023-05-24,Eau de Parfum,52,120,0.1,108.0,5616.0,0.0,0,0,93.14
2023-05-24,Eau de Toilette,88,85,0.0,85.0,7480.0,0.0,0,0,93.14
2023-05-24,Home Fragrance,62,45,0.0,45.0,2790.0,0.0,0,0,93.14
2023-05-24,Skincare Bundle,66,150,0.0,150.0,9900.0,1000.0,0,0,93.14
2023-05-25,Eau de Parfum,72,120,0.0,120.0,8640.0,0.0,0,0,93.07
2023-05-25,Eau de Toilette,68,85,0.2,68.0,4624.0,0.0,0,0,93.07
2023-05-25,Home Fragrance,63,45,0.0,45.0,2835.0,0.0,0,0,93.07
2023-05-25,Skincare Bundle,43,150,0.0,150.0,6450.0,0.0,0,0,93.07
2023-05-26,Eau de Parfum,51,120,0.0,120.0,6120.0,0.0,0,0,93.0
2023-05-26,Eau de Toilette,79,85,0.0,85.0,6715.0,0.0,0,0,93.0
2023-05-26,Home Fragrance,41,45,0.0,45.0,1845.0,500.0,0,0,93.0
2023-05-26,Skincare Bundle,38,150,0.0,150.0,5700.0,0.0,0,0,93.0
2023-05-27,Eau de Parfum,112,120,0.0,120.0,13440.0,1000.0,1,0,92.93
2023-05-27,Eau de Toilette,76,85,0.0,85.0,6460.0,500.0,1,0,92.93
2023-05-27,Home Fragrance,43,45,0.1,40.5,1741.5,0.0,1,0,92.93
2023-05-27,Skincare Bundle,110,150,0.3,105.0,11550.0,0.0,1,0,92.93
2023-05-28,Eau de Parfum,45,120,0.0,120.0,5400.0,0.0,1,0,92.86
2023-05-28,Eau de Toilette,55,85,0.1,76.5,4207.5,500.0,1,0,92.86
2023-05-28,Home Fragrance,66,45,0.0,45.0,2970.0,500.0,1,0,92.86
2023-05-28,Skincare Bundle,81,150,0.0,150.0,12150.0,0.0,1,0,92.86
2023-05-29,Eau de Parfum,80,120,0.1,108.0,8640.0,0.0,0,0,92.79
2023-05-29,Eau de Toilette,61,85,0.0,85.0,5185.0,500.0,0,0,92.79
2023-05-29,Home Fragrance,56,45,0.0,45.0,2520.0,500.0,0,0,92.79
2023-05-29,Skincare Bundle,46,150,0.2,120.0,5520.0,0.0,0,0,92.79
2023-05-30,Eau de Parfum,77,120,0.0,120.0,9240.0,0.0,0,0,92.72
2023-05-30,Eau de Toilette,78,85,0.2,68.0,5304.0,0.0,0,0,92.72
2023-05-30,Home Fragrance,30,45,0.0,45.0,1350.0,500.0,0,0,92.72
2023-05-30,Skincare Bundle,17,150,0.0,150.0,2550.0,0.0,0,0,92.72
2023-05-31,Eau de Parfum,40,120,0.0,120.0,4800.0,0.0,0,0,92.65
2023-05-31,Eau de Toilette,65,85,0.1,76.5,4972.5,0.0,0,0,92.65
2023-05-31,Home Fragrance,27,45,0.0,45.0,1215.0,0.0,0,0,92.65
2023-05-31,Skincare Bundle,26,150,0.3,105.0,2730.0,1000.0,0,0,92.65
2023-06-01,Eau de Parfum,45,120,0.0,120.0,5400.0,500.0,0,0,92.58
2023-06-01,Eau de Toilette,108,85,0.3,59.5,6426.0,0.0,0,0,92.58
2023-06-01,Home Fragrance,64,45,0.0,45.0,2880.0,0.0,0,0,92.58
2023-06-01,Skincare Bundle,48,150,0.3,105.0,5040.0,0.0,0,0,92.58
2023-06-02,Eau de Parfum,67,120,0.0,120.0,8040.0,0.0,0,0,92.52
2023-06-02,Eau de Toilette,52,85,0.1,76.5,3978.0,0.0,0,0,92.52
2023-06-02,Home Fragrance,36,45,0.0,45.0,1620.0,500.0,0,0,92.52
2023-06-02,Skincare Bundle,59,150,0.1,135.0,7965.0,2500.0,0,0,92.52
2023-06-03,Eau de Parfum,66,120,0.0,120.0,7920.0,0.0,1,0,92.45
2023-06-03,Eau de Toilette,111,85,0.2,68.0,7548.0,2500.0,1,0,92.45
2023-06-03,Home Fragrance,82,45,0.0,45.0,3690.0,0.0,1,0,92.45
2023-06-03,Skincare Bundle,83,150,0.0,150.0,12450.0,0.0,1,0,92.45
2023-06-04,Eau de Parfum,38,120,0.0,120.0,4560.0,0.0,1,0,92.38
2023-06-04,Eau de Toilette,86,85,0.0,85.0,7310.0,0.0,1,0,92.38
2023-06-04,Home Fragrance,62,45,0.0,45.0,2790.0,0.0,1,0,92.38
2023-06-04,Skincare Bundle,67,150,0.0,150.0,10050.0,1000.0,1,0,92.38
2023-06-05,Eau de Parfum,58,120,0.0,120.0,6960.0,500.0,0,0,92.32
2023-06-05,Eau de Toilette,152,85,0.1,76.5,11628.0,1000.0,0,0,92.32
2023-06-05,Home Fragrance,29,45,0.0,45.0,1305.0,0.0,0,0,92.32
2023-06-05,Skincare Bundle,49,150,0.1,135.0,6615.0,0.0,0,0,92.32
2023-06-06,Eau de Parfum,62,120,0.0,120.0,7440.0,0.0,0,0,92.26
2023-06-06,Eau de Toilette,48,85,0.1,76.5,3672.0,500.0,0,0,92.26
2023-06-06,Home Fragrance,51,45,0.1,40.5,2065.5,0.0,0,0,92.26
2023-06-06,Skincare Bundle,45,150,0.0,150.0,6750.0,0.0,0,0,92.26
2023-06-07,Eau de Parfum,62,120,0.0,120.0,7440.0,0.0,0,0,92.19
2023-06-07,Eau de Toilette,80,85,0.2,68.0,5440.0,0.0,0,0,92.19
2023-06-07,Home Fragrance,65,45,0.0,45.0,2925.0,0.0,0,0,92.19
2023-06-07,Skincare Bundle,54,150,0.0,150.0,8100.0,0.0,0,0,92.19
2023-06-08,Eau de Parfum,59,120,0.2,96.0,5664.0,0.0,0,0,92.13
2023-06-08,Eau de Toilette,92,85,0.0,85.0,7820.0,0.0,0,0,92.13
2023-06-08,Home Fragrance,71,45,0.0,45.0,3195.0,1000.0,0,0,92.13
2023-06-08,Skincare Bundle,37,150,0.0,150.0,5550.0,0.0,0,0,92.13
2023-06-09,Eau de Parfum,50,120,0.2,96.0,4800.0,0.0,0,0,92.07
2023-06-09,Eau de Toilette,88,85,0.1,76.5,6732.0,500.0,0,0,92.07
2023-06-09,Home Fragrance,68,45,0.0,45.0,3060.0,500.0,0,0,92.07
2023-06-09,Skincare Bundle,41,150,0.3,105.0,4305.0,0.0,0,0,92.07
2023-06-10,Eau de Parfum,80,120,0.3,84.0,6720.0,0.0,1,0,92.01
2023-06-10,Eau de Toilette,83,85,0.0,85.0,7055.0,0.0,1,0,92.01
2023-06-10,Home Fragrance,158,45,0.0,45.0,7110.0,2500.0,1,0,92.01
2023-06-10,Skincare Bundle,80,150,0.0,150.0,12000.0,0.0,1,0,92.01
2023-06-11,Eau de Parfum,95,120,0.0,120.0,11400.0,1000.0,1,0,91.95
2023-06-11,Eau de Toilette,50,85,0.1,76.5,3825.0,500.0,1,0,91.95
2023-06-11,Home Fragrance,54,45,0.0,45.0,2430.0,0.0,1,0,91.95
2023-06-11,Skincare Bundle,26,150,0.0,150.0,3900.0,0.0,1,0,91.95
2023-06-12,Eau de Parfum,61,120,0.0,120.0,7320.0,500.0,0,0,91.89
2023-06-12,Eau de Toilette,132,85,0.0,85.0,11220.0,500.0,0,0,91.89
2023-06-12,Home Fragrance,83,45,0.0,45.0,3735.0,500.0,0,0,91.89
2023-06-12,Skincare Bundle,87,150,0.0,150.0,13050.0,500.0,0,0,91.89
2023-06-13,Eau de Parfum,88,120,0.0,120.0,10560.0,1000.0,0,0,91.83
2023-06-13,Eau de Toilette,74,85,0.0,85.0,6290.0,0.0,0,0,91.83
2023-06-13,Home Fragrance,67,45,0.0,45.0,3015.0,0.0,0,0,91.83
2023-06-13,Skincare Bundle,105,150,0.0,150.0,15750.0,2500.0,0,0,91.83
2023-06-14,Eau de Parfum,63,120,0.0,120.0,7560.0,1000.0,0,0,91.78
2023-06-14,Eau de Toilette,56,85,0.0,85.0,4760.0,0.0,0,0,91.78
2023-06-14,Home Fragrance,25,45,0.0,45.0,1125.0,0.0,0,0,91.78
2023-06-14,Skincare Bundle,92,150,0.0,150.0,13800.0,2500.0,0,0,91.78
2023-06-15,Eau de Parfum,58,120,0.0,120.0,6960.0,500.0,0,0,91.72
2023-06-15,Eau de Toilette,89,85,0.2,68.0,6052.0,1000.0,0,0,91.72
2023-06-15,Home Fragrance,53,45,0.0,45.0,2385.0,500.0,0,0,91.72
2023-06-15,Skincare Bundle,51,150,0.0,150.0,7650.0,0.0,0,0,91.72
2023-06-16,Eau de Parfum,71,120,0.2,96.0,6816.0,0.0,0,0,91.66
2023-06-16,Eau de Toilette,44,85,0.0,85.0,3740.0,0.0,0,0,91.66
2023-06-16,Home Fragrance,50,45,0.0,45.0,2250.0,0.0,0,0,91.66
2023-06-16,Skincare Bundle,47,150,0.0,150.0,7050.0,500.0,0,0,91.66
2023-06-17,Eau de Parfum,80,120,0.0,120.0,9600.0,0.0,1,0,91.61
2023-06-17,Eau de Toilette,171,85,0.3,59.5,10174.5,,1,0,91.61
2023-06-17,Home Fragrance,42,45,0.1,40.5,1701.0,0.0,1,0,91.61
2023-06-17,Skincare Bundle,64,150,0.2,120.0,7680.0,0.0,1,0,91.61
2023-06-18,Eau de Parfum,87,120,0.0,120.0,10440.0,1000.0,1,0,91.55
2023-06-18,Eau de Toilette,80,85,0.1,76.5,6120.0,1000.0,1,0,91.55
2023-06-18,Home Fragrance,96,45,0.0,45.0,4320.0,1000.0,1,0,91.55
2023-06-18,Skincare Bundle,109,150,0.0,150.0,16350.0,,1,0,91.55
2023-06-19,Eau de Parfum,38,120,0.0,120.0,4560.0,0.0,0,0,91.5
2023-06-19,Eau de Toilette,88,85,0.0,85.0,7480.0,0.0,0,0,91.5
2023-06-19,Home Fragrance,69,45,0.0,45.0,3105.0,1000.0,0,0,91.5
2023-06-19,Skincare Bundle,66,150,0.0,150.0,9900.0,1000.0,0,0,91.5
2023-06-20,Eau de Parfum,50,120,0.0,120.0,6000.0,2500.0,0,0,91.45
2023-06-20,Eau de Toilette,89,85,0.3,59.5,5295.5,1000.0,0,0,91.45
2023-06-20,Home Fragrance,44,45,0.0,45.0,1980.0,0.0,0,0,91.45
2023-06-20,Skincare Bundle,40,150,0.0,150.0,6000.0,1000.0,0,0,91.45
2023-06-21,Eau de Parfum,32,120,0.1,108.0,3456.0,0.0,0,0,91.4
2023-06-21,Eau de Toilette,72,85,0.0,85.0,6120.0,0.0,0,0,91.4
2023-06-21,Home Fragrance,78,45,0.0,45.0,3510.0,500.0,0,0,91.4
2023-06-21,Skincare Bundle,64,150,0.0,150.0,9600.0,0.0,0,0,91.4
2023-06-22,Eau de Parfum,71,120,0.0,120.0,8520.0,0.0,0,0,91.35
2023-06-22,Eau de Toilette,135,85,0.1,76.5,10327.5,500.0,0,0,91.35
2023-06-22,Home Fragrance,57,45,0.2,36.0,2052.0,500.0,0,0,91.35
2023-06-22,Skincare Bundle,24,150,0.0,150.0,3600.0,1000.0,0,0,91.35
2023-06-23,Eau de Parfum,36,120,0.1,108.0,3888.0,0.0,0,0,91.3
2023-06-23,Eau de Toilette,73,85,0.0,85.0,6205.0,0.0,0,0,91.3
2023-06-23,Home Fragrance,37,45,0.2,36.0,1332.0,0.0,0,0,91.3
2023-06-23,Skincare Bundle,52,150,0.1,135.0,7020.0,500.0,0,0,91.3
2023-06-24,Eau de Parfum,96,120,0.0,120.0,11520.0,500.0,1,0,91.25
2023-06-24,Eau de Toilette,86,85,0.0,85.0,7310.0,0.0,1,0,91.25
2023-06-24,Home Fragrance,69,45,0.0,45.0,3105.0,0.0,1,0,91.25
2023-06-24,Skincare Bundle,53,150,0.2,120.0,6360.0,0.0,1,0,91.25
2023-06-25,Eau de Parfum,60,120,0.1,108.0,6480.0,0.0,1,0,91.2
2023-06-25,Eau de Toilette,73,85,0.0,85.0,6205.0,1000.0,1,0,91.2
2023-06-25,Home Fragrance,62,45,0.0,45.0,2790.0,1000.0,1,0,91.2
2023-06-25,Skincare Bundle,56,150,0.0,150.0,8400.0,500.0,1,0,91.2
2023-06-26,Eau de Parfum,43,120,0.1,108.0,4644.0,0.0,0,0,91.15
2023-06-26,Eau de Toilette,74,85,0.0,85.0,6290.0,0.0,0,0,91.15
2023-06-26,Home Fragrance,58,45,0.0,45.0,2610.0,500.0,0,0,91.15
2023-06-26,Skincare Bundle,41,150,0.0,150.0,6150.0,2500.0,0,0,91.15
2023-06-27,Eau de Parfum,76,120,0.2,96.0,7296.0,0.0,0,0,91.11
2023-06-27,Eau de Toilette,61,85,0.0,85.0,5185.0,0.0,0,0,91.11
2023-06-27,Home Fragrance,57,45,0.3,31.5,1795.5,500.0,0,0,91.11
2023-06-27,Skincare Bundle,66,150,0.0,150.0,9900.0,500.0,0,0,91.11
2023-06-28,Eau de Parfum,57,120,0.1,108.0,6156.0,0.0,0,0,91.06
2023-06-28,Eau de Toilette,89,85,0.1,76.5,6808.5,0.0,0,0,91.06
2023-06-28,Home Fragrance,55,45,0.1,40.5,2227.5,0.0,0,0,91.06
2023-06-28,Skincare Bundle,70,150,0.0,150.0,10500.0,0.0,0,0,91.06
2023-06-29,Eau de Parfum,45,120,0.0,120.0,5400.0,,0,0,91.02
2023-06-29,Eau de Toilette,69,85,0.0,85.0,5865.0,0.0,0,0,91.02
2023-06-29,Home Fragrance,43,45,0.0,45.0,1935.0,1000.0,0,0,91.02
2023-06-29,Skincare Bundle,64,150,0.0,150.0,9600.0,0.0,0,0,91.02
2023-06-30,Eau de Parfum,46,120,0.0,120.0,5520.0,0.0,0,0,90.97
2023-06-30,Eau de Toilette,8,85,0.0,85.0,680.0,0.0,0,0,90.97
2023-06-30,Home Fragrance,46,45,0.0,45.0,2070.0,0.0,0,0,90.97
2023-06-30,Skincare Bundle,49,150,0.0,150.0,7350.0,1000.0,0,0,90.97
2023-07-01,Eau de Parfum,61,120,0.0,120.0,7320.0,0.0,1,0,90.93
2023-07-01,Eau de Toilette,101,85,0.0,85.0,8585.0,2500.0,1,0,90.93
2023-07-01,Home Fragrance,27,45,0.2,36.0,972.0,0.0,1,0,90.93
2023-07-01,Skincare Bundle,73,150,0.0,150.0,10950.0,1000.0,1,0,90.93
2023-07-02,Eau de Parfum,68,120,0.0,120.0,8160.0,0.0,1,0,90.89
2023-07-02,Eau de Toilette,128,85,0.0,85.0,10880.0,0.0,1,0,90.89
2023-07-02,Home Fragrance,60,45,0.0,45.0,2700.0,0.0,1,0,90.89
2023-07-02,Skincare Bundle,35,150,0.0,150.0,5250.0,1000.0,1,0,90.89
2023-07-03,Eau de Parfum,31,120,0.0,120.0,3720.0,0.0,0,0,90.85
2023-07-03,Eau de Toilette,68,85,0.0,85.0,5780.0,,0,0,90.85
2023-07-03,Home Fragrance,76,45,0.2,36.0,2736.0,0.0,0,0,90.85
2023-07-03,Skincare Bundle,50,150,0.0,150.0,7500.0,0.0,0,0,90.85
2023-07-04,Eau de Parfum,59,120,0.2,96.0,5664.0,0.0,0,0,90.81
2023-07-04,Eau de Toilette,80,85,0.1,76.5,6120.0,0.0,0,0,90.81
2023-07-04,Home Fragrance,72,45,0.0,45.0,3240.0,500.0,0,0,90.81
2023-07-04,Skincare Bundle,55,150,0.1,135.0,7425.0,0.0,0,0,90.81
2023-07-05,Eau de Parfum,49,120,0.3,84.0,4116.0,0.0,0,0,90.77
2023-07-05,Eau de Toilette,69,85,0.0,85.0,5865.0,0.0,0,0,90.77
2023-07-05,Home Fragrance,64,45,0.1,40.5,2592.0,500.0,0,0,90.77
2023-07-05,Skincare Bundle,51,150,0.0,150.0,7650.0,1000.0,0,0,90.77
2023-07-06,Eau de Parfum,39,120,0.0,120.0,4680.0,1000.0,0,0,90.73
2023-07-06,Eau de Toilette,125,85,0.2,68.0,8500.0,0.0,0,0,90.73
2023-07-06,Home Fragrance,54,45,0.2,36.0,1944.0,0.0,0,0,90.73
2023-07-06,Skincare Bundle,44,150,0.0,150.0,6600.0,0.0,0,0,90.73
2023-07-07,Eau de Parfum,105,120,0.0,120.0,12600.0,2500.0,0,0,90.7
2023-07-07,Eau de Toilette,54,85,0.0,85.0,4590.0,500.0,0,0,90.7
2023-07-07,Home Fragrance,61,45,0.0,45.0,2745.0,0.0,0,0,90.7
2023-07-07,Skincare Bundle,80,150,0.0,150.0,12000.0,500.0,0,0,90.7
2023-07-08,Eau de Parfum,61,120,0.0,120.0,7320.0,500.0,1,0,90.66
2023-07-08,Eau de Toilette,98,85,0.0,85.0,8330.0,500.0,1,0,90.66
2023-07-08,Home Fragrance,48,45,0.0,45.0,2160.0,0.0,1,0,90.66
2023-07-08,Skincare Bundle,49,150,0.1,135.0,6615.0,0.0,1,0,90.66
2023-07-09,Eau de Parfum,61,120,0.0,120.0,7320.0,0.0,1,0,90.62
2023-07-09,Eau de Toilette,137,85,0.0,85.0,11645.0,0.0,1,0,90.62
2023-07-09,Home Fragrance,77,45,0.0,45.0,3465.0,0.0,1,0,90.62
2023-07-09,Skincare Bundle,84,150,0.0,150.0,12600.0,0.0,1,0,90.62
2023-07-10,Eau de Parfum,43,120,0.0,120.0,5160.0,0.0,0,0,90.59
2023-07-10,Eau de Toilette,76,85,0.2,68.0,5168.0,,0,0,90.59
2023-07-10,Home Fragrance,46,45,0.0,45.0,2070.0,0.0,0,0,90.59
2023-07-10,Skincare Bundle,27,150,0.0,150.0,4050.0,0.0,0,0,90.59
2023-07-11,Eau de Parfum,84,120,0.0,120.0,10080.0,500.0,0,0,90.56
2023-07-11,Eau de Toilette,125,85,0.1,76.5,9562.5,1000.0,0,0,90.56
2023-07-11,Home Fragrance,33,45,0.3,31.5,1039.5,1000.0,0,0,90.56
2023-07-11,Skincare Bundle,40,150,0.1,135.0,5400.0,0.0,0,0,90.56
2023-07-12,Eau de Parfum,49,120,0.0,120.0,5880.0,0.0,0,0,90.52
2023-07-12,Eau de Toilette,59,85,0.0,85.0,5015.0,0.0,0,0,90.52
2023-07-12,Home Fragrance,73,45,0.0,45.0,3285.0,1000.0,0,0,90.52
2023-07-12,Skincare Bundle,65,150,0.0,150.0,9750.0,0.0,0,0,90.52
2023-07-13,Eau de Parfum,30,120,0.0,120.0,3600.0,500.0,0,0,90.49
2023-07-13,Eau de Toilette,79,85,0.2,68.0,5372.0,2500.0,0,0,90.49
2023-07-13,Home Fragrance,73,45,0.0,45.0,3285.0,500.0,0,0,90.49
2023-07-13,Skincare Bundle,70,150,0.0,150.0,10500.0,1000.0,0,0,90.49
2023-07-14,Eau de Parfum,50,120,0.0,120.0,6000.0,0.0,0,0,90.46
2023-07-14,Eau de Toilette,88,85,0.0,85.0,7480.0,500.0,0,0,90.46
2023-07-14,Home Fragrance,112,45,0.3,31.5,3528.0,2500.0,0,0,90.46
2023-07-14,Skincare Bundle,61,150,0.0,150.0,9150.0,0.0,0,0,90.46
2023-07-15,Eau de Parfum,111,120,0.0,120.0,13320.0,0.0,1,0,90.43
2023-07-15,Eau de Toilette,92,85,0.0,85.0,7820.0,500.0,1,0,90.43
2023-07-15,Home Fragrance,104,45,0.0,45.0,4680.0,1000.0,1,0,90.43
2023-07-15,Skincare Bundle,92,150,0.0,150.0,13800.0,0.0,1,0,90.43
2023-07-16,Eau de Parfum,100,120,0.0,120.0,12000.0,0.0,1,0,90.4
2023-07-16,Eau de Toilette,90,85,0.1,76.5,6885.0,0.0,1,0,90.4
2023-07-16,Home Fragrance,111,45,0.0,45.0,4995.0,0.0,1,0,90.4
2023-07-16,Skincare Bundle,81,150,0.3,105.0,8505.0,0.0,1,0,90.4
2023-07-17,Eau de Parfum,55,120,0.0,120.0,6600.0,0.0,0,0,90.38
2023-07-17,Eau de Toilette,59,85,0.0,85.0,5015.0,1000.0,0,0,90.38
2023-07-17,Home Fragrance,61,45,0.0,45.0,2745.0,0.0,0,0,90.38
2023-07-17,Skincare Bundle,47,150,0.3,105.0,4935.0,0.0,0,0,90.38
2023-07-18,Eau de Parfum,36,120,0.0,120.0,4320.0,0.0,0,0,90.35
2023-07-18,Eau de Toilette,83,85,0.0,85.0,7055.0,500.0,0,0,90.35
2023-07-18,Home Fragrance,33,45,0.0,45.0,1485.0,0.0,0,0,90.35
2023-07-18,Skincare Bundle,44,150,0.0,150.0,6600.0,0.0,0,0,90.35
2023-07-19,Eau de Parfum,52,120,0.0,120.0,6240.0,1000.0,0,0,90.32
2023-07-19,Eau de Toilette,94,85,0.0,85.0,7990.0,1000.0,0,0,90.32
2023-07-19,Home Fragrance,95,45,0.1,40.5,3847.5,1000.0,0,0,90.32
2023-07-19,Skincare Bundle,49,150,0.0,150.0,7350.0,0.0,0,0,90.32
2023-07-20,Eau de Parfum,45,120,0.0,120.0,5400.0,0.0,0,0,90.3
2023-07-20,Eau de Toilette,93,85,0.0,85.0,7905.0,0.0,0,0,90.3
2023-07-20,Home Fragrance,42,45,0.0,45.0,1890.0,0.0,0,0,90.3
2023-07-20,Skincare Bundle,61,150,0.1,135.0,8235.0,0.0,0,0,90.3
2023-07-21,Eau de Parfum,72,120,0.3,84.0,6048.0,500.0,0,0,90.28
2023-07-21,Eau de Toilette,135,85,0.0,85.0,11475.0,2500.0,0,0,90.28
2023-07-21,Home Fragrance,46,45,0.0,45.0,2070.0,0.0,0,0,90.28
2023-07-21,Skincare Bundle,68,150,0.0,150.0,10200.0,1000.0,0,0,90.28
2023-07-22,Eau de Parfum,84,120,0.0,120.0,10080.0,500.0,1,0,90.25
2023-07-22,Eau de Toilette,16,85,0.1,76.5,1224.0,500.0,1,0,90.25
2023-07-22,Home Fragrance,84,45,0.0,45.0,3780.0,2500.0,1,0,90.25
2023-07-22,Skincare Bundle,81,150,0.0,150.0,12150.0,500.0,1,0,90.25
2023-07-23,Eau de Parfum,59,120,0.0,120.0,7080.0,500.0,1,0,90.23
2023-07-23,Eau de Toilette,71,85,0.1,76.5,5431.5,0.0,1,0,90.23
2023-07-23,Home Fragrance,76,45,0.0,45.0,3420.0,0.0,1,0,90.23
2023-07-23,Skincare Bundle,52,150,0.2,120.0,6240.0,0.0,1,0,90.23
2023-07-24,Eau de Parfum,52,120,0.0,120.0,6240.0,1000.0,0,0,90.21
2023-07-24,Eau de Toilette,84,85,0.0,85.0,7140.0,0.0,0,0,90.21
2023-07-24,Home Fragrance,56,45,0.2,36.0,2016.0,0.0,0,0,90.21
2023-07-24,Skincare Bundle,68,150,0.0,150.0,10200.0,0.0,0,0,90.21
2023-07-25,Eau de Parfum,43,120,0.0,120.0,5160.0,500.0,0,0,90.19
2023-07-25,Eau de Toilette,17,85,0.2,68.0,1156.0,0.0,0,0,90.19
2023-07-25,Home Fragrance,73,45,0.0,45.0,3285.0,0.0,0,0,90.19
2023-07-25,Skincare Bundle,63,150,0.0,150.0,9450.0,2500.0,0,0,90.19
2023-07-26,Eau de Parfum,21,120,0.0,120.0,2520.0,0.0,0,0,90.17
2023-07-26,Eau de Toilette,75,85,0.0,85.0,6375.0,,0,0,90.17
2023-07-26,Home Fragrance,59,45,0.0,45.0,2655.0,500.0,0,0,90.17
2023-07-26,Skincare Bundle,48,150,0.1,135.0,6480.0,0.0,0,0,90.17
2023-07-27,Eau de Parfum,54,120,0.3,84.0,4536.0,0.0,0,0,90.15
2023-07-27,Eau de Toilette,45,85,0.0,85.0,3825.0,0.0,0,0,90.15
2023-07-27,Home Fragrance,48,45,0.0,45.0,2160.0,0.0,0,0,90.15
2023-07-27,Skincare Bundle,51,150,0.0,150.0,7650.0,0.0,0,0,90.15
2023-07-28,Eau de Parfum,46,120,0.2,96.0,4416.0,0.0,0,0,90.14
2023-07-28,Eau de Toilette,111,85,0.0,85.0,9435.0,2500.0,0,0,90.14
2023-07-28,Home Fragrance,60,45,0.0,45.0,2700.0,1000.0,0,0,90.14
2023-07-28,Skincare Bundle,51,150,0.1,135.0,6885.0,0.0,0,0,90.14
2023-07-29,Eau de Parfum,94,120,0.0,120.0,11280.0,1000.0,1,0,90.12
2023-07-29,Eau de Toilette,141,85,0.2,68.0,9588.0,0.0,1,0,90.12
2023-07-29,Home Fragrance,32,45,0.2,36.0,1152.0,0.0,1,0,90.12
2023-07-29,Skincare Bundle,82,150,0.0,150.0,12300.0,0.0,1,0,90.12
2023-07-30,Eau de Parfum,119,120,0.0,120.0,14280.0,,1,0,90.11
2023-07-30,Eau de Toilette,94,85,0.0,85.0,7990.0,0.0,1,0,90.11
2023-07-30,Home Fragrance,98,45,0.0,45.0,4410.0,1000.0,1,0,90.11
2023-07-30,Skincare Bundle,72,150,0.1,135.0,9720.0,0.0,1,0,90.11
2023-07-31,Eau de Parfum,54,120,0.0,120.0,6480.0,500.0,0,0,90.09
2023-07-31,Eau de Toilette,91,85,0.0,85.0,7735.0,0.0,0,0,90.09
2023-07-31,Home Fragrance,67,45,0.0,45.0,3015.0,0.0,0,0,90.09
2023-07-31,Skincare Bundle,42,150,0.0,150.0,6300.0,500.0,0,0,90.09
2023-08-01,Eau de Parfum,76,120,0.0,120.0,9120.0,0.0,0,0,90.08
2023-08-01,Eau de Toilette,36,85,0.0,85.0,3060.0,0.0,0,0,90.08
2023-08-01,Home Fragrance,56,45,0.1,40.5,2268.0,0.0,0,0,90.08
2023-08-01,Skincare Bundle,58,150,0.2,120.0,6960.0,0.0,0,0,90.08
2023-08-02,Eau de Parfum,86,120,0.0,120.0,10320.0,,0,0,90.07
2023-08-02,Eau de Toilette,45,85,0.0,85.0,3825.0,0.0,0,0,90.07
2023-08-02,Home Fragrance,44,45,0.0,45.0,1980.0,0.0,0,0,90.07
2023-08-02,Skincare Bundle,66,150,0.0,150.0,9900.0,500.0,0,0,90.07
2023-08-03,Eau de Parfum,50,120,0.0,120.0,6000.0,500.0,0,0,90.06
2023-08-03,Eau de Toilette,43,85,0.2,68.0,2924.0,0.0,0,0,90.06
2023-08-03,Home Fragrance,63,45,0.0,45.0,2835.0,0.0,0,0,90.06
2023-08-03,Skincare Bundle,67,150,0.0,150.0,10050.0,2500.0,0,0,90.06
2023-08-04,Eau de Parfum,61,120,0.0,120.0,7320.0,0.0,0,0,90.05
2023-08-04,Eau de Toilette,51,85,0.2,68.0,3468.0,0.0,0,0,90.05
2023-08-04,Home Fragrance,35,45,0.0,45.0,1575.0,500.0,0,0,90.05
2023-08-04,Skincare Bundle,68,150,0.0,150.0,10200.0,0.0,0,0,90.05
2023-08-05,Eau de Parfum,74,120,0.0,120.0,8880.0,0.0,1,0,90.04
2023-08-05,Eau de Toilette,81,85,0.0,85.0,6885.0,500.0,1,0,90.04
2023-08-05,Home Fragrance,67,45,0.0,45.0,3015.0,0.0,1,0,90.04
2023-08-05,Skincare Bundle,75,150,0.0,150.0,11250.0,500.0,1,0,90.04
2023-08-06,Eau de Parfum,49,120,0.0,120.0,5880.0,0.0,1,0,90.03
2023-08-06,Eau de Toilette,30,85,0.0,85.0,2550.0,500.0,1,0,90.03
2023-08-06,Home Fragrance,111,45,0.0,45.0,4995.0,1000.0,1,0,90.03
2023-08-06,Skincare Bundle,63,150,0.1,135.0,8505.0,1000.0,1,0,90.03
2023-08-07,Eau de Parfum,55,120,0.1,108.0,5940.0,0.0,0,0,90.02
2023-08-07,Eau de Toilette,47,85,0.1,76.5,3595.5,0.0,0,0,90.02
2023-08-07,Home Fragrance,37,45,0.3,31.5,1165.5,0.0,0,0,90.02
2023-08-07,Skincare Bundle,79,150,0.2,120.0,9480.0,500.0,0,0,90.02
2023-08-08,Eau de Parfum,70,120,0.0,120.0,8400.0,1000.0,0,0,90.02
2023-08-08,Eau de Toilette,63,85,0.0,85.0,5355.0,0.0,0,0,90.02
2023-08-08,Home Fragrance,68,45,0.0,45.0,3060.0,0.0,0,0,90.02
2023-08-08,Skincare Bundle,53,150,0.0,150.0,7950.0,0.0,0,0,90.02
2023-08-09,Eau de Parfum,28,120,0.2,96.0,2688.0,0.0,0,0,90.01
2023-08-09,Eau de Toilette,61,85,0.0,85.0,5185.0,500.0,0,0,90.01
2023-08-09,Home Fragrance,64,45,0.0,45.0,2880.0,0.0,0,0,90.01
2023-08-09,Skincare Bundle,24,150,0.0,150.0,3600.0,500.0,0,0,90.01
2023-08-10,Eau de Parfum,39,120,0.0,120.0,4680.0,500.0,0,0,90.01
2023-08-10,Eau de Toilette,41,85,0.0,85.0,3485.0,0.0,0,0,90.01
2023-08-10,Home Fragrance,48,45,0.2,36.0,1728.0,0.0,0,0,90.01
2023-08-10,Skincare Bundle,49,150,0.0,150.0,7350.0,0.0,0,0,90.01
2023-08-11,Eau de Parfum,32,120,0.0,120.0,3840.0,500.0,0,0,90.0
2023-08-11,Eau de Toilette,54,85,0.0,85.0,4590.0,1000.0,0,0,90.0
2023-08-11,Home Fragrance,64,45,0.0,45.0,2880.0,500.0,0,0,90.0
2023-08-11,Skincare Bundle,49,150,0.0,150.0,7350.0,0.0,0,0,90.0
2023-08-12,Eau de Parfum,63,120,0.0,120.0,7560.0,0.0,1,0,90.0
2023-08-12,Eau de Toilette,113,85,0.0,85.0,9605.0,0.0,1,0,90.0
2023-08-12,Home Fragrance,46,45,0.1,40.5,1863.0,0.0,1,0,90.0
2023-08-12,Skincare Bundle,72,150,0.0,150.0,10800.0,0.0,1,0,90.0
2023-08-13,Eau de Parfum,79,120,0.0,120.0,9480.0,0.0,1,0,90.0
2023-08-13,Eau de Toilette,81,85,0.0,85.0,6885.0,500.0,1,0,90.0
2023-08-13,Home Fragrance,43,45,0.1,40.5,1741.5,0.0,1,0,90.0
2023-08-13,Skincare Bundle,92,150,0.0,150.0,13800.0,0.0,1,0,90.0
2023-08-14,Eau de Parfum,54,120,0.0,120.0,6480.0,1000.0,0,0,90.0
2023-08-14,Eau de Toilette,63,85,0.0,85.0,5355.0,0.0,0,0,90.0
2023-08-14,Home Fragrance,62,45,0.0,45.0,2790.0,2500.0,0,0,90.0
2023-08-14,Skincare Bundle,26,150,0.0,150.0,3900.0,0.0,0,0,90.0
2023-08-15,Eau de Parfum,64,120,0.0,120.0,7680.0,0.0,0,0,90.0
2023-08-15,Eau de Toilette,38,85,0.0,85.0,3230.0,0.0,0,0,90.0
2023-08-15,Home Fragrance,57,45,0.0,45.0,2565.0,1000.0,0,0,90.0
2023-08-15,Skincare Bundle,20,150,0.2,120.0,2400.0,0.0,0,0,90.0
2023-08-16,Eau de Parfum,39,120,0.0,120.0,4680.0,0.0,0,0,90.0
2023-08-16,Eau de Toilette,44,85,0.2,68.0,2992.0,2500.0,0,0,90.0
2023-08-16,Home Fragrance,47,45,0.2,36.0,1692.0,0.0,0,0,90.0
2023-08-16,Skincare Bundle,19,150,0.0,150.0,2850.0,0.0,0,0,90.0
2023-08-17,Eau de Parfum,68,120,0.2,96.0,6528.0,2500.0,0,0,90.01
2023-08-17,Eau de Toilette,59,85,0.0,85.0,5015.0,0.0,0,0,90.01
2023-08-17,Home Fragrance,87,45,0.0,45.0,3915.0,0.0,0,0,90.01
2023-08-17,Skincare Bundle,71,150,0.0,150.0,10650.0,0.0,0,0,90.01
2023-08-18,Eau de Parfum,45,120,0.0,120.0,5400.0,1000.0,0,0,90.01
2023-08-18,Eau de Toilette,42,85,0.2,68.0,2856.0,0.0,0,0,90.01
2023-08-18,Home Fragrance,38,45,0.0,45.0,1710.0,0.0,0,0,90.01
2023-08-18,Skincare Bundle,57,150,0.0,150.0,8550.0,1000.0,0,0,90.01
2023-08-19,Eau de Parfum,59,120,0.0,120.0,7080.0,0.0,1,0,90.02
2023-08-19,Eau de Toilette,73,85,0.0,85.0,6205.0,500.0,1,0,90.02
2023-08-19,Home Fragrance,47,45,0.0,45.0,2115.0,0.0,1,0,90.02
2023-08-19,Skincare Bundle,51,150,0.0,150.0,7650.0,0.0,1,0,90.02
2023-08-20,Eau de Parfum,59,120,0.3,84.0,4956.0,0.0,1,0,90.02
2023-08-20,Eau de Toilette,42,85,0.0,85.0,3570.0,0.0,1,0,90.02
2023-08-20,Home Fragrance,86,45,0.0,45.0,3870.0,0.0,1,0,90.02
2023-08-20,Skincare Bundle,95,150,0.0,150.0,14250.0,0.0,1,0,90.02
2023-08-21,Eau de Parfum,39,120,0.0,120.0,4680.0,500.0,0,0,90.03
2023-08-21,Eau de Toilette,29,85,0.0,85.0,2465.0,0.0,0,0,90.03
2023-08-21,Home Fragrance,79,45,0.2,36.0,2844.0,,0,0,90.03
2023-08-21,Skincare Bundle,46,150,0.0,150.0,6900.0,1000.0,0,0,90.03
2023-08-22,Eau de Parfum,62,120,0.1,108.0,6696.0,1000.0,0,0,90.04
2023-08-22,Eau de Toilette,63,85,0.0,85.0,5355.0,1000.0,0,0,90.04
2023-08-22,Home Fragrance,89,45,0.0,45.0,4005.0,2500.0,0,0,90.04
2023-08-22,Skincare Bundle,53,150,0.0,150.0,7950.0,0.0,0,0,90.04
2023-08-23,Eau de Parfum,69,120,0.0,120.0,8280.0,500.0,0,0,90.04
2023-08-23,Eau de Toilette,27,85,0.2,68.0,1836.0,0.0,0,0,90.04
2023-08-23,Home Fragrance,107,45,0.1,40.5,4333.5,2500.0,0,0,90.04
2023-08-23,Skincare Bundle,54,150,0.0,150.0,8100.0,0.0,0,0,90.04
2023-08-24,Eau de Parfum,46,120,0.0,120.0,5520.0,1000.0,0,0,90.05
2023-08-24,Eau de Toilette,59,85,0.0,85.0,5015.0,0.0,0,0,90.05
2023-08-24,Home Fragrance,94,45,0.0,45.0,4230.0,2500.0,0,0,90.05
2023-08-24,Skincare Bundle,47,150,0.0,150.0,7050.0,0.0,0,0,90.05
2023-08-25,Eau de Parfum,47,120,0.2,96.0,4512.0,0.0,0,0,90.07
2023-08-25,Eau de Toilette,42,85,0.0,85.0,3570.0,0.0,0,0,90.07
2023-08-25,Home Fragrance,65,45,0.0,45.0,2925.0,1000.0,0,0,90.07
2023-08-25,Skincare Bundle,62,150,0.0,150.0,9300.0,500.0,0,0,90.07
2023-08-26,Eau de Parfum,124,120,0.0,120.0,14880.0,500.0,1,0,90.08
2023-08-26,Eau de Toilette,90,85,0.0,85.0,7650.0,0.0,1,0,90.08
2023-08-26,Home Fragrance,95,45,0.0,45.0,4275.0,0.0,1,0,90.08
2023-08-26,Skincare Bundle,73,150,0.0,150.0,10950.0,500.0,1,0,90.08
2023-08-27,Eau de Parfum,60,120,0.0,120.0,7200.0,0.0,1,0,90.09
2023-08-27,Eau de Toilette,78,85,0.0,85.0,6630.0,2500.0,1,0,90.09
2023-08-27,Home Fragrance,39,45,0.0,45.0,1755.0,0.0,1,0,90.09
2023-08-27,Skincare Bundle,41,150,0.0,150.0,6150.0,0.0,1,0,90.09
2023-08-28,Eau de Parfum,59,120,0.0,120.0,7080.0,0.0,0,0,90.1
2023-08-28,Eau de Toilette,70,85,0.2,68.0,4760.0,2500.0,0,0,90.1
2023-08-28,Home Fragrance,31,45,0.1,40.5,1255.5,0.0,0,0,90.1
2023-08-28,Skincare Bundle,28,150,0.0,150.0,4200.0,500.0,0,0,90.1
2023-08-29,Eau de Parfum,25,120,0.0,120.0,3000.0,500.0,0,0,90.12
2023-08-29,Eau de Toilette,31,85,0.1,76.5,2371.5,0.0,0,0,90.12
2023-08-29,Home Fragrance,34,45,0.2,36.0,1224.0,1000.0,0,0,90.12
2023-08-29,Skincare Bundle,59,150,0.0,150.0,8850.0,500.0,0,0,90.12
2023-08-30,Eau de Parfum,62,120,0.1,108.0,6696.0,500.0,0,0,90.14
2023-08-30,Eau de Toilette,80,85,0.1,76.5,6120.0,2500.0,0,0,90.14
2023-08-30,Home Fragrance,53,45,0.0,45.0,2385.0,500.0,0,0,90.14
2023-08-30,Skincare Bundle,44,150,0.1,135.0,5940.0,0.0,0,0,90.14
2023-08-31,Eau de Parfum,46,120,0.0,120.0,5520.0,1000.0,0,0,90.15
2023-08-31,Eau de Toilette,104,85,0.0,85.0,8840.0,1000.0,0,0,90.15
2023-08-31,Home Fragrance,47,45,0.0,45.0,2115.0,0.0,0,0,90.15
2023-08-31,Skincare Bundle,66,150,0.0,150.0,9900.0,500.0,0,0,90.15
2023-09-01,Eau de Parfum,49,120,0.3,84.0,4116.0,0.0,0,0,90.17
2023-09-01,Eau de Toilette,45,85,0.3,59.5,2677.5,500.0,0,0,90.17
2023-09-01,Home Fragrance,62,45,0.0,45.0,2790.0,1000.0,0,0,90.17
2023-09-01,Skincare Bundle,71,150,0.1,135.0,9585.0,500.0,0,0,90.17
2023-09-02,Eau de Parfum,38,120,0.1,108.0,4104.0,0.0,1,0,90.19
2023-09-02,Eau de Toilette,66,85,0.0,85.0,5610.0,0.0,1,0,90.19
2023-09-02,Home Fragrance,52,45,0.2,36.0,1872.0,0.0,1,0,90.19
2023-09-02,Skincare Bundle,92,150,0.0,150.0,13800.0,,1,0,90.19
2023-09-03,Eau de Parfum,68,120,0.0,120.0,8160.0,0.0,1,0,90.21
2023-09-03,Eau de Toilette,106,85,0.0,85.0,9010.0,,1,0,90.21
2023-09-03,Home Fragrance,53,45,0.0,45.0,2385.0,500.0,1,0,90.21
2023-09-03,Skincare Bundle,50,150,0.0,150.0,7500.0,0.0,1,0,90.21
2023-09-04,Eau de Parfum,86,120,0.0,120.0,10320.0,0.0,0,0,90.23
2023-09-04,Eau de Toilette,75,85,0.0,85.0,6375.0,0.0,0,0,90.23
2023-09-04,Home Fragrance,56,45,0.2,36.0,2016.0,0.0,0,0,90.23
2023-09-04,Skincare Bundle,52,150,0.1,135.0,7020.0,500.0,0,0,90.23
2023-09-05,Eau de Parfum,68,120,0.0,120.0,8160.0,0.0,0,0,90.25
2023-09-05,Eau de Toilette,30,85,0.0,85.0,2550.0,0.0,0,0,90.25
2023-09-05,Home Fragrance,66,45,0.0,45.0,2970.0,1000.0,0,0,90.25
2023-09-05,Skincare Bundle,38,150,0.0,150.0,5700.0,0.0,0,0,90.25
2023-09-06,Eau de Parfum,58,120,0.0,120.0,6960.0,1000.0,0,0,90.27
2023-09-06,Eau de Toilette,61,85,0.0,85.0,5185.0,0.0,0,0,90.27
2023-09-06,Home Fragrance,54,45,0.0,45.0,2430.0,0.0,0,0,90.27
2023-09-06,Skincare Bundle,55,150,0.0,150.0,8250.0,0.0,0,0,90.27
2023-09-07,Eau de Parfum,54,120,0.0,120.0,6480.0,0.0,0,0,90.3
2023-09-07,Eau de Toilette,69,85,0.0,85.0,5865.0,500.0,0,0,90.3
2023-09-07,Home Fragrance,76,45,0.0,45.0,3420.0,2500.0,0,0,90.3
2023-09-07,Skincare Bundle,49,150,0.0,150.0,7350.0,0.0,0,0,90.3
2023-09-08,Eau de Parfum,46,120,0.1,108.0,4968.0,500.0,0,0,90.32
2023-09-08,Eau de Toilette,36,85,0.1,76.5,2754.0,0.0,0,0,90.32
2023-09-08,Home Fragrance,78,45,0.0,45.0,3510.0,500.0,0,0,90.32
2023-09-08,Skincare Bundle,54,150,0.0,150.0,8100.0,500.0,0,0,90.32
2023-09-09,Eau de Parfum,62,120,0.0,120.0,7440.0,0.0,1,0,90.35
2023-09-09,Eau de Toilette,99,85,0.2,68.0,6732.0,500.0,1,0,90.35
2023-09-09,Home Fragrance,48,45,0.0,45.0,2160.0,0.0,1,0,90.35
2023-09-09,Skincare Bundle,95,150,0.1,135.0,12825.0,500.0,1,0,90.35
2023-09-10,Eau de Parfum,63,120,0.0,120.0,7560.0,0.0,1,0,90.38
2023-09-10,Eau de Toilette,68,85,0.2,68.0,4624.0,500.0,1,0,90.38
2023-09-10,Home Fragrance,44,45,0.0,45.0,1980.0,0.0,1,0,90.38
2023-09-10,Skincare Bundle,60,150,0.0,150.0,9000.0,0.0,1,0,90.38
2023-09-11,Eau de Parfum,41,120,0.0,120.0,4920.0,0.0,0,0,90.4
2023-09-11,Eau de Toilette,60,85,0.1,76.5,4590.0,500.0,0,0,90.4
2023-09-11,Home Fragrance,54,45,0.0,45.0,2430.0,500.0,0,0,90.4
2023-09-11,Skincare Bundle,27,150,0.0,150.0,4050.0,0.0,0,0,90.4
2023-09-12,Eau de Parfum,73,120,0.0,120.0,8760.0,0.0,0,0,90.43
2023-09-12,Eau de Toilette,65,85,0.0,85.0,5525.0,0.0,0,0,90.43
2023-09-12,Home Fragrance,21,45,0.0,45.0,945.0,0.0,0,0,90.43
2023-09-12,Skincare Bundle,38,150,0.3,105.0,3990.0,0.0,0,0,90.43
2023-09-13,Eau de Parfum,37,120,0.0,120.0,4440.0,1000.0,0,0,90.46
2023-09-13,Eau de Toilette,33,85,0.2,68.0,2244.0,0.0,0,0,90.46
2023-09-13,Home Fragrance,47,45,0.0,45.0,2115.0,1000.0,0,0,90.46
2023-09-13,Skincare Bundle,62,150,0.0,150.0,9300.0,0.0,0,0,90.46
2023-09-14,Eau de Parfum,33,120,0.0,120.0,3960.0,0.0,0,0,90.49
2023-09-14,Eau de Toilette,62,85,0.1,76.5,4743.0,0.0,0,0,90.49
2023-09-14,Home Fragrance,45,45,0.0,45.0,2025.0,500.0,0,0,90.49
2023-09-14,Skincare Bundle,59,150,0.3,105.0,6195.0,1000.0,0,0,90.49
2023-09-15,Eau de Parfum,42,120,0.0,120.0,5040.0,0.0,0,0,90.52
2023-09-15,Eau de Toilette,56,85,0.0,85.0,4760.0,0.0,0,0,90.52
2023-09-15,Home Fragrance,25,45,0.0,45.0,1125.0,500.0,0,0,90.52
2023-09-15,Skincare Bundle,61,150,0.0,150.0,9150.0,0.0,0,0,90.52
2023-09-16,Eau de Parfum,51,120,0.2,96.0,4896.0,0.0,1,0,90.56
2023-09-16,Eau de Toilette,90,85,0.2,68.0,6120.0,0.0,1,0,90.56
2023-09-16,Home Fragrance,66,45,0.0,45.0,2970.0,0.0,1,0,90.56
2023-09-16,Skincare Bundle,39,150,0.0,150.0,5850.0,1000.0,1,0,90.56
2023-09-17,Eau de Parfum,37,120,0.1,108.0,3996.0,500.0,1,0,90.59
2023-09-17,Eau de Toilette,43,85,0.0,85.0,3655.0,0.0,1,0,90.59
2023-09-17,Home Fragrance,58,45,0.0,45.0,2610.0,0.0,1,0,90.59
2023-09-17,Skincare Bundle,69,150,0.0,150.0,10350.0,2500.0,1,0,90.59
2023-09-18,Eau de Parfum,38,120,0.0,120.0,4560.0,1000.0,0,0,90.62
2023-09-18,Eau de Toilette,32,85,0.1,76.5,2448.0,0.0,0,0,90.62
2023-09-18,Home Fragrance,50,45,0.0,45.0,2250.0,500.0,0,0,90.62
2023-09-18,Skincare Bundle,59,150,0.0,150.0,8850.0,0.0,0,0,90.62
2023-09-19,Eau de Parfum,40,120,0.3,84.0,3360.0,0.0,0,0,90.66
2023-09-19,Eau de Toilette,65,85,0.2,68.0,4420.0,0.0,0,0,90.66
2023-09-19,Home Fragrance,43,45,0.0,45.0,1935.0,0.0,0,0,90.66
2023-09-19,Skincare Bundle,55,150,0.0,150.0,8250.0,0.0,0,0,90.66
2023-09-20,Eau de Parfum,42,120,0.0,120.0,5040.0,0.0,0,0,90.69
2023-09-20,Eau de Toilette,59,85,0.1,76.5,4513.5,0.0,0,0,90.69
2023-09-20,Home Fragrance,53,45,0.0,45.0,2385.0,1000.0,0,0,90.69
2023-09-20,Skincare Bundle,21,150,0.0,150.0,3150.0,500.0,0,0,90.69
2023-09-21,Eau de Parfum,59,120,0.0,120.0,7080.0,0.0,0,0,90.73
2023-09-21,Eau de Toilette,31,85,0.0,85.0,2635.0,0.0,0,0,90.73
2023-09-21,Home Fragrance,74,45,0.0,45.0,3330.0,1000.0,0,0,90.73
2023-09-21,Skincare Bundle,25,150,0.0,150.0,3750.0,0.0,0,0,90.73
2023-09-22,Eau de Parfum,29,120,0.0,120.0,3480.0,500.0,0,0,90.77
2023-09-22,Eau de Toilette,66,85,0.0,85.0,5610.0,1000.0,0,0,90.77
2023-09-22,Home Fragrance,33,45,0.1,40.5,1336.5,0.0,0,0,90.77
2023-09-22,Skincare Bundle,82,150,0.1,135.0,11070.0,500.0,0,0,90.77
2023-09-23,Eau de Parfum,157,120,0.2,96.0,15072.0,2500.0,1,0,90.81
2023-09-23,Eau de Toilette,47,85,0.0,85.0,3995.0,0.0,1,0,90.81
2023-09-23,Home Fragrance,94,45,0.0,45.0,4230.0,0.0,1,0,90.81
2023-09-23,Skincare Bundle,85,150,0.0,150.0,12750.0,1000.0,1,0,90.81
2023-09-24,Eau de Parfum,59,120,0.0,120.0,7080.0,0.0,1,0,90.85
2023-09-24,Eau de Toilette,82,85,0.0,85.0,6970.0,1000.0,1,0,90.85
2023-09-24,Home Fragrance,124,45,0.0,45.0,5580.0,1000.0,1,0,90.85
2023-09-24,Skincare Bundle,53,150,0.0,150.0,7950.0,0.0,1,0,90.85
2023-09-25,Eau de Parfum,52,120,0.0,120.0,6240.0,0.0,0,0,90.89
2023-09-25,Eau de Toilette,86,85,0.0,85.0,7310.0,1000.0,0,0,90.89
2023-09-25,Home Fragrance,66,45,0.0,45.0,2970.0,500.0,0,0,90.89
2023-09-25,Skincare Bundle,50,150,0.0,150.0,7500.0,0.0,0,0,90.89
2023-09-26,Eau de Parfum,90,120,0.0,120.0,10800.0,500.0,0,0,90.93
2023-09-26,Eau de Toilette,73,85,0.1,76.5,5584.5,500.0,0,0,90.93
2023-09-26,Home Fragrance,34,45,0.0,45.0,1530.0,0.0,0,0,90.93
2023-09-26,Skincare Bundle,52,150,0.0,150.0,7800.0,500.0,0,0,90.93
2023-09-27,Eau de Parfum,43,120,0.0,120.0,5160.0,0.0,0,0,90.97
2023-09-27,Eau de Toilette,42,85,0.1,76.5,3213.0,0.0,0,0,90.97
2023-09-27,Home Fragrance,44,45,0.0,45.0,1980.0,0.0,0,0,90.97
2023-09-27,Skincare Bundle,85,150,0.0,150.0,12750.0,500.0,0,0,90.97
2023-09-28,Eau de Parfum,49,120,0.0,120.0,5880.0,0.0,0,0,91.02
2023-09-28,Eau de Toilette,43,85,0.3,59.5,2558.5,0.0,0,0,91.02
2023-09-28,Home Fragrance,46,45,0.0,45.0,2070.0,0.0,0,0,91.02
2023-09-28,Skincare Bundle,33,150,0.0,150.0,4950.0,1000.0,0,0,91.02
2023-09-29,Eau de Parfum,26,120,0.0,120.0,3120.0,0.0,0,0,91.06
2023-09-29,Eau de Toilette,60,85,0.3,59.5,3570.0,500.0,0,0,91.06
2023-09-29,Home Fragrance,71,45,0.0,45.0,3195.0,2500.0,0,0,91.06
2023-09-29,Skincare Bundle,77,150,0.0,150.0,11550.0,500.0,0,0,91.06
2023-09-30,Eau de Parfum,61,120,0.0,120.0,7320.0,0.0,1,0,91.11
2023-09-30,Eau de Toilette,34,85,0.0,85.0,2890.0,500.0,1,0,91.11
2023-09-30,Home Fragrance,112,45,0.0,45.0,5040.0,1000.0,1,0,91.11
2023-09-30,Skincare Bundle,74,150,0.0,150.0,11100.0,500.0,1,0,91.11
2023-10-01,Eau de Parfum,94,120,0.0,120.0,11280.0,0.0,1,0,91.15
2023-10-01,Eau de Toilette,25,85,0.3,59.5,1487.5,0.0,1,0,91.15
2023-10-01,Home Fragrance,132,45,0.1,40.5,5346.0,0.0,1,0,91.15
2023-10-01,Skincare Bundle,57,150,0.0,150.0,8550.0,0.0,1,0,91.15
2023-10-02,Eau de Parfum,61,120,0.2,96.0,5856.0,0.0,0,0,91.2
2023-10-02,Eau de Toilette,82,85,0.0,85.0,6970.0,1000.0,0,0,91.2
2023-10-02,Home Fragrance,70,45,0.0,45.0,3150.0,0.0,0,0,91.2
2023-10-02,Skincare Bundle,82,150,0.0,150.0,12300.0,0.0,0,0,91.2
2023-10-03,Eau de Parfum,50,120,0.0,120.0,6000.0,0.0,0,0,91.25
2023-10-03,Eau de Toilette,28,85,0.3,59.5,1666.0,0.0,0,0,91.25
2023-10-03,Home Fragrance,35,45,0.1,40.5,1417.5,1000.0,0,0,91.25
2023-10-03,Skincare Bundle,54,150,0.0,150.0,8100.0,500.0,0,0,91.25
2023-10-04,Eau de Parfum,43,120,0.0,120.0,5160.0,0.0,0,0,91.3
2023-10-04,Eau de Toilette,60,85,0.0,85.0,5100.0,,0,0,91.3
2023-10-04,Home Fragrance,106,45,0.0,45.0,4770.0,1000.0,0,0,91.3
2023-10-04,Skincare Bundle,64,150,0.2,120.0,7680.0,0.0,0,0,91.3
2023-10-05,Eau de Parfum,51,120,0.0,120.0,6120.0,0.0,0,0,91.35
2023-10-05,Eau de Toilette,52,85,0.0,85.0,4420.0,0.0,0,0,91.35
2023-10-05,Home Fragrance,59,45,0.0,45.0,2655.0,0.0,0,0,91.35
2023-10-05,Skincare Bundle,76,150,0.0,150.0,11400.0,1000.0,0,0,91.35
2023-10-06,Eau de Parfum,73,120,0.1,108.0,7884.0,500.0,0,0,91.4
2023-10-06,Eau de Toilette,56,85,0.2,68.0,3808.0,500.0,0,0,91.4
2023-10-06,Home Fragrance,83,45,0.0,45.0,3735.0,1000.0,0,0,91.4
2023-10-06,Skincare Bundle,30,150,0.0,150.0,4500.0,0.0,0,0,91.4
2023-10-07,Eau de Parfum,53,120,0.0,120.0,6360.0,0.0,1,0,91.45
2023-10-07,Eau de Toilette,52,85,0.0,85.0,4420.0,500.0,1,0,91.45
2023-10-07,Home Fragrance,76,45,0.2,36.0,2736.0,0.0,1,0,91.45
2023-10-07,Skincare Bundle,70,150,0.0,150.0,10500.0,500.0,1,0,91.45
2023-10-08,Eau de Parfum,58,120,0.0,120.0,6960.0,0.0,1,0,91.5
2023-10-08,Eau de Toilette,49,85,0.3,59.5,2915.5,0.0,1,0,91.5
2023-10-08,Home Fragrance,170,45,0.1,40.5,6885.0,500.0,1,0,91.5
2023-10-08,Skincare Bundle,100,150,0.3,105.0,10500.0,0.0,1,0,91.5
2023-10-09,Eau de Parfum,27,120,0.0,120.0,3240.0,0.0,0,0,91.55
2023-10-09,Eau de Toilette,59,85,0.0,85.0,5015.0,1000.0,0,0,91.55
2023-10-09,Home Fragrance,70,45,0.1,40.5,2835.0,0.0,0,0,91.55
2023-10-09,Skincare Bundle,55,150,0.0,150.0,8250.0,0.0,0,0,91.55
2023-10-10,Eau de Parfum,74,120,0.0,120.0,8880.0,2500.0,0,0,91.61
2023-10-10,Eau de Toilette,73,85,0.0,85.0,6205.0,2500.0,0,0,91.61
2023-10-10,Home Fragrance,145,45,0.1,40.5,5872.5,500.0,0,0,91.61
2023-10-10,Skincare Bundle,49,150,0.0,150.0,7350.0,0.0,0,0,91.61
2023-10-11,Eau de Parfum,42,120,0.0,120.0,5040.0,0.0,0,0,91.66
2023-10-11,Eau de Toilette,51,85,0.0,85.0,4335.0,0.0,0,0,91.66
2023-10-11,Home Fragrance,118,45,0.0,45.0,5310.0,2500.0,0,0,91.66
2023-10-11,Skincare Bundle,45,150,0.2,120.0,5400.0,500.0,0,0,91.66
2023-10-12,Eau de Parfum,68,120,0.0,120.0,8160.0,1000.0,0,0,91.72
2023-10-12,Eau de Toilette,66,85,0.0,85.0,5610.0,1000.0,0,0,91.72
2023-10-12,Home Fragrance,98,45,0.1,40.5,3969.0,0.0,0,0,91.72
2023-10-12,Skincare Bundle,53,150,0.0,150.0,7950.0,1000.0,0,0,91.72
2023-10-13,Eau de Parfum,72,120,0.1,108.0,7776.0,0.0,0,0,91.77
2023-10-13,Eau de Toilette,57,85,0.1,76.5,4360.5,,0,0,91.77
2023-10-13,Home Fragrance,100,45,0.0,45.0,4500.0,500.0,0,0,91.77
2023-10-13,Skincare Bundle,60,150,0.0,150.0,9000.0,0.0,0,0,91.77
2023-10-14,Eau de Parfum,110,120,0.1,108.0,11880.0,2500.0,1,0,91.83
2023-10-14,Eau de Toilette,62,85,0.1,76.5,4743.0,0.0,1,0,91.83
2023-10-14,Home Fragrance,166,45,0.3,31.5,5229.0,0.0,1,0,91.83
2023-10-14,Skincare Bundle,27,150,0.0,150.0,4050.0,0.0,1,0,91.83
2023-10-15,Eau de Parfum,63,120,0.0,120.0,7560.0,0.0,1,0,91.89
2023-10-15,Eau de Toilette,106,85,0.0,85.0,9010.0,500.0,1,0,91.89
2023-10-15,Home Fragrance,125,45,0.0,45.0,5625.0,0.0,1,0,91.89
2023-10-15,Skincare Bundle,42,150,0.0,150.0,6300.0,0.0,1,0,91.89
2023-10-16,Eau de Parfum,82,120,0.1,108.0,8856.0,500.0,0,0,91.95
2023-10-16,Eau de Toilette,63,85,0.1,76.5,4819.5,0.0,0,0,91.95
2023-10-16,Home Fragrance,69,45,0.0,45.0,3105.0,0.0,0,0,91.95
2023-10-16,Skincare Bundle,53,150,0.1,135.0,7155.0,0.0,0,0,91.95
2023-10-17,Eau de Parfum,51,120,0.0,120.0,6120.0,0.0,0,0,92.01
2023-10-17,Eau de Toilette,42,85,0.1,76.5,3213.0,0.0,0,0,92.01
2023-10-17,Home Fragrance,63,45,0.0,45.0,2835.0,1000.0,0,0,92.01
2023-10-17,Skincare Bundle,29,150,0.2,120.0,3480.0,0.0,0,0,92.01
2023-10-18,Eau de Parfum,48,120,0.0,120.0,5760.0,500.0,0,0,92.07
2023-10-18,Eau de Toilette,64,85,0.0,85.0,5440.0,0.0,0,0,92.07
2023-10-18,Home Fragrance,74,45,0.0,45.0,3330.0,0.0,0,0,92.07
2023-10-18,Skincare Bundle,57,150,0.0,150.0,8550.0,0.0,0,0,92.07
2023-10-19,Eau de Parfum,55,120,0.1,108.0,5940.0,1000.0,0,0,92.13
2023-10-19,Eau de Toilette,56,85,0.0,85.0,4760.0,1000.0,0,0,92.13
2023-10-19,Home Fragrance,65,45,0.0,45.0,2925.0,1000.0,0,0,92.13
2023-10-19,Skincare Bundle,59,150,0.0,150.0,8850.0,0.0,0,0,92.13
2023-10-20,Eau de Parfum,15,120,0.2,96.0,1440.0,0.0,0,0,92.19
2023-10-20,Eau de Toilette,11,85,0.1,76.5,841.5,500.0,0,0,92.19
2023-10-20,Home Fragrance,68,45,0.0,45.0,3060.0,1000.0,0,0,92.19
2023-10-20,Skincare Bundle,47,150,0.0,150.0,7050.0,1000.0,0,0,92.19
2023-10-21,Eau de Parfum,34,120,0.0,120.0,4080.0,0.0,1,0,92.26
2023-10-21,Eau de Toilette,105,85,0.1,76.5,8032.5,1000.0,1,0,92.26
2023-10-21,Home Fragrance,151,45,0.0,45.0,6795.0,0.0,1,0,92.26
2023-10-21,Skincare Bundle,42,150,0.1,135.0,5670.0,1000.0,1,0,92.26
2023-10-22,Eau de Parfum,48,120,0.0,120.0,5760.0,0.0,1,0,92.32
2023-10-22,Eau de Toilette,72,85,0.1,76.5,5508.0,0.0,1,0,92.32
2023-10-22,Home Fragrance,74,45,0.0,45.0,3330.0,1000.0,1,0,92.32
2023-10-22,Skincare Bundle,74,150,0.2,120.0,8880.0,0.0,1,0,92.32
2023-10-23,Eau de Parfum,65,120,0.2,96.0,6240.0,0.0,0,0,92.38
2023-10-23,Eau de Toilette,70,85,0.3,59.5,4165.0,500.0,0,0,92.38
2023-10-23,Home Fragrance,112,45,0.0,45.0,5040.0,1000.0,0,0,92.38
2023-10-23,Skincare Bundle,42,150,0.0,150.0,6300.0,0.0,0,0,92.38
2023-10-24,Eau de Parfum,53,120,0.0,120.0,6360.0,0.0,0,0,92.45
2023-10-24,Eau de Toilette,54,85,0.0,85.0,4590.0,0.0,0,0,92.45
2023-10-24,Home Fragrance,79,45,0.0,45.0,3555.0,,0,0,92.45
2023-10-24,Skincare Bundle,55,150,0.0,150.0,8250.0,500.0,0,0,92.45
2023-10-25,Eau de Parfum,45,120,0.0,120.0,5400.0,500.0,0,0,92.51
2023-10-25,Eau de Toilette,65,85,0.0,85.0,5525.0,2500.0,0,0,92.51
2023-10-25,Home Fragrance,110,45,0.0,45.0,4950.0,500.0,0,0,92.51
2023-10-25,Skincare Bundle,48,150,0.2,120.0,5760.0,0.0,0,0,92.51
2023-10-26,Eau de Parfum,54,120,0.0,120.0,6480.0,0.0,0,0,92.58
2023-10-26,Eau de Toilette,62,85,0.0,85.0,5270.0,,0,0,92.58
2023-10-26,Home Fragrance,73,45,0.0,45.0,3285.0,500.0,0,0,92.58
2023-10-26,Skincare Bundle,33,150,0.1,135.0,4455.0,0.0,0,0,92.58
2023-10-27,Eau de Parfum,62,120,0.0,120.0,7440.0,,0,0,92.65
2023-10-27,Eau de Toilette,49,85,0.0,85.0,4165.0,0.0,0,0,92.65
2023-10-27,Home Fragrance,82,45,0.1,40.5,3321.0,500.0,0,0,92.65
2023-10-27,Skincare Bundle,52,150,0.0,150.0,7800.0,0.0,0,0,92.65
2023-10-28,Eau de Parfum,68,120,0.0,120.0,8160.0,1000.0,1,0,92.72
2023-10-28,Eau de Toilette,58,85,0.0,85.0,4930.0,0.0,1,0,92.72
2023-10-28,Home Fragrance,91,45,0.0,45.0,4095.0,500.0,1,0,92.72
2023-10-28,Skincare Bundle,72,150,0.0,150.0,10800.0,,1,0,92.72
2023-10-29,Eau de Parfum,63,120,0.0,120.0,7560.0,0.0,1,0,92.79
2023-10-29,Eau de Toilette,84,85,0.1,76.5,6426.0,0.0,1,0,92.79
2023-10-29,Home Fragrance,100,45,0.3,31.5,3150.0,0.0,1,0,92.79
2023-10-29,Skincare Bundle,50,150,0.0,150.0,7500.0,1000.0,1,0,92.79
2023-10-30,Eau de Parfum,67,120,0.1,108.0,7236.0,0.0,0,0,92.85
2023-10-30,Eau de Toilette,19,85,0.0,85.0,1615.0,0.0,0,0,92.85
2023-10-30,Home Fragrance,149,45,0.0,45.0,6705.0,0.0,0,0,92.85
2023-10-30,Skincare Bundle,67,150,0.0,150.0,10050.0,0.0,0,0,92.85
2023-10-31,Eau de Parfum,52,120,0.0,120.0,6240.0,1000.0,0,0,92.93
2023-10-31,Eau de Toilette,47,85,0.0,85.0,3995.0,500.0,0,0,92.93
2023-10-31,Home Fragrance,54,45,0.0,45.0,2430.0,0.0,0,0,92.93
2023-10-31,Skincare Bundle,55,150,0.0,150.0,8250.0,1000.0,0,0,92.93
2023-11-01,Eau de Parfum,70,120,0.0,120.0,8400.0,500.0,0,0,93.0
2023-11-01,Eau de Toilette,76,85,0.0,85.0,6460.0,500.0,0,0,93.0
2023-11-01,Home Fragrance,69,45,0.0,45.0,3105.0,0.0,0,0,93.0
2023-11-01,Skincare Bundle,105,150,0.0,150.0,15750.0,0.0,0,0,93.0
2023-11-02,Eau de Parfum,122,120,0.0,120.0,14640.0,0.0,0,0,93.07
2023-11-02,Eau de Toilette,92,85,0.0,85.0,7820.0,,0,0,93.07
2023-11-02,Home Fragrance,143,45,0.1,40.5,5791.5,2500.0,0,0,93.07
2023-11-02,Skincare Bundle,99,150,0.0,150.0,14850.0,1000.0,0,0,93.07
2023-11-03,Eau de Parfum,73,120,0.0,120.0,8760.0,0.0,0,0,93.14
2023-11-03,Eau de Toilette,57,85,0.0,85.0,4845.0,0.0,0,0,93.14
2023-11-03,Home Fragrance,69,45,0.2,36.0,2484.0,0.0,0,0,93.14
2023-11-03,Skincare Bundle,62,150,0.1,135.0,8370.0,0.0,0,0,93.14
2023-11-04,Eau de Parfum,119,120,0.0,120.0,14280.0,0.0,1,0,93.21
2023-11-04,Eau de Toilette,85,85,0.1,76.5,6502.5,0.0,1,0,93.21
2023-11-04,Home Fragrance,99,45,0.0,45.0,4455.0,0.0,1,0,93.21
2023-11-04,Skincare Bundle,102,150,0.0,150.0,15300.0,500.0,1,0,93.21
2023-11-05,Eau de Parfum,115,120,0.0,120.0,13800.0,0.0,1,0,93.29
2023-11-05,Eau de Toilette,87,85,0.0,85.0,7395.0,0.0,1,0,93.29
2023-11-05,Home Fragrance,97,45,0.0,45.0,4365.0,0.0,1,0,93.29
2023-11-05,Skincare Bundle,53,150,0.0,150.0,7950.0,500.0,1,0,93.29
2023-11-06,Eau de Parfum,88,120,0.0,120.0,10560.0,0.0,0,0,93.36
2023-11-06,Eau de Toilette,49,85,0.1,76.5,3748.5,500.0,0,0,93.36
2023-11-06,Home Fragrance,70,45,0.0,45.0,3150.0,0.0,0,0,93.36
2023-11-06,Skincare Bundle,58,150,0.0,150.0,8700.0,0.0,0,0,93.36
2023-11-07,Eau de Parfum,64,120,0.0,120.0,7680.0,0.0,0,0,93.44
2023-11-07,Eau de Toilette,27,85,0.0,85.0,2295.0,0.0,0,0,93.44
2023-11-07,Home Fragrance,93,45,0.0,45.0,4185.0,2500.0,0,0,93.44
2023-11-07,Skincare Bundle,103,150,0.1,135.0,13905.0,2500.0,0,0,93.44
2023-11-08,Eau de Parfum,133,120,0.0,120.0,15960.0,2500.0,0,0,93.51
2023-11-08,Eau de Toilette,53,85,0.0,85.0,4505.0,0.0,0,0,93.51
2023-11-08,Home Fragrance,74,45,0.0,45.0,3330.0,0.0,0,0,93.51
2023-11-08,Skincare Bundle,66,150,0.0,150.0,9900.0,0.0,0,0,93.51
2023-11-09,Eau de Parfum,37,120,0.0,120.0,4440.0,0.0,0,0,93.59
2023-11-09,Eau de Toilette,61,85,0.1,76.5,4666.5,0.0,0,0,93.59
2023-11-09,Home Fragrance,45,45,0.2,36.0,1620.0,0.0,0,0,93.59
2023-11-09,Skincare Bundle,113,150,0.0,150.0,16950.0,1000.0,0,0,93.59
2023-11-10,Eau de Parfum,49,120,0.0,120.0,5880.0,2500.0,0,0,93.67
2023-11-10,Eau de Toilette,45,85,0.1,76.5,3442.5,0.0,0,0,93.67
2023-11-10,Home Fragrance,70,45,0.0,45.0,3150.0,0.0,0,0,93.67
2023-11-10,Skincare Bundle,95,150,0.2,120.0,11400.0,0.0,0,0,93.67
2023-11-11,Eau de Parfum,175,120,0.0,120.0,21000.0,2500.0,1,0,93.74
2023-11-11,Eau de Toilette,52,85,0.3,59.5,3094.0,0.0,1,0,93.74
2023-11-11,Home Fragrance,98,45,0.0,45.0,4410.0,0.0,1,0,93.74
2023-11-11,Skincare Bundle,74,150,0.0,150.0,11100.0,0.0,1,0,93.74
2023-11-12,Eau de Parfum,128,120,0.0,120.0,15360.0,500.0,1,0,93.82
2023-11-12,Eau de Toilette,63,85,0.1,76.5,4819.5,0.0,1,0,93.82
2023-11-12,Home Fragrance,139,45,0.0,45.0,6255.0,500.0,1,0,93.82
2023-11-12,Skincare Bundle,96,150,0.0,150.0,14400.0,0.0,1,0,93.82
2023-11-13,Eau de Parfum,96,120,0.2,96.0,9216.0,0.0,0,0,93.9
2023-11-13,Eau de Toilette,31,85,0.0,85.0,2635.0,0.0,0,0,93.9
2023-11-13,Home Fragrance,103,45,0.0,45.0,4635.0,0.0,0,0,93.9
2023-11-13,Skincare Bundle,115,150,0.2,120.0,13800.0,500.0,0,0,93.9
2023-11-14,Eau de Parfum,116,120,0.0,120.0,13920.0,0.0,0,0,93.98
2023-11-14,Eau de Toilette,62,85,0.0,85.0,5270.0,0.0,0,0,93.98
2023-11-14,Home Fragrance,47,45,0.2,36.0,1692.0,0.0,0,0,93.98
2023-11-14,Skincare Bundle,96,150,0.0,150.0,14400.0,0.0,0,0,93.98
2023-11-15,Eau de Parfum,63,120,0.0,120.0,7560.0,0.0,0,0,94.06
2023-11-15,Eau de Toilette,54,85,0.0,85.0,4590.0,0.0,0,0,94.06
2023-11-15,Home Fragrance,24,45,0.0,45.0,1080.0,0.0,0,0,94.06
2023-11-15,Skincare Bundle,54,150,0.1,135.0,7290.0,500.0,0,0,94.06
2023-11-16,Eau de Parfum,99,120,0.1,108.0,10692.0,500.0,0,0,94.14
2023-11-16,Eau de Toilette,41,85,0.0,85.0,3485.0,0.0,0,0,94.14
2023-11-16,Home Fragrance,119,45,0.2,36.0,4284.0,,0,0,94.14
2023-11-16,Skincare Bundle,90,150,0.0,150.0,13500.0,0.0,0,0,94.14
2023-11-17,Eau de Parfum,90,120,0.2,96.0,8640.0,0.0,0,0,94.22
2023-11-17,Eau de Toilette,65,85,0.0,85.0,5525.0,500.0,0,0,94.22
2023-11-17,Home Fragrance,68,45,0.2,36.0,2448.0,0.0,0,0,94.22
2023-11-17,Skincare Bundle,86,150,0.0,150.0,12900.0,0.0,0,0,94.22
2023-11-18,Eau de Parfum,48,120,0.0,120.0,5760.0,0.0,1,0,94.3
2023-11-18,Eau de Toilette,68,85,0.0,85.0,5780.0,0.0,1,0,94.3
2023-11-18,Home Fragrance,131,45,0.0,45.0,5895.0,1000.0,1,0,94.3
2023-11-18,Skincare Bundle,114,150,0.0,150.0,17100.0,0.0,1,0,94.3
2023-11-19,Eau de Parfum,80,120,0.0,120.0,9600.0,0.0,1,0,94.39
2023-11-19,Eau de Toilette,60,85,0.0,85.0,5100.0,0.0,1,0,94.39
2023-11-19,Home Fragrance,79,45,0.0,45.0,3555.0,1000.0,1,0,94.39
2023-11-19,Skincare Bundle,75,150,0.0,150.0,11250.0,500.0,1,0,94.39
2023-11-20,Eau de Parfum,82,120,0.0,120.0,9840.0,0.0,0,0,94.47
2023-11-20,Eau de Toilette,50,85,0.1,76.5,3825.0,0.0,0,0,94.47
2023-11-20,Home Fragrance,75,45,0.1,40.5,3037.5,500.0,0,0,94.47
2023-11-20,Skincare Bundle,84,150,0.1,135.0,11340.0,0.0,0,0,94.47
2023-11-21,Eau de Parfum,81,120,0.2,96.0,7776.0,0.0,0,1,94.55
2023-11-21,Eau de Toilette,96,85,0.2,68.0,6528.0,500.0,0,1,94.55
2023-11-21,Home Fragrance,140,45,0.2,36.0,5040.0,0.0,0,1,94.55
2023-11-21,Skincare Bundle,166,150,0.2,120.0,19920.0,500.0,0,1,94.55
2023-11-22,Eau de Parfum,273,120,0.2,96.0,26208.0,500.0,0,1,94.64
2023-11-22,Eau de Toilette,126,85,0.2,68.0,8568.0,1000.0,0,1,94.64
2023-11-22,Home Fragrance,184,45,0.2,36.0,6624.0,0.0,0,1,94.64
2023-11-22,Skincare Bundle,222,150,0.2,120.0,26640.0,1000.0,0,1,94.64
2023-11-23,Eau de Parfum,99,120,0.2,96.0,9504.0,500.0,0,1,94.72
2023-11-23,Eau de Toilette,148,85,0.2,68.0,10064.0,1000.0,0,1,94.72
2023-11-23,Home Fragrance,174,45,0.2,36.0,6264.0,1000.0,0,1,94.72
2023-11-23,Skincare Bundle,213,150,0.2,120.0,25560.0,1000.0,0,1,94.72
2023-11-24,Eau de Parfum,159,120,0.2,96.0,15264.0,0.0,0,1,94.81
2023-11-24,Eau de Toilette,118,85,0.2,68.0,8024.0,500.0,0,1,94.81
2023-11-24,Home Fragrance,132,45,0.2,36.0,4752.0,0.0,0,1,94.81
2023-11-24,Skincare Bundle,89,150,0.2,120.0,10680.0,0.0,0,1,94.81
2023-11-25,Eau de Parfum,105,120,0.2,96.0,10080.0,0.0,1,1,94.89
2023-11-25,Eau de Toilette,167,85,0.2,68.0,11356.0,0.0,1,1,94.89
2023-11-25,Home Fragrance,292,45,0.2,36.0,10512.0,1000.0,1,1,94.89
2023-11-25,Skincare Bundle,159,150,0.2,120.0,19080.0,0.0,1,1,94.89
2023-11-26,Eau de Parfum,68,120,0.2,96.0,6528.0,0.0,1,1,94.98
2023-11-26,Eau de Toilette,143,85,0.2,68.0,9724.0,1000.0,1,1,94.98
2023-11-26,Home Fragrance,294,45,0.2,36.0,10584.0,2500.0,1,1,94.98
2023-11-26,Skincare Bundle,112,150,0.2,120.0,13440.0,0.0,1,1,94.98
2023-11-27,Eau de Parfum,177,120,0.2,96.0,16992.0,0.0,0,1,95.07
2023-11-27,Eau de Toilette,125,85,0.2,68.0,8500.0,0.0,0,1,95.07
2023-11-27,Home Fragrance,183,45,0.2,36.0,6588.0,0.0,0,1,95.07
2023-11-27,Skincare Bundle,183,150,0.2,120.0,21960.0,0.0,0,1,95.07
2023-11-28,Eau de Parfum,123,120,0.2,96.0,11808.0,500.0,0,1,95.15
2023-11-28,Eau de Toilette,84,85,0.2,68.0,5712.0,0.0,0,1,95.15
2023-11-28,Home Fragrance,178,45,0.2,36.0,6408.0,0.0,0,1,95.15
2023-11-28,Skincare Bundle,0,150,0.2,120.0,0.0,0.0,0,1,95.15
2023-11-29,Eau de Parfum,210,120,0.2,96.0,20160.0,0.0,0,1,95.24
2023-11-29,Eau de Toilette,102,85,0.2,68.0,6936.0,0.0,0,1,95.24
2023-11-29,Home Fragrance,172,45,0.2,36.0,6192.0,0.0,0,1,95.24
2023-11-29,Skincare Bundle,380,150,0.2,120.0,45600.0,2500.0,0,1,95.24
2023-11-30,Eau de Parfum,105,120,0.2,96.0,10080.0,500.0,0,1,95.33
2023-11-30,Eau de Toilette,147,85,0.2,68.0,9996.0,500.0,0,1,95.33
2023-11-30,Home Fragrance,143,45,0.2,36.0,5148.0,0.0,0,1,95.33
2023-11-30,Skincare Bundle,265,150,0.2,120.0,31800.0,2500.0,0,1,95.33
2023-12-01,Eau de Parfum,171,120,0.2,96.0,16416.0,,0,1,95.42
2023-12-01,Eau de Toilette,107,85,0.2,68.0,7276.0,0.0,0,1,95.42
2023-12-01,Home Fragrance,32,45,0.2,36.0,1152.0,2500.0,0,1,95.42
2023-12-01,Skincare Bundle,130,150,0.2,120.0,15600.0,0.0,0,1,95.42
2023-12-02,Eau de Parfum,251,120,0.2,96.0,24096.0,0.0,1,1,95.51
2023-12-02,Eau de Toilette,196,85,0.2,68.0,13328.0,0.0,1,1,95.51
2023-12-02,Home Fragrance,188,45,0.2,36.0,6768.0,500.0,1,1,95.51
2023-12-02,Skincare Bundle,130,150,0.2,120.0,15600.0,1000.0,1,1,95.51
2023-12-03,Eau de Parfum,209,120,0.2,96.0,20064.0,1000.0,1,1,95.6
2023-12-03,Eau de Toilette,115,85,0.2,68.0,7820.0,0.0,1,1,95.6
2023-12-03,Home Fragrance,218,45,0.2,36.0,7848.0,0.0,1,1,95.6
2023-12-03,Skincare Bundle,45,150,0.2,120.0,5400.0,0.0,1,1,95.6
2023-12-04,Eau de Parfum,154,120,0.2,96.0,14784.0,0.0,0,1,95.69
2023-12-04,Eau de Toilette,102,85,0.2,68.0,6936.0,500.0,0,1,95.69
2023-12-04,Home Fragrance,213,45,0.2,36.0,7668.0,2500.0,0,1,95.69
2023-12-04,Skincare Bundle,96,150,0.2,120.0,11520.0,500.0,0,1,95.69
2023-12-05,Eau de Parfum,120,120,0.2,96.0,11520.0,500.0,0,1,95.78
2023-12-05,Eau de Toilette,120,85,0.2,68.0,8160.0,0.0,0,1,95.78
2023-12-05,Home Fragrance,132,45,0.2,36.0,4752.0,0.0,0,1,95.78
2023-12-05,Skincare Bundle,122,150,0.2,120.0,14640.0,0.0,0,1,95.78
2023-12-06,Eau de Parfum,157,120,0.2,96.0,15072.0,0.0,0,1,95.87
2023-12-06,Eau de Toilette,134,85,0.2,68.0,9112.0,0.0,0,1,95.87
2023-12-06,Home Fragrance,62,45,0.2,36.0,2232.0,500.0,0,1,95.87
2023-12-06,Skincare Bundle,77,150,0.2,120.0,9240.0,0.0,0,1,95.87
2023-12-07,Eau de Parfum,207,120,0.2,96.0,19872.0,1000.0,0,1,95.96
2023-12-07,Eau de Toilette,130,85,0.2,68.0,8840.0,500.0,0,1,95.96
2023-12-07,Home Fragrance,158,45,0.2,36.0,5688.0,0.0,0,1,95.96
2023-12-07,Skincare Bundle,170,150,0.2,120.0,20400.0,1000.0,0,1,95.96
2023-12-08,Eau de Parfum,125,120,0.2,96.0,12000.0,0.0,0,1,96.05
2023-12-08,Eau de Toilette,105,85,0.2,68.0,7140.0,500.0,0,1,96.05
2023-12-08,Home Fragrance,124,45,0.3,31.5,3906.0,0.0,0,1,96.05
2023-12-08,Skincare Bundle,106,150,0.2,120.0,12720.0,500.0,0,1,96.05
2023-12-09,Eau de Parfum,273,120,0.2,96.0,26208.0,1000.0,1,1,96.14
2023-12-09,Eau de Toilette,166,85,0.2,68.0,11288.0,0.0,1,1,96.14
2023-12-09,Home Fragrance,275,45,0.2,36.0,9900.0,1000.0,1,1,96.14
2023-12-09,Skincare Bundle,111,150,0.2,120.0,13320.0,0.0,1,1,96.14
2023-12-10,Eau de Parfum,91,120,0.2,96.0,8736.0,500.0,1,1,96.24
2023-12-10,Eau de Toilette,151,85,0.2,68.0,10268.0,1000.0,1,1,96.24
2023-12-10,Home Fragrance,189,45,0.2,36.0,6804.0,1000.0,1,1,96.24
2023-12-10,Skincare Bundle,140,150,0.2,120.0,16800.0,1000.0,1,1,96.24
2023-12-11,Eau de Parfum,211,120,0.2,96.0,20256.0,0.0,0,1,96.33
2023-12-11,Eau de Toilette,75,85,0.2,68.0,5100.0,0.0,0,1,96.33
2023-12-11,Home Fragrance,210,45,0.2,36.0,7560.0,0.0,0,1,96.33
2023-12-11,Skincare Bundle,133,150,0.2,120.0,15960.0,0.0,0,1,96.33
2023-12-12,Eau de Parfum,250,120,0.2,96.0,24000.0,500.0,0,1,96.42
2023-12-12,Eau de Toilette,45,85,0.2,68.0,3060.0,500.0,0,1,96.42
2023-12-12,Home Fragrance,191,45,0.2,36.0,6876.0,500.0,0,1,96.42
2023-12-12,Skincare Bundle,86,150,0.2,120.0,10320.0,500.0,0,1,96.42
2023-12-13,Eau de Parfum,150,120,0.2,96.0,14400.0,0.0,0,1,96.52
2023-12-13,Eau de Toilette,133,85,0.2,68.0,9044.0,0.0,0,1,96.52
2023-12-13,Home Fragrance,160,45,0.2,36.0,5760.0,0.0,0,1,96.52
2023-12-13,Skincare Bundle,117,150,0.2,120.0,14040.0,500.0,0,1,96.52
2023-12-14,Eau de Parfum,146,120,0.2,96.0,14016.0,2500.0,0,1,96.61
2023-12-14,Eau de Toilette,97,85,0.2,68.0,6596.0,0.0,0,1,96.61
2023-12-14,Home Fragrance,165,45,0.2,36.0,5940.0,0.0,0,1,96.61
2023-12-14,Skincare Bundle,125,150,0.2,120.0,15000.0,1000.0,0,1,96.61
2023-12-15,Eau de Parfum,132,120,0.2,96.0,12672.0,0.0,0,1,96.7
2023-12-15,Eau de Toilette,114,85,0.2,68.0,7752.0,1000.0,0,1,96.7
2023-12-15,Home Fragrance,245,45,0.2,36.0,8820.0,0.0,0,1,96.7
2023-12-15,Skincare Bundle,101,150,0.2,120.0,12120.0,0.0,0,1,96.7
2023-12-16,Eau de Parfum,277,120,0.2,96.0,26592.0,1000.0,1,1,96.8
2023-12-16,Eau de Toilette,179,85,0.2,68.0,12172.0,0.0,1,1,96.8
2023-12-16,Home Fragrance,295,45,0.2,36.0,10620.0,0.0,1,1,96.8
2023-12-16,Skincare Bundle,176,150,0.2,120.0,21120.0,0.0,1,1,96.8
2023-12-17,Eau de Parfum,253,120,0.2,96.0,24288.0,1000.0,1,1,96.89
2023-12-17,Eau de Toilette,153,85,0.2,68.0,10404.0,500.0,1,1,96.89
2023-12-17,Home Fragrance,204,45,0.2,36.0,7344.0,1000.0,1,1,96.89
2023-12-17,Skincare Bundle,157,150,0.2,120.0,18840.0,0.0,1,1,96.89
2023-12-18,Eau de Parfum,159,120,0.2,96.0,15264.0,,0,1,96.99
2023-12-18,Eau de Toilette,115,85,0.2,68.0,7820.0,500.0,0,1,96.99
2023-12-18,Home Fragrance,107,45,0.2,36.0,3852.0,1000.0,0,1,96.99
2023-12-18,Skincare Bundle,125,150,0.2,120.0,15000.0,0.0,0,1,96.99
2023-12-19,Eau de Parfum,89,120,0.2,96.0,8544.0,0.0,0,1,97.08
2023-12-19,Eau de Toilette,195,85,0.2,68.0,13260.0,1000.0,0,1,97.08
2023-12-19,Home Fragrance,109,45,0.2,36.0,3924.0,500.0,0,1,97.08
2023-12-19,Skincare Bundle,84,150,0.2,120.0,10080.0,500.0,0,1,97.08
2023-12-20,Eau de Parfum,170,120,0.2,96.0,16320.0,0.0,0,1,97.18
2023-12-20,Eau de Toilette,95,85,0.2,68.0,6460.0,1000.0,0,1,97.18
2023-12-20,Home Fragrance,176,45,0.2,36.0,6336.0,0.0,0,1,97.18
2023-12-20,Skincare Bundle,147,150,0.2,120.0,17640.0,500.0,0,1,97.18
2023-12-21,Eau de Parfum,122,120,0.2,96.0,11712.0,0.0,0,1,97.28
2023-12-21,Eau de Toilette,95,85,0.2,68.0,6460.0,0.0,0,1,97.28
2023-12-21,Home Fragrance,213,45,0.2,36.0,7668.0,0.0,0,1,97.28
2023-12-21,Skincare Bundle,84,150,0.2,120.0,10080.0,1000.0,0,1,97.28
2023-12-22,Eau de Parfum,157,120,0.2,96.0,15072.0,0.0,0,1,97.37
2023-12-22,Eau de Toilette,130,85,0.2,68.0,8840.0,0.0,0,1,97.37
2023-12-22,Home Fragrance,24,45,0.2,36.0,864.0,500.0,0,1,97.37
2023-12-22,Skincare Bundle,102,150,0.2,120.0,12240.0,1000.0,0,1,97.37
2023-12-23,Eau de Parfum,196,120,0.2,96.0,18816.0,0.0,1,1,97.47
2023-12-23,Eau de Toilette,93,85,0.2,68.0,6324.0,0.0,1,1,97.47
2023-12-23,Home Fragrance,245,45,0.2,36.0,8820.0,1000.0,1,1,97.47
2023-12-23,Skincare Bundle,173,150,0.2,120.0,20760.0,0.0,1,1,97.47
2023-12-24,Eau de Parfum,235,120,0.2,96.0,22560.0,0.0,1,1,97.57
2023-12-24,Eau de Toilette,147,85,0.2,68.0,9996.0,500.0,1,1,97.57
2023-12-24,Home Fragrance,225,45,0.2,36.0,8100.0,1000.0,1,1,97.57
2023-12-24,Skincare Bundle,51,150,0.2,120.0,6120.0,500.0,1,1,97.57
2023-12-25,Eau de Parfum,128,120,0.2,96.0,12288.0,0.0,0,1,97.66
2023-12-25,Eau de Toilette,50,85,0.2,68.0,3400.0,0.0,0,1,97.66
2023-12-25,Home Fragrance,129,45,0.2,36.0,4644.0,1000.0,0,1,97.66
2023-12-25,Skincare Bundle,124,150,0.2,120.0,14880.0,500.0,0,1,97.66
2023-12-26,Eau de Parfum,184,120,0.2,96.0,17664.0,1000.0,0,1,97.76
2023-12-26,Eau de Toilette,140,85,0.2,68.0,9520.0,1000.0,0,1,97.76
2023-12-26,Home Fragrance,139,45,0.2,36.0,5004.0,0.0,0,1,97.76
2023-12-26,Skincare Bundle,60,150,0.2,120.0,7200.0,0.0,0,1,97.76
2023-12-27,Eau de Parfum,171,120,0.2,96.0,16416.0,0.0,0,1,97.86
2023-12-27,Eau de Toilette,70,85,0.2,68.0,4760.0,0.0,0,1,97.86
2023-12-27,Home Fragrance,121,45,0.2,36.0,4356.0,0.0,0,1,97.86
2023-12-27,Skincare Bundle,118,150,0.2,120.0,14160.0,1000.0,0,1,97.86
2023-12-28,Eau de Parfum,176,120,0.2,96.0,16896.0,1000.0,0,1,97.96
2023-12-28,Eau de Toilette,156,85,0.2,68.0,10608.0,0.0,0,1,97.96
2023-12-28,Home Fragrance,168,45,0.2,36.0,6048.0,500.0,0,1,97.96
2023-12-28,Skincare Bundle,85,150,0.2,120.0,10200.0,0.0,0,1,97.96
2023-12-29,Eau de Parfum,164,120,0.2,96.0,15744.0,1000.0,0,1,98.05
2023-12-29,Eau de Toilette,97,85,0.2,68.0,6596.0,0.0,0,1,98.05
2023-12-29,Home Fragrance,215,45,0.2,36.0,7740.0,1000.0,0,1,98.05
2023-12-29,Skincare Bundle,76,150,0.2,120.0,9120.0,0.0,0,1,98.05
2023-12-30,Eau de Parfum,147,120,0.2,96.0,14112.0,0.0,1,1,98.15
2023-12-30,Eau de Toilette,93,85,0.2,68.0,6324.0,500.0,1,1,98.15
2023-12-30,Home Fragrance,189,45,0.2,36.0,6804.0,500.0,1,1,98.15
2023-12-30,Skincare Bundle,113,150,0.2,120.0,13560.0,0.0,1,1,98.15
2023-12-31,Eau de Parfum,257,120,0.2,96.0,24672.0,1000.0,1,1,98.25
2023-12-31,Eau de Toilette,120,85,0.2,68.0,8160.0,0.0,1,1,98.25
2023-12-31,Home Fragrance,190,45,0.2,36.0,6840.0,0.0,1,1,98.25
2023-12-31,Skincare Bundle,154,150,0.2,120.0,18480.0,0.0,1,1,98.25
2024-01-01,Eau de Parfum,52,120,0.0,120.0,6240.0,0.0,0,0,98.35
2024-01-01,Eau de Toilette,39,85,0.0,85.0,3315.0,0.0,0,0,98.35
2024-01-01,Home Fragrance,30,45,0.0,45.0,1350.0,0.0,0,0,98.35
2024-01-01,Skincare Bundle,27,150,0.0,150.0,4050.0,0.0,0,0,98.35
2024-01-02,Eau de Parfum,44,120,0.0,120.0,5280.0,0.0,0,0,98.45
2024-01-02,Eau de Toilette,55,85,0.0,85.0,4675.0,1000.0,0,0,98.45
2024-01-02,Home Fragrance,44,45,0.0,45.0,1980.0,0.0,0,0,98.45
2024-01-02,Skincare Bundle,149,150,0.0,150.0,22350.0,1000.0,0,0,98.45
2024-01-03,Eau de Parfum,87,120,0.0,120.0,10440.0,500.0,0,0,98.55
2024-01-03,Eau de Toilette,93,85,0.2,68.0,6324.0,1000.0,0,0,98.55
2024-01-03,Home Fragrance,65,45,0.0,45.0,2925.0,0.0,0,0,98.55
2024-01-03,Skincare Bundle,111,150,0.0,150.0,16650.0,500.0,0,0,98.55
2024-01-04,Eau de Parfum,57,120,0.0,120.0,6840.0,500.0,0,0,98.64
2024-01-04,Eau de Toilette,67,85,0.0,85.0,5695.0,0.0,0,0,98.64
2024-01-04,Home Fragrance,44,45,0.1,40.5,1782.0,0.0,0,0,98.64
2024-01-04,Skincare Bundle,79,150,0.2,120.0,9480.0,0.0,0,0,98.64
2024-01-05,Eau de Parfum,25,120,0.2,96.0,2400.0,0.0,0,0,98.74
2024-01-05,Eau de Toilette,28,85,0.0,85.0,2380.0,0.0,0,0,98.74
2024-01-05,Home Fragrance,43,45,0.1,40.5,1741.5,0.0,0,0,98.74
2024-01-05,Skincare Bundle,81,150,0.1,135.0,10935.0,0.0,0,0,98.74
2024-01-06,Eau de Parfum,53,120,0.1,108.0,5724.0,0.0,1,0,98.84
2024-01-06,Eau de Toilette,45,85,0.0,85.0,3825.0,0.0,1,0,98.84
2024-01-06,Home Fragrance,102,45,0.1,40.5,4131.0,0.0,1,0,98.84
2024-01-06,Skincare Bundle,142,150,0.0,150.0,21300.0,1000.0,1,0,98.84
2024-01-07,Eau de Parfum,83,120,0.1,108.0,8964.0,0.0,1,0,98.94
2024-01-07,Eau de Toilette,54,85,0.1,76.5,4131.0,0.0,1,0,98.94
2024-01-07,Home Fragrance,97,45,0.0,45.0,4365.0,0.0,1,0,98.94
2024-01-07,Skincare Bundle,97,150,0.0,150.0,14550.0,500.0,1,0,98.94
2024-01-08,Eau de Parfum,48,120,0.0,120.0,5760.0,0.0,0,0,99.04
2024-01-08,Eau de Toilette,37,85,0.0,85.0,3145.0,0.0,0,0,99.04
2024-01-08,Home Fragrance,49,45,0.0,45.0,2205.0,0.0,0,0,99.04
2024-01-08,Skincare Bundle,66,150,0.0,150.0,9900.0,0.0,0,0,99.04
2024-01-09,Eau de Parfum,55,120,0.2,96.0,5280.0,500.0,0,0,99.14
2024-01-09,Eau de Toilette,49,85,0.0,85.0,4165.0,500.0,0,0,99.14
2024-01-09,Home Fragrance,108,45,0.0,45.0,4860.0,2500.0,0,0,99.14
2024-01-09,Skincare Bundle,130,150,0.0,150.0,19500.0,0.0,0,0,99.14
2024-01-10,Eau de Parfum,34,120,0.3,84.0,2856.0,0.0,0,0,99.24
2024-01-10,Eau de Toilette,9,85,0.0,85.0,765.0,1000.0,0,0,99.24
2024-01-10,Home Fragrance,43,45,0.0,45.0,1935.0,0.0,0,0,99.24
2024-01-10,Skincare Bundle,66,150,0.1,135.0,8910.0,0.0,0,0,99.24
2024-01-11,Eau de Parfum,54,120,0.0,120.0,6480.0,1000.0,0,0,99.34
2024-01-11,Eau de Toilette,44,85,0.0,85.0,3740.0,0.0,0,0,99.34
2024-01-11,Home Fragrance,41,45,0.0,45.0,1845.0,0.0,0,0,99.34
2024-01-11,Skincare Bundle,79,150,0.0,150.0,11850.0,0.0,0,0,99.34
2024-01-12,Eau de Parfum,39,120,0.2,96.0,3744.0,0.0,0,0,99.44
2024-01-12,Eau de Toilette,61,85,0.0,85.0,5185.0,500.0,0,0,99.44
2024-01-12,Home Fragrance,34,45,0.0,45.0,1530.0,0.0,0,0,99.44
2024-01-12,Skincare Bundle,93,150,0.1,135.0,12555.0,1000.0,0,0,99.44
2024-01-13,Eau de Parfum,145,120,0.0,120.0,17400.0,2500.0,1,0,99.54
2024-01-13,Eau de Toilette,69,85,0.0,85.0,5865.0,1000.0,1,0,99.54
2024-01-13,Home Fragrance,63,45,0.0,45.0,2835.0,0.0,1,0,99.54
2024-01-13,Skincare Bundle,82,150,0.0,150.0,12300.0,0.0,1,0,99.54
2024-01-14,Eau de Parfum,47,120,0.0,120.0,5640.0,0.0,1,0,99.64
2024-01-14,Eau de Toilette,78,85,0.0,85.0,6630.0,0.0,1,0,99.64
2024-01-14,Home Fragrance,106,45,0.0,45.0,4770.0,1000.0,1,0,99.64
2024-01-14,Skincare Bundle,148,150,0.0,150.0,22200.0,0.0,1,0,99.64
2024-01-15,Eau de Parfum,78,120,0.0,120.0,9360.0,1000.0,0,0,99.74
2024-01-15,Eau de Toilette,38,85,0.0,85.0,3230.0,0.0,0,0,99.74
2024-01-15,Home Fragrance,65,45,0.3,31.5,2047.5,1000.0,0,0,99.74
2024-01-15,Skincare Bundle,71,150,0.0,150.0,10650.0,500.0,0,0,99.74
2024-01-16,Eau de Parfum,74,120,0.0,120.0,8880.0,1000.0,0,0,99.84
2024-01-16,Eau de Toilette,54,85,0.0,85.0,4590.0,0.0,0,0,99.84
2024-01-16,Home Fragrance,50,45,0.0,45.0,2250.0,500.0,0,0,99.84
2024-01-16,Skincare Bundle,100,150,0.1,135.0,13500.0,500.0,0,0,99.84
2024-01-17,Eau de Parfum,39,120,0.0,120.0,4680.0,500.0,0,0,99.94
2024-01-17,Eau de Toilette,24,85,0.1,76.5,1836.0,0.0,0,0,99.94
2024-01-17,Home Fragrance,80,45,0.1,40.5,3240.0,2500.0,0,0,99.94
2024-01-17,Skincare Bundle,116,150,0.1,135.0,15660.0,0.0,0,0,99.94
2024-01-18,Eau de Parfum,32,120,0.0,120.0,3840.0,0.0,0,0,100.04
2024-01-18,Eau de Toilette,37,85,0.0,85.0,3145.0,0.0,0,0,100.04
2024-01-18,Home Fragrance,68,45,0.0,45.0,3060.0,500.0,0,0,100.04
2024-01-18,Skincare Bundle,92,150,0.0,150.0,13800.0,0.0,0,0,100.04
2024-01-19,Eau de Parfum,57,120,0.3,84.0,4788.0,0.0,0,0,100.14
2024-01-19,Eau de Toilette,70,85,0.1,76.5,5355.0,1000.0,0,0,100.14
2024-01-19,Home Fragrance,68,45,0.0,45.0,3060.0,0.0,0,0,100.14
2024-01-19,Skincare Bundle,84,150,0.1,135.0,11340.0,1000.0,0,0,100.14
2024-01-20,Eau de Parfum,76,120,0.2,96.0,7296.0,0.0,1,0,100.24
2024-01-20,Eau de Toilette,63,85,0.0,85.0,5355.0,500.0,1,0,100.24
2024-01-20,Home Fragrance,94,45,0.2,36.0,3384.0,2500.0,1,0,100.24
2024-01-20,Skincare Bundle,54,150,0.2,120.0,6480.0,500.0,1,0,100.24
2024-01-21,Eau de Parfum,50,120,0.0,120.0,6000.0,0.0,1,0,100.34
2024-01-21,Eau de Toilette,99,85,0.0,85.0,8415.0,0.0,1,0,100.34
2024-01-21,Home Fragrance,64,45,0.1,40.5,2592.0,0.0,1,0,100.34
2024-01-21,Skincare Bundle,96,150,0.0,150.0,14400.0,1000.0,1,0,100.34
2024-01-22,Eau de Parfum,48,120,0.0,120.0,5760.0,0.0,0,0,100.44
2024-01-22,Eau de Toilette,72,85,0.3,59.5,4284.0,0.0,0,0,100.44
2024-01-22,Home Fragrance,44,45,0.0,45.0,1980.0,0.0,0,0,100.44
2024-01-22,Skincare Bundle,93,150,0.0,150.0,13950.0,0.0,0,0,100.44
2024-01-23,Eau de Parfum,46,120,0.0,120.0,5520.0,0.0,0,0,100.54
2024-01-23,Eau de Toilette,63,85,0.2,68.0,4284.0,0.0,0,0,100.54
2024-01-23,Home Fragrance,49,45,0.0,45.0,2205.0,0.0,0,0,100.54
2024-01-23,Skincare Bundle,128,150,0.0,150.0,19200.0,0.0,0,0,100.54
2024-01-24,Eau de Parfum,58,120,0.0,120.0,6960.0,0.0,0,0,100.64
2024-01-24,Eau de Toilette,57,85,0.0,85.0,4845.0,0.0,0,0,100.64
2024-01-24,Home Fragrance,59,45,0.2,36.0,2124.0,0.0,0,0,100.64
2024-01-24,Skincare Bundle,100,150,0.1,135.0,13500.0,1000.0,0,0,100.64
2024-01-25,Eau de Parfum,40,120,0.1,108.0,4320.0,0.0,0,0,100.74
2024-01-25,Eau de Toilette,47,85,0.2,68.0,3196.0,0.0,0,0,100.74
2024-01-25,Home Fragrance,51,45,0.0,45.0,2295.0,0.0,0,0,100.74
2024-01-25,Skincare Bundle,82,150,0.1,135.0,11070.0,0.0,0,0,100.74
2024-01-26,Eau de Parfum,44,120,0.0,120.0,5280.0,500.0,0,0,100.84
2024-01-26,Eau de Toilette,40,85,0.0,85.0,3400.0,0.0,0,0,100.84
2024-01-26,Home Fragrance,52,45,0.3,31.5,1638.0,0.0,0,0,100.84
2024-01-26,Skincare Bundle,44,150,0.0,150.0,6600.0,500.0,0,0,100.84
2024-01-27,Eau de Parfum,87,120,0.0,120.0,10440.0,1000.0,1,0,100.94
2024-01-27,Eau de Toilette,80,85,0.0,85.0,6800.0,0.0,1,0,100.94
2024-01-27,Home Fragrance,74,45,0.0,45.0,3330.0,0.0,1,0,100.94
2024-01-27,Skincare Bundle,64,150,0.2,120.0,7680.0,500.0,1,0,100.94
2024-01-28,Eau de Parfum,92,120,0.0,120.0,11040.0,1000.0,1,0,101.04
2024-01-28,Eau de Toilette,31,85,0.2,68.0,2108.0,0.0,1,0,101.04
2024-01-28,Home Fragrance,94,45,0.1,40.5,3807.0,1000.0,1,0,101.04
2024-01-28,Skincare Bundle,150,150,0.0,150.0,22500.0,0.0,1,0,101.04
2024-01-29,Eau de Parfum,29,120,0.1,108.0,3132.0,0.0,0,0,101.14
2024-01-29,Eau de Toilette,61,85,0.0,85.0,5185.0,0.0,0,0,101.14
2024-01-29,Home Fragrance,69,45,0.1,40.5,2794.5,500.0,0,0,101.14
2024-01-29,Skincare Bundle,65,150,0.0,150.0,9750.0,0.0,0,0,101.14
2024-01-30,Eau de Parfum,57,120,0.0,120.0,6840.0,500.0,0,0,101.24
2024-01-30,Eau de Toilette,52,85,0.0,85.0,4420.0,0.0,0,0,101.24
2024-01-30,Home Fragrance,50,45,0.2,36.0,1800.0,500.0,0,0,101.24
2024-01-30,Skincare Bundle,46,150,0.0,150.0,6900.0,0.0,0,0,101.24
2024-01-31,Eau de Parfum,59,120,0.0,120.0,7080.0,1000.0,0,0,101.34
2024-01-31,Eau de Toilette,49,85,0.0,85.0,4165.0,1000.0,0,0,101.34
2024-01-31,Home Fragrance,38,45,0.0,45.0,1710.0,0.0,0,0,101.34
2024-01-31,Skincare Bundle,95,150,0.1,135.0,12825.0,0.0,0,0,101.34
2024-02-01,Eau de Parfum,160,120,0.2,96.0,15360.0,1000.0,0,1,101.44
2024-02-01,Eau de Toilette,61,85,0.2,68.0,4148.0,0.0,0,1,101.44
2024-02-01,Home Fragrance,119,45,0.2,36.0,4284.0,0.0,0,1,101.44
2024-02-01,Skincare Bundle,118,150,0.2,120.0,14160.0,0.0,0,1,101.44
2024-02-02,Eau de Parfum,57,120,0.2,96.0,5472.0,0.0,0,1,101.53
2024-02-02,Eau de Toilette,128,85,0.2,68.0,8704.0,500.0,0,1,101.53
2024-02-02,Home Fragrance,115,45,0.2,36.0,4140.0,0.0,0,1,101.53
2024-02-02,Skincare Bundle,149,150,0.2,120.0,17880.0,1000.0,0,1,101.53
2024-02-03,Eau de Parfum,169,120,0.2,96.0,16224.0,0.0,1,1,101.63
2024-02-03,Eau de Toilette,166,85,0.2,68.0,11288.0,0.0,1,1,101.63
2024-02-03,Home Fragrance,101,45,0.2,36.0,3636.0,0.0,1,1,101.63
2024-02-03,Skincare Bundle,180,150,0.2,120.0,21600.0,0.0,1,1,101.63
2024-02-04,Eau de Parfum,124,120,0.2,96.0,11904.0,500.0,1,1,101.73
2024-02-04,Eau de Toilette,166,85,0.2,68.0,11288.0,0.0,1,1,101.73
2024-02-04,Home Fragrance,138,45,0.2,36.0,4968.0,500.0,1,1,101.73
2024-02-04,Skincare Bundle,147,150,0.2,120.0,17640.0,1000.0,1,1,101.73
2024-02-05,Eau de Parfum,85,120,0.2,96.0,8160.0,0.0,0,1,101.83
2024-02-05,Eau de Toilette,166,85,0.2,68.0,11288.0,0.0,0,1,101.83
2024-02-05,Home Fragrance,57,45,0.2,36.0,2052.0,0.0,0,1,101.83
2024-02-05,Skincare Bundle,97,150,0.2,120.0,11640.0,0.0,0,1,101.83
2024-02-06,Eau de Parfum,152,120,0.2,96.0,14592.0,500.0,0,1,101.93
2024-02-06,Eau de Toilette,82,85,0.2,68.0,5576.0,0.0,0,1,101.93
2024-02-06,Home Fragrance,152,45,0.2,36.0,5472.0,1000.0,0,1,101.93
2024-02-06,Skincare Bundle,115,150,0.2,120.0,13800.0,500.0,0,1,101.93
2024-02-07,Eau de Parfum,220,120,0.2,96.0,21120.0,500.0,0,1,102.03
2024-02-07,Eau de Toilette,122,85,0.2,68.0,8296.0,500.0,0,1,102.03
2024-02-07,Home Fragrance,110,45,0.2,36.0,3960.0,,0,1,102.03
2024-02-07,Skincare Bundle,139,150,0.2,120.0,16680.0,1000.0,0,1,102.03
2024-02-08,Eau de Parfum,211,120,0.2,96.0,20256.0,0.0,0,1,102.12
2024-02-08,Eau de Toilette,117,85,0.2,68.0,7956.0,2500.0,0,1,102.12
2024-02-08,Home Fragrance,117,45,0.2,36.0,4212.0,500.0,0,1,102.12
2024-02-08,Skincare Bundle,78,150,0.2,120.0,9360.0,500.0,0,1,102.12
2024-02-09,Eau de Parfum,55,120,0.2,96.0,5280.0,0.0,0,1,102.22
2024-02-09,Eau de Toilette,129,85,0.2,68.0,8772.0,0.0,0,1,102.22
2024-02-09,Home Fragrance,73,45,0.2,36.0,2628.0,500.0,0,1,102.22
2024-02-09,Skincare Bundle,92,150,0.2,120.0,11040.0,1000.0,0,1,102.22
2024-02-10,Eau de Parfum,237,120,0.2,96.0,22752.0,0.0,1,1,102.32
2024-02-10,Eau de Toilette,90,85,0.2,68.0,6120.0,0.0,1,1,102.32
2024-02-10,Home Fragrance,142,45,0.2,36.0,5112.0,0.0,1,1,102.32
2024-02-10,Skincare Bundle,127,150,0.2,120.0,15240.0,0.0,1,1,102.32
2024-02-11,Eau de Parfum,214,120,0.2,96.0,20544.0,0.0,1,1,102.42
2024-02-11,Eau de Toilette,98,85,0.2,68.0,6664.0,500.0,1,1,102.42
2024-02-11,Home Fragrance,161,45,0.2,36.0,5796.0,0.0,1,1,102.42
2024-02-11,Skincare Bundle,174,150,0.2,120.0,20880.0,0.0,1,1,102.42
2024-02-12,Eau de Parfum,187,120,0.3,84.0,15708.0,0.0,0,1,102.51
2024-02-12,Eau de Toilette,111,85,0.2,68.0,7548.0,500.0,0,1,102.51
2024-02-12,Home Fragrance,90,45,0.2,36.0,3240.0,0.0,0,1,102.51
2024-02-12,Skincare Bundle,109,150,0.2,120.0,13080.0,0.0,0,1,102.51
2024-02-13,Eau de Parfum,137,120,0.2,96.0,13152.0,,0,1,102.61
2024-02-13,Eau de Toilette,94,85,0.2,68.0,6392.0,0.0,0,1,102.61
2024-02-13,Home Fragrance,60,45,0.3,31.5,1890.0,1000.0,0,1,102.61
2024-02-13,Skincare Bundle,62,150,0.2,120.0,7440.0,0.0,0,1,102.61
2024-02-14,Eau de Parfum,111,120,0.2,96.0,10656.0,0.0,0,1,102.71
2024-02-14,Eau de Toilette,72,85,0.2,68.0,4896.0,500.0,0,1,102.71
2024-02-14,Home Fragrance,121,45,0.2,36.0,4356.0,0.0,0,1,102.71
2024-02-14,Skincare Bundle,78,150,0.2,120.0,9360.0,0.0,0,1,102.71
2024-02-15,Eau de Parfum,79,120,0.1,108.0,8532.0,0.0,0,0,102.8
2024-02-15,Eau de Toilette,58,85,0.0,85.0,4930.0,0.0,0,0,102.8
2024-02-15,Home Fragrance,48,45,0.0,45.0,2160.0,1000.0,0,0,102.8
2024-02-15,Skincare Bundle,44,150,0.0,150.0,6600.0,1000.0,0,0,102.8
2024-02-16,Eau de Parfum,70,120,0.0,120.0,8400.0,0.0,0,0,102.9
2024-02-16,Eau de Toilette,59,85,0.0,85.0,5015.0,500.0,0,0,102.9
2024-02-16,Home Fragrance,61,45,0.0,45.0,2745.0,0.0,0,0,102.9
2024-02-16,Skincare Bundle,68,150,0.0,150.0,10200.0,0.0,0,0,102.9
2024-02-17,Eau de Parfum,80,120,0.0,120.0,9600.0,0.0,1,0,102.99
2024-02-17,Eau de Toilette,70,85,0.0,85.0,5950.0,500.0,1,0,102.99
2024-02-17,Home Fragrance,53,45,0.0,45.0,2385.0,1000.0,1,0,102.99
2024-02-17,Skincare Bundle,55,150,0.0,150.0,8250.0,0.0,1,0,102.99
2024-02-18,Eau de Parfum,86,120,0.0,120.0,10320.0,0.0,1,0,103.09
2024-02-18,Eau de Toilette,76,85,0.0,85.0,6460.0,0.0,1,0,103.09
2024-02-18,Home Fragrance,53,45,0.0,45.0,2385.0,0.0,1,0,103.09
2024-02-18,Skincare Bundle,92,150,0.2,120.0,11040.0,0.0,1,0,103.09
2024-02-19,Eau de Parfum,73,120,0.0,120.0,8760.0,0.0,0,0,103.18
2024-02-19,Eau de Toilette,48,85,0.0,85.0,4080.0,1000.0,0,0,103.18
2024-02-19,Home Fragrance,82,45,0.0,45.0,3690.0,500.0,0,0,103.18
2024-02-19,Skincare Bundle,66,150,0.0,150.0,9900.0,0.0,0,0,103.18
2024-02-20,Eau de Parfum,43,120,0.0,120.0,5160.0,0.0,0,0,103.28
2024-02-20,Eau de Toilette,51,85,0.0,85.0,4335.0,0.0,0,0,103.28
2024-02-20,Home Fragrance,51,45,0.2,36.0,1836.0,500.0,0,0,103.28
2024-02-20,Skincare Bundle,37,150,0.0,150.0,5550.0,500.0,0,0,103.28
2024-02-21,Eau de Parfum,100,120,0.2,96.0,9600.0,0.0,0,0,103.37
2024-02-21,Eau de Toilette,63,85,0.0,85.0,5355.0,0.0,0,0,103.37
2024-02-21,Home Fragrance,53,45,0.0,45.0,2385.0,500.0,0,0,103.37
2024-02-21,Skincare Bundle,36,150,0.0,150.0,5400.0,0.0,0,0,103.37
2024-02-22,Eau de Parfum,118,120,0.2,96.0,11328.0,1000.0,0,0,103.47
2024-02-22,Eau de Toilette,27,85,0.2,68.0,1836.0,0.0,0,0,103.47
2024-02-22,Home Fragrance,52,45,0.1,40.5,2106.0,2500.0,0,0,103.47
2024-02-22,Skincare Bundle,68,150,0.0,150.0,10200.0,500.0,0,0,103.47
2024-02-23,Eau de Parfum,69,120,0.1,108.0,7452.0,0.0,0,0,103.56
2024-02-23,Eau de Toilette,39,85,0.0,85.0,3315.0,0.0,0,0,103.56
2024-02-23,Home Fragrance,61,45,0.0,45.0,2745.0,500.0,0,0,103.56
2024-02-23,Skincare Bundle,53,150,0.0,150.0,7950.0,0.0,0,0,103.56
2024-02-24,Eau de Parfum,95,120,0.0,120.0,11400.0,0.0,1,0,103.65
2024-02-24,Eau de Toilette,74,85,0.0,85.0,6290.0,500.0,1,0,103.65
2024-02-24,Home Fragrance,67,45,0.0,45.0,3015.0,500.0,1,0,103.65
2024-02-24,Skincare Bundle,30,150,0.0,150.0,4500.0,0.0,1,0,103.65
2024-02-25,Eau de Parfum,123,120,0.2,96.0,11808.0,0.0,1,0,103.75
2024-02-25,Eau de Toilette,44,85,0.0,85.0,3740.0,500.0,1,0,103.75
2024-02-25,Home Fragrance,89,45,0.0,45.0,4005.0,0.0,1,0,103.75
2024-02-25,Skincare Bundle,68,150,0.1,135.0,9180.0,1000.0,1,0,103.75
2024-02-26,Eau de Parfum,80,120,0.0,120.0,9600.0,1000.0,0,0,103.84
2024-02-26,Eau de Toilette,72,85,0.0,85.0,6120.0,1000.0,0,0,103.84
2024-02-26,Home Fragrance,16,45,0.3,31.5,504.0,500.0,0,0,103.84
2024-02-26,Skincare Bundle,59,150,0.0,150.0,8850.0,1000.0,0,0,103.84
2024-02-27,Eau de Parfum,106,120,0.0,120.0,12720.0,0.0,0,0,103.93
2024-02-27,Eau de Toilette,44,85,0.0,85.0,3740.0,1000.0,0,0,103.93
2024-02-27,Home Fragrance,43,45,0.3,31.5,1354.5,500.0,0,0,103.93
2024-02-27,Skincare Bundle,51,150,0.3,105.0,5355.0,0.0,0,0,103.93
2024-02-28,Eau de Parfum,67,120,0.0,120.0,8040.0,500.0,0,0,104.02
2024-02-28,Eau de Toilette,64,85,0.0,85.0,5440.0,1000.0,0,0,104.02
2024-02-28,Home Fragrance,64,45,0.0,45.0,2880.0,500.0,0,0,104.02
2024-02-28,Skincare Bundle,75,150,0.2,120.0,9000.0,500.0,0,0,104.02
2024-02-29,Eau de Parfum,42,120,0.1,108.0,4536.0,0.0,0,0,104.11
2024-02-29,Eau de Toilette,58,85,0.0,85.0,4930.0,2500.0,0,0,104.11
2024-02-29,Home Fragrance,68,45,0.0,45.0,3060.0,1000.0,0,0,104.11
2024-02-29,Skincare Bundle,48,150,0.1,135.0,6480.0,0.0,0,0,104.11
2024-03-01,Eau de Parfum,62,120,0.1,108.0,6696.0,0.0,0,0,104.21
2024-03-01,Eau de Toilette,59,85,0.1,76.5,4513.5,0.0,0,0,104.21
2024-03-01,Home Fragrance,53,45,0.0,45.0,2385.0,2500.0,0,0,104.21
2024-03-01,Skincare Bundle,83,150,0.0,150.0,12450.0,0.0,0,0,104.21
2024-03-02,Eau de Parfum,70,120,0.0,120.0,8400.0,0.0,1,0,104.3
2024-03-02,Eau de Toilette,56,85,0.0,85.0,4760.0,0.0,1,0,104.3
2024-03-02,Home Fragrance,45,45,0.0,45.0,2025.0,0.0,1,0,104.3
2024-03-02,Skincare Bundle,68,150,0.0,150.0,10200.0,0.0,1,0,104.3
2024-03-03,Eau de Parfum,106,120,0.0,120.0,12720.0,0.0,1,0,104.39
2024-03-03,Eau de Toilette,74,85,0.0,85.0,6290.0,0.0,1,0,104.39
2024-03-03,Home Fragrance,82,45,0.0,45.0,3690.0,0.0,1,0,104.39
2024-03-03,Skincare Bundle,19,150,0.1,135.0,2565.0,0.0,1,0,104.39
2024-03-04,Eau de Parfum,45,120,0.2,96.0,4320.0,500.0,0,0,104.48
2024-03-04,Eau de Toilette,38,85,0.2,68.0,2584.0,0.0,0,0,104.48
2024-03-04,Home Fragrance,36,45,0.0,45.0,1620.0,0.0,0,0,104.48
2024-03-04,Skincare Bundle,36,150,0.0,150.0,5400.0,0.0,0,0,104.48
2024-03-05,Eau de Parfum,48,120,0.1,108.0,5184.0,0.0,0,0,104.57
2024-03-05,Eau de Toilette,26,85,0.0,85.0,2210.0,500.0,0,0,104.57
2024-03-05,Home Fragrance,45,45,0.1,40.5,1822.5,0.0,0,0,104.57
2024-03-05,Skincare Bundle,30,150,0.0,150.0,4500.0,0.0,0,0,104.57
2024-03-06,Eau de Parfum,30,120,0.0,120.0,3600.0,0.0,0,0,104.65
2024-03-06,Eau de Toilette,58,85,0.0,85.0,4930.0,0.0,0,0,104.65
2024-03-06,Home Fragrance,20,45,0.1,40.5,810.0,0.0,0,0,104.65
2024-03-06,Skincare Bundle,56,150,0.0,150.0,8400.0,0.0,0,0,104.65
2024-03-07,Eau de Parfum,59,120,0.0,120.0,7080.0,0.0,0,0,104.74
2024-03-07,Eau de Toilette,41,85,0.0,85.0,3485.0,0.0,0,0,104.74
2024-03-07,Home Fragrance,37,45,0.0,45.0,1665.0,0.0,0,0,104.74
2024-03-07,Skincare Bundle,73,150,0.1,135.0,9855.0,1000.0,0,0,104.74
2024-03-08,Eau de Parfum,24,120,0.0,120.0,2880.0,0.0,0,0,104.83
2024-03-08,Eau de Toilette,89,85,0.0,85.0,7565.0,500.0,0,0,104.83
2024-03-08,Home Fragrance,57,45,0.0,45.0,2565.0,1000.0,0,0,104.83
2024-03-08,Skincare Bundle,66,150,0.2,120.0,7920.0,500.0,0,0,104.83
2024-03-09,Eau de Parfum,55,120,0.1,108.0,5940.0,0.0,1,0,104.92
2024-03-09,Eau de Toilette,33,85,0.0,85.0,2805.0,0.0,1,0,104.92
2024-03-09,Home Fragrance,72,45,0.2,36.0,2592.0,0.0,1,0,104.92
2024-03-09,Skincare Bundle,64,150,0.1,135.0,8640.0,0.0,1,0,104.92
2024-03-10,Eau de Parfum,72,120,0.0,120.0,8640.0,,1,0,105.0
2024-03-10,Eau de Toilette,110,85,0.0,85.0,9350.0,2500.0,1,0,105.0
2024-03-10,Home Fragrance,93,45,0.0,45.0,4185.0,500.0,1,0,105.0
2024-03-10,Skincare Bundle,31,150,0.0,150.0,4650.0,0.0,1,0,105.0
2024-03-11,Eau de Parfum,51,120,0.1,108.0,5508.0,500.0,0,0,105.09
2024-03-11,Eau de Toilette,60,85,0.1,76.5,4590.0,500.0,0,0,105.09
2024-03-11,Home Fragrance,55,45,0.0,45.0,2475.0,1000.0,0,0,105.09
2024-03-11,Skincare Bundle,49,150,0.0,150.0,7350.0,0.0,0,0,105.09
2024-03-12,Eau de Parfum,39,120,0.0,120.0,4680.0,0.0,0,0,105.18
2024-03-12,Eau de Toilette,79,85,0.0,85.0,6715.0,0.0,0,0,105.18
2024-03-12,Home Fragrance,80,45,0.0,45.0,3600.0,2500.0,0,0,105.18
2024-03-12,Skincare Bundle,28,150,0.1,135.0,3780.0,500.0,0,0,105.18
2024-03-13,Eau de Parfum,76,120,0.0,120.0,9120.0,1000.0,0,0,105.26
2024-03-13,Eau de Toilette,56,85,0.0,85.0,4760.0,2500.0,0,0,105.26
2024-03-13,Home Fragrance,39,45,0.1,40.5,1579.5,0.0,0,0,105.26
2024-03-13,Skincare Bundle,48,150,0.0,150.0,7200.0,0.0,0,0,105.26
2024-03-14,Eau de Parfum,41,120,0.0,120.0,4920.0,0.0,0,0,105.35
2024-03-14,Eau de Toilette,67,85,0.0,85.0,5695.0,0.0,0,0,105.35
2024-03-14,Home Fragrance,74,45,0.0,45.0,3330.0,,0,0,105.35
2024-03-14,Skincare Bundle,57,150,0.1,135.0,7695.0,0.0,0,0,105.35
2024-03-15,Eau de Parfum,45,120,0.0,120.0,5400.0,0.0,0,0,105.43
2024-03-15,Eau de Toilette,61,85,0.0,85.0,5185.0,0.0,0,0,105.43
2024-03-15,Home Fragrance,56,45,0.0,45.0,2520.0,500.0,0,0,105.43
2024-03-15,Skincare Bundle,36,150,0.0,150.0,5400.0,0.0,0,0,105.43
2024-03-16,Eau de Parfum,67,120,0.1,108.0,7236.0,0.0,1,0,105.51
2024-03-16,Eau de Toilette,49,85,0.0,85.0,4165.0,1000.0,1,0,105.51
2024-03-16,Home Fragrance,96,45,0.2,36.0,3456.0,500.0,1,0,105.51
2024-03-16,Skincare Bundle,83,150,0.2,120.0,9960.0,1000.0,1,0,105.51
2024-03-17,Eau de Parfum,64,120,0.0,120.0,7680.0,0.0,1,0,105.6
2024-03-17,Eau de Toilette,57,85,0.0,85.0,4845.0,0.0,1,0,105.6
2024-03-17,Home Fragrance,53,45,0.0,45.0,2385.0,0.0,1,0,105.6
2024-03-17,Skincare Bundle,81,150,0.0,150.0,12150.0,0.0,1,0,105.6
2024-03-18,Eau de Parfum,60,120,0.0,120.0,7200.0,0.0,0,0,105.68
2024-03-18,Eau de Toilette,58,85,0.0,85.0,4930.0,500.0,0,0,105.68
2024-03-18,Home Fragrance,49,45,0.0,45.0,2205.0,500.0,0,0,105.68
2024-03-18,Skincare Bundle,58,150,0.0,150.0,8700.0,0.0,0,0,105.68
2024-03-19,Eau de Parfum,61,120,0.0,120.0,7320.0,500.0,0,0,105.76
2024-03-19,Eau de Toilette,73,85,0.0,85.0,6205.0,1000.0,0,0,105.76
2024-03-19,Home Fragrance,47,45,0.2,36.0,1692.0,0.0,0,0,105.76
2024-03-19,Skincare Bundle,59,150,0.0,150.0,8850.0,500.0,0,0,105.76
2024-03-20,Eau de Parfum,60,120,0.0,120.0,7200.0,0.0,0,0,105.84
2024-03-20,Eau de Toilette,37,85,0.0,85.0,3145.0,0.0,0,0,105.84
2024-03-20,Home Fragrance,58,45,0.0,45.0,2610.0,0.0,0,0,105.84
2024-03-20,Skincare Bundle,57,150,0.0,150.0,8550.0,0.0,0,0,105.84
2024-03-21,Eau de Parfum,74,120,0.2,96.0,7104.0,500.0,0,0,105.92
2024-03-21,Eau de Toilette,63,85,0.0,85.0,5355.0,1000.0,0,0,105.92
2024-03-21,Home Fragrance,71,45,0.0,45.0,3195.0,500.0,0,0,105.92
2024-03-21,Skincare Bundle,84,150,0.0,150.0,12600.0,0.0,0,0,105.92
2024-03-22,Eau de Parfum,22,120,0.0,120.0,2640.0,0.0,0,0,106.0
2024-03-22,Eau de Toilette,24,85,0.0,85.0,2040.0,1000.0,0,0,106.0
2024-03-22,Home Fragrance,57,45,0.1,40.5,2308.5,0.0,0,0,106.0
2024-03-22,Skincare Bundle,61,150,0.0,150.0,9150.0,500.0,0,0,106.0
2024-03-23,Eau de Parfum,92,120,0.0,120.0,11040.0,2500.0,1,0,106.08
2024-03-23,Eau de Toilette,106,85,0.0,85.0,9010.0,500.0,1,0,106.08
2024-03-23,Home Fragrance,74,45,0.1,40.5,2997.0,1000.0,1,0,106.08
2024-03-23,Skincare Bundle,25,150,0.0,150.0,3750.0,0.0,1,0,106.08
2024-03-24,Eau de Parfum,47,120,0.0,120.0,5640.0,0.0,1,0,106.16
2024-03-24,Eau de Toilette,61,85,0.2,68.0,4148.0,0.0,1,0,106.16
2024-03-24,Home Fragrance,67,45,0.0,45.0,3015.0,0.0,1,0,106.16
2024-03-24,Skincare Bundle,59,150,0.0,150.0,8850.0,0.0,1,0,106.16
2024-03-25,Eau de Parfum,45,120,0.0,120.0,5400.0,0.0,0,0,106.24
2024-03-25,Eau de Toilette,40,85,0.0,85.0,3400.0,0.0,0,0,106.24
2024-03-25,Home Fragrance,40,45,0.0,45.0,1800.0,0.0,0,0,106.24
2024-03-25,Skincare Bundle,58,150,0.3,105.0,6090.0,1000.0,0,0,106.24
2024-03-26,Eau de Parfum,63,120,0.0,120.0,7560.0,500.0,0,0,106.32
2024-03-26,Eau de Toilette,38,85,0.3,59.5,2261.0,500.0,0,0,106.32
2024-03-26,Home Fragrance,72,45,0.0,45.0,3240.0,0.0,0,0,106.32
2024-03-26,Skincare Bundle,35,150,0.0,150.0,5250.0,0.0,0,0,106.32
2024-03-27,Eau de Parfum,99,120,0.0,120.0,11880.0,0.0,0,0,106.4
2024-03-27,Eau de Toilette,23,85,0.0,85.0,1955.0,0.0,0,0,106.4
2024-03-27,Home Fragrance,53,45,0.0,45.0,2385.0,0.0,0,0,106.4
2024-03-27,Skincare Bundle,69,150,0.0,150.0,10350.0,0.0,0,0,106.4
2024-03-28,Eau de Parfum,68,120,0.0,120.0,8160.0,0.0,0,0,106.47
2024-03-28,Eau de Toilette,64,85,0.0,85.0,5440.0,500.0,0,0,106.47
2024-03-28,Home Fragrance,85,45,0.0,45.0,3825.0,0.0,0,0,106.47
2024-03-28,Skincare Bundle,32,150,0.0,150.0,4800.0,0.0,0,0,106.47
2024-03-29,Eau de Parfum,34,120,0.1,108.0,3672.0,0.0,0,0,106.55
2024-03-29,Eau de Toilette,27,85,0.1,76.5,2065.5,0.0,0,0,106.55
2024-03-29,Home Fragrance,32,45,0.2,36.0,1152.0,0.0,0,0,106.55
2024-03-29,Skincare Bundle,64,150,0.2,120.0,7680.0,1000.0,0,0,106.55
2024-03-30,Eau de Parfum,94,120,0.0,120.0,11280.0,1000.0,1,0,106.62
2024-03-30,Eau de Toilette,54,85,0.0,85.0,4590.0,0.0,1,0,106.62
2024-03-30,Home Fragrance,101,45,0.2,36.0,3636.0,500.0,1,0,106.62
2024-03-30,Skincare Bundle,96,150,0.1,135.0,12960.0,0.0,1,0,106.62
2024-03-31,Eau de Parfum,59,120,0.0,120.0,7080.0,0.0,1,0,106.7
2024-03-31,Eau de Toilette,118,85,0.1,76.5,9027.0,2500.0,1,0,106.7
2024-03-31,Home Fragrance,65,45,0.0,45.0,2925.0,0.0,1,0,106.7
2024-03-31,Skincare Bundle,73,150,0.1,135.0,9855.0,1000.0,1,0,106.7
2024-04-01,Eau de Parfum,57,120,0.0,120.0,6840.0,0.0,0,0,106.77
2024-04-01,Eau de Toilette,32,85,0.0,85.0,2720.0,0.0,0,0,106.77
2024-04-01,Home Fragrance,25,45,0.0,45.0,1125.0,0.0,0,0,106.77
2024-04-01,Skincare Bundle,57,150,0.0,150.0,8550.0,1000.0,0,0,106.77
2024-04-02,Eau de Parfum,70,120,0.0,120.0,8400.0,500.0,0,0,106.85
2024-04-02,Eau de Toilette,12,85,0.0,85.0,1020.0,0.0,0,0,106.85
2024-04-02,Home Fragrance,42,45,0.0,45.0,1890.0,0.0,0,0,106.85
2024-04-02,Skincare Bundle,72,150,0.0,150.0,10800.0,500.0,0,0,106.85
2024-04-03,Eau de Parfum,61,120,0.0,120.0,7320.0,1000.0,0,0,106.92
2024-04-03,Eau de Toilette,49,85,0.0,85.0,4165.0,0.0,0,0,106.92
2024-04-03,Home Fragrance,50,45,0.0,45.0,2250.0,500.0,0,0,106.92
2024-04-03,Skincare Bundle,27,150,0.0,150.0,4050.0,0.0,0,0,106.92
2024-04-04,Eau de Parfum,54,120,0.0,120.0,6480.0,500.0,0,0,106.99
2024-04-04,Eau de Toilette,27,85,0.0,85.0,2295.0,0.0,0,0,106.99
2024-04-04,Home Fragrance,54,45,0.0,45.0,2430.0,0.0,0,0,106.99
2024-04-04,Skincare Bundle,14,150,0.0,150.0,2100.0,0.0,0,0,106.99
2024-04-05,Eau de Parfum,61,120,0.0,120.0,7320.0,0.0,0,0,107.06
2024-04-05,Eau de Toilette,51,85,0.0,85.0,4335.0,0.0,0,0,107.06
2024-04-05,Home Fragrance,56,45,0.0,45.0,2520.0,0.0,0,0,107.06
2024-04-05,Skincare Bundle,51,150,0.0,150.0,7650.0,0.0,0,0,107.06
2024-04-06,Eau de Parfum,45,120,0.1,108.0,4860.0,0.0,1,0,107.13
2024-04-06,Eau de Toilette,46,85,0.1,76.5,3519.0,500.0,1,0,107.13
2024-04-06,Home Fragrance,85,45,0.2,36.0,3060.0,0.0,1,0,107.13
2024-04-06,Skincare Bundle,53,150,0.1,135.0,7155.0,500.0,1,0,107.13
2024-04-07,Eau de Parfum,86,120,0.0,120.0,10320.0,1000.0,1,0,107.2
2024-04-07,Eau de Toilette,91,85,0.1,76.5,6961.5,1000.0,1,0,107.2
2024-04-07,Home Fragrance,88,45,0.0,45.0,3960.0,500.0,1,0,107.2
2024-04-07,Skincare Bundle,80,150,0.1,135.0,10800.0,0.0,1,0,107.2
2024-04-08,Eau de Parfum,58,120,0.3,84.0,4872.0,0.0,0,0,107.27
2024-04-08,Eau de Toilette,66,85,0.0,85.0,5610.0,500.0,0,0,107.27
2024-04-08,Home Fragrance,57,45,0.0,45.0,2565.0,500.0,0,0,107.27
2024-04-08,Skincare Bundle,66,150,0.0,150.0,9900.0,1000.0,0,0,107.27
2024-04-09,Eau de Parfum,15,120,0.1,108.0,1620.0,0.0,0,0,107.34
2024-04-09,Eau de Toilette,42,85,0.0,85.0,3570.0,500.0,0,0,107.34
2024-04-09,Home Fragrance,59,45,0.0,45.0,2655.0,1000.0,0,0,107.34
2024-04-09,Skincare Bundle,43,150,0.0,150.0,6450.0,500.0,0,0,107.34
2024-04-10,Eau de Parfum,42,120,0.0,120.0,5040.0,0.0,0,0,107.41
2024-04-10,Eau de Toilette,82,85,0.1,76.5,6273.0,0.0,0,0,107.41
2024-04-10,Home Fragrance,48,45,0.0,45.0,2160.0,0.0,0,0,107.41
2024-04-10,Skincare Bundle,58,150,0.1,135.0,7830.0,500.0,0,0,107.41
2024-04-11,Eau de Parfum,32,120,0.0,120.0,3840.0,500.0,0,0,107.47
2024-04-11,Eau de Toilette,73,85,0.0,85.0,6205.0,0.0,0,0,107.47
2024-04-11,Home Fragrance,68,45,0.0,45.0,3060.0,0.0,0,0,107.47
2024-04-11,Skincare Bundle,28,150,0.3,105.0,2940.0,500.0,0,0,107.47
2024-04-12,Eau de Parfum,70,120,0.3,84.0,5880.0,0.0,0,0,107.54
2024-04-12,Eau de Toilette,71,85,0.0,85.0,6035.0,500.0,0,0,107.54
2024-04-12,Home Fragrance,38,45,0.0,45.0,1710.0,0.0,0,0,107.54
2024-04-12,Skincare Bundle,55,150,0.0,150.0,8250.0,0.0,0,0,107.54
2024-04-13,Eau de Parfum,85,120,0.3,84.0,7140.0,0.0,1,0,107.6
2024-04-13,Eau de Toilette,64,85,0.0,85.0,5440.0,0.0,1,0,107.6
2024-04-13,Home Fragrance,54,45,0.0,45.0,2430.0,0.0,1,0,107.6
2024-04-13,Skincare Bundle,11,150,0.0,150.0,1650.0,0.0,1,0,107.6
2024-04-14,Eau de Parfum,54,120,0.0,120.0,6480.0,0.0,1,0,107.67
2024-04-14,Eau de Toilette,88,85,0.0,85.0,7480.0,,1,0,107.67
2024-04-14,Home Fragrance,60,45,0.1,40.5,2430.0,0.0,1,0,107.67
2024-04-14,Skincare Bundle,61,150,0.0,150.0,9150.0,0.0,1,0,107.67
2024-04-15,Eau de Parfum,61,120,0.0,120.0,7320.0,0.0,0,0,107.73
2024-04-15,Eau de Toilette,36,85,0.0,85.0,3060.0,1000.0,0,0,107.73
2024-04-15,Home Fragrance,37,45,0.0,45.0,1665.0,500.0,0,0,107.73
2024-04-15,Skincare Bundle,25,150,0.0,150.0,3750.0,0.0,0,0,107.73
2024-04-16,Eau de Parfum,109,120,0.0,120.0,13080.0,2500.0,0,0,107.8
2024-04-16,Eau de Toilette,56,85,0.0,85.0,4760.0,0.0,0,0,107.8
2024-04-16,Home Fragrance,30,45,0.2,36.0,1080.0,0.0,0,0,107.8
2024-04-16,Skincare Bundle,37,150,0.1,135.0,4995.0,0.0,0,0,107.8
2024-04-17,Eau de Parfum,40,120,0.0,120.0,4800.0,0.0,0,0,107.86
2024-04-17,Eau de Toilette,39,85,0.1,76.5,2983.5,0.0,0,0,107.86
2024-04-17,Home Fragrance,69,45,0.0,45.0,3105.0,0.0,0,0,107.86
2024-04-17,Skincare Bundle,44,150,0.0,150.0,6600.0,0.0,0,0,107.86
2024-04-18,Eau de Parfum,83,120,0.1,108.0,8964.0,1000.0,0,0,107.92
2024-04-18,Eau de Toilette,41,85,0.0,85.0,3485.0,0.0,0,0,107.92
2024-04-18,Home Fragrance,50,45,0.0,45.0,2250.0,0.0,0,0,107.92
2024-04-18,Skincare Bundle,64,150,0.0,150.0,9600.0,2500.0,0,0,107.92
2024-04-19,Eau de Parfum,56,120,0.0,120.0,6720.0,0.0,0,0,107.98
2024-04-19,Eau de Toilette,43,85,0.2,68.0,2924.0,0.0,0,0,107.98
2024-04-19,Home Fragrance,54,45,0.0,45.0,2430.0,500.0,0,0,107.98
2024-04-19,Skincare Bundle,89,150,0.0,150.0,13350.0,0.0,0,0,107.98
2024-04-20,Eau de Parfum,79,120,0.1,108.0,8532.0,0.0,1,0,108.04
2024-04-20,Eau de Toilette,123,85,0.1,76.5,9409.5,,1,0,108.04
2024-04-20,Home Fragrance,75,45,0.0,45.0,3375.0,500.0,1,0,108.04
2024-04-20,Skincare Bundle,92,150,0.0,150.0,13800.0,0.0,1,0,108.04
2024-04-21,Eau de Parfum,43,120,0.0,120.0,5160.0,0.0,1,0,108.1
2024-04-21,Eau de Toilette,42,85,0.1,76.5,3213.0,0.0,1,0,108.1
2024-04-21,Home Fragrance,45,45,0.1,40.5,1822.5,0.0,1,0,108.1
2024-04-21,Skincare Bundle,44,150,0.3,105.0,4620.0,0.0,1,0,108.1
2024-04-22,Eau de Parfum,63,120,0.2,96.0,6048.0,0.0,0,0,108.16
2024-04-22,Eau de Toilette,21,85,0.0,85.0,1785.0,0.0,0,0,108.16
2024-04-22,Home Fragrance,26,45,0.2,36.0,936.0,0.0,0,0,108.16
2024-04-22,Skincare Bundle,59,150,0.0,150.0,8850.0,500.0,0,0,108.16
2024-04-23,Eau de Parfum,39,120,0.1,108.0,4212.0,0.0,0,0,108.22
2024-04-23,Eau de Toilette,61,85,0.1,76.5,4666.5,0.0,0,0,108.22
2024-04-23,Home Fragrance,59,45,0.0,45.0,2655.0,0.0,0,0,108.22
2024-04-23,Skincare Bundle,49,150,0.0,150.0,7350.0,0.0,0,0,108.22
2024-04-24,Eau de Parfum,46,120,0.0,120.0,5520.0,0.0,0,0,108.27
2024-04-24,Eau de Toilette,54,85,0.0,85.0,4590.0,0.0,0,0,108.27
2024-04-24,Home Fragrance,32,45,0.0,45.0,1440.0,1000.0,0,0,108.27
2024-04-24,Skincare Bundle,54,150,0.1,135.0,7290.0,0.0,0,0,108.27
2024-04-25,Eau de Parfum,60,120,0.0,120.0,7200.0,0.0,0,0,108.33
2024-04-25,Eau de Toilette,43,85,0.0,85.0,3655.0,0.0,0,0,108.33
2024-04-25,Home Fragrance,43,45,0.0,45.0,1935.0,500.0,0,0,108.33
2024-04-25,Skincare Bundle,45,150,0.0,150.0,6750.0,,0,0,108.33
2024-04-26,Eau de Parfum,44,120,0.0,120.0,5280.0,0.0,0,0,108.38
2024-04-26,Eau de Toilette,61,85,0.3,59.5,3629.5,0.0,0,0,108.38
2024-04-26,Home Fragrance,58,45,0.0,45.0,2610.0,0.0,0,0,108.38
2024-04-26,Skincare Bundle,53,150,0.0,150.0,7950.0,0.0,0,0,108.38
2024-04-27,Eau de Parfum,73,120,0.0,120.0,8760.0,0.0,1,0,108.44
2024-04-27,Eau de Toilette,124,85,0.0,85.0,10540.0,500.0,1,0,108.44
2024-04-27,Home Fragrance,41,45,0.0,45.0,1845.0,500.0,1,0,108.44
2024-04-27,Skincare Bundle,76,150,0.0,150.0,11400.0,0.0,1,0,108.44
2024-04-28,Eau de Parfum,113,120,0.0,120.0,13560.0,0.0,1,0,108.49
2024-04-28,Eau de Toilette,97,85,0.0,85.0,8245.0,0.0,1,0,108.49
2024-04-28,Home Fragrance,52,45,0.2,36.0,1872.0,0.0,1,0,108.49
2024-04-28,Skincare Bundle,71,150,0.2,120.0,8520.0,2500.0,1,0,108.49
2024-04-29,Eau de Parfum,67,120,0.0,120.0,8040.0,1000.0,0,0,108.54
2024-04-29,Eau de Toilette,66,85,0.0,85.0,5610.0,0.0,0,0,108.54
2024-04-29,Home Fragrance,34,45,0.0,45.0,1530.0,1000.0,0,0,108.54
2024-04-29,Skincare Bundle,69,150,0.0,150.0,10350.0,1000.0,0,0,108.54
2024-04-30,Eau de Parfum,73,120,0.0,120.0,8760.0,500.0,0,0,108.59
2024-04-30,Eau de Toilette,36,85,0.0,85.0,3060.0,0.0,0,0,108.59
2024-04-30,Home Fragrance,46,45,0.3,31.5,1449.0,0.0,0,0,108.59
2024-04-30,Skincare Bundle,48,150,0.1,135.0,6480.0,0.0,0,0,108.59
2024-05-01,Eau de Parfum,15,120,0.0,120.0,1800.0,1000.0,0,0,108.64
2024-05-01,Eau de Toilette,63,85,0.0,85.0,5355.0,500.0,0,0,108.64
2024-05-01,Home Fragrance,88,45,0.0,45.0,3960.0,2500.0,0,0,108.64
2024-05-01,Skincare Bundle,54,150,0.0,150.0,8100.0,500.0,0,0,108.64
2024-05-02,Eau de Parfum,35,120,0.0,120.0,4200.0,1000.0,0,0,108.69
2024-05-02,Eau de Toilette,92,85,0.0,85.0,7820.0,1000.0,0,0,108.69
2024-05-02,Home Fragrance,81,45,0.1,40.5,3280.5,500.0,0,0,108.69
2024-05-02,Skincare Bundle,55,150,0.0,150.0,8250.0,500.0,0,0,108.69
2024-05-03,Eau de Parfum,53,120,0.0,120.0,6360.0,0.0,0,0,108.74
2024-05-03,Eau de Toilette,45,85,0.0,85.0,3825.0,500.0,0,0,108.74
2024-05-03,Home Fragrance,71,45,0.0,45.0,3195.0,0.0,0,0,108.74
2024-05-03,Skincare Bundle,39,150,0.2,120.0,4680.0,0.0,0,0,108.74
2024-05-04,Eau de Parfum,78,120,0.0,120.0,9360.0,0.0,1,0,108.79
2024-05-04,Eau de Toilette,111,85,0.1,76.5,8491.5,0.0,1,0,108.79
2024-05-04,Home Fragrance,68,45,0.0,45.0,3060.0,0.0,1,0,108.79
2024-05-04,Skincare Bundle,42,150,0.0,150.0,6300.0,0.0,1,0,108.79
2024-05-05,Eau de Parfum,60,120,0.0,120.0,7200.0,0.0,1,0,108.84
2024-05-05,Eau de Toilette,68,85,0.0,85.0,5780.0,0.0,1,0,108.84
2024-05-05,Home Fragrance,72,45,0.0,45.0,3240.0,0.0,1,0,108.84
2024-05-05,Skincare Bundle,44,150,0.0,150.0,6600.0,500.0,1,0,108.84
2024-05-06,Eau de Parfum,46,120,0.0,120.0,5520.0,1000.0,0,0,108.89
2024-05-06,Eau de Toilette,96,85,0.3,59.5,5712.0,0.0,0,0,108.89
2024-05-06,Home Fragrance,44,45,0.1,40.5,1782.0,0.0,0,0,108.89
2024-05-06,Skincare Bundle,37,150,0.0,150.0,5550.0,0.0,0,0,108.89
2024-05-07,Eau de Parfum,53,120,0.0,120.0,6360.0,0.0,0,0,108.93
2024-05-07,Eau de Toilette,30,85,0.0,85.0,2550.0,0.0,0,0,108.93
2024-05-07,Home Fragrance,68,45,0.3,31.5,2142.0,1000.0,0,0,108.93
2024-05-07,Skincare Bundle,54,150,0.1,135.0,7290.0,2500.0,0,0,108.93
2024-05-08,Eau de Parfum,35,120,0.0,120.0,4200.0,0.0,0,0,108.98
2024-05-08,Eau de Toilette,72,85,0.0,85.0,6120.0,500.0,0,0,108.98
2024-05-08,Home Fragrance,52,45,0.0,45.0,2340.0,0.0,0,0,108.98
2024-05-08,Skincare Bundle,31,150,0.2,120.0,3720.0,0.0,0,0,108.98
2024-05-09,Eau de Parfum,31,120,0.1,108.0,3348.0,500.0,0,0,109.02
2024-05-09,Eau de Toilette,94,85,0.0,85.0,7990.0,,0,0,109.02
2024-05-09,Home Fragrance,42,45,0.1,40.5,1701.0,500.0,0,0,109.02
2024-05-09,Skincare Bundle,45,150,0.0,150.0,6750.0,0.0,0,0,109.02
2024-05-10,Eau de Parfum,64,120,0.0,120.0,7680.0,0.0,0,0,109.06
2024-05-10,Eau de Toilette,105,85,0.1,76.5,8032.5,500.0,0,0,109.06
2024-05-10,Home Fragrance,63,45,0.0,45.0,2835.0,0.0,0,0,109.06
2024-05-10,Skincare Bundle,51,150,0.0,150.0,7650.0,0.0,0,0,109.06
2024-05-11,Eau de Parfum,63,120,0.0,120.0,7560.0,500.0,1,0,109.1
2024-05-11,Eau de Toilette,123,85,0.2,68.0,8364.0,500.0,1,0,109.1
2024-05-11,Home Fragrance,57,45,0.0,45.0,2565.0,1000.0,1,0,109.1
2024-05-11,Skincare Bundle,7,150,0.0,150.0,1050.0,1000.0,1,0,109.1
2024-05-12,Eau de Parfum,43,120,0.0,120.0,5160.0,1000.0,1,0,109.14
2024-05-12,Eau de Toilette,134,85,0.2,68.0,9112.0,1000.0,1,0,109.14
2024-05-12,Home Fragrance,36,45,0.0,45.0,1620.0,0.0,1,0,109.14
2024-05-12,Skincare Bundle,61,150,0.0,150.0,9150.0,0.0,1,0,109.14
2024-05-13,Eau de Parfum,39,120,0.2,96.0,3744.0,0.0,0,0,109.18
2024-05-13,Eau de Toilette,88,85,0.0,85.0,7480.0,0.0,0,0,109.18
2024-05-13,Home Fragrance,54,45,0.0,45.0,2430.0,0.0,0,0,109.18
2024-05-13,Skincare Bundle,51,150,0.1,135.0,6885.0,0.0,0,0,109.18
2024-05-14,Eau de Parfum,28,120,0.0,120.0,3360.0,0.0,0,0,109.22
2024-05-14,Eau de Toilette,109,85,0.0,85.0,9265.0,0.0,0,0,109.22
2024-05-14,Home Fragrance,52,45,0.0,45.0,2340.0,0.0,0,0,109.22
2024-05-14,Skincare Bundle,40,150,0.0,150.0,6000.0,500.0,0,0,109.22
2024-05-15,Eau de Parfum,36,120,0.0,120.0,4320.0,500.0,0,0,109.26
2024-05-15,Eau de Toilette,110,85,0.0,85.0,9350.0,500.0,0,0,109.26
2024-05-15,Home Fragrance,55,45,0.0,45.0,2475.0,1000.0,0,0,109.26
2024-05-15,Skincare Bundle,78,150,0.0,150.0,11700.0,1000.0,0,0,109.26
2024-05-16,Eau de Parfum,84,120,0.0,120.0,10080.0,0.0,0,0,109.3
2024-05-16,Eau de Toilette,57,85,0.0,85.0,4845.0,500.0,0,0,109.3
2024-05-16,Home Fragrance,77,45,0.1,40.5,3118.5,2500.0,0,0,109.3
2024-05-16,Skincare Bundle,38,150,0.3,105.0,3990.0,0.0,0,0,109.3
2024-05-17,Eau de Parfum,57,120,0.0,120.0,6840.0,1000.0,0,0,109.34
2024-05-17,Eau de Toilette,63,85,0.0,85.0,5355.0,0.0,0,0,109.34
2024-05-17,Home Fragrance,67,45,0.0,45.0,3015.0,0.0,0,0,109.34
2024-05-17,Skincare Bundle,42,150,0.0,150.0,6300.0,500.0,0,0,109.34
2024-05-18,Eau de Parfum,90,120,0.0,120.0,10800.0,0.0,1,0,109.37
2024-05-18,Eau de Toilette,116,85,0.0,85.0,9860.0,0.0,1,0,109.37
2024-05-18,Home Fragrance,79,45,0.0,45.0,3555.0,500.0,1,0,109.37
2024-05-18,Skincare Bundle,80,150,0.0,150.0,12000.0,0.0,1,0,109.37
2024-05-19,Eau de Parfum,89,120,0.2,96.0,8544.0,0.0,1,0,109.4
2024-05-19,Eau de Toilette,62,85,0.0,85.0,5270.0,0.0,1,0,109.4
2024-05-19,Home Fragrance,71,45,0.0,45.0,3195.0,0.0,1,0,109.4
2024-05-19,Skincare Bundle,58,150,0.0,150.0,8700.0,0.0,1,0,109.4
2024-05-20,Eau de Parfum,53,120,0.0,120.0,6360.0,0.0,0,0,109.44
2024-05-20,Eau de Toilette,82,85,0.0,85.0,6970.0,0.0,0,0,109.44
2024-05-20,Home Fragrance,67,45,0.0,45.0,3015.0,1000.0,0,0,109.44
2024-05-20,Skincare Bundle,55,150,0.3,105.0,5775.0,0.0,0,0,109.44
2024-05-21,Eau de Parfum,93,120,0.0,120.0,11160.0,500.0,0,0,109.47
2024-05-21,Eau de Toilette,84,85,0.0,85.0,7140.0,500.0,0,0,109.47
2024-05-21,Home Fragrance,74,45,0.1,40.5,2997.0,0.0,0,0,109.47
2024-05-21,Skincare Bundle,66,150,0.1,135.0,8910.0,0.0,0,0,109.47
2024-05-22,Eau de Parfum,48,120,0.0,120.0,5760.0,0.0,0,0,109.5
2024-05-22,Eau de Toilette,70,85,0.0,85.0,5950.0,500.0,0,0,109.5
2024-05-22,Home Fragrance,34,45,0.2,36.0,1224.0,0.0,0,0,109.5
2024-05-22,Skincare Bundle,55,150,0.0,150.0,8250.0,1000.0,0,0,109.5
2024-05-23,Eau de Parfum,57,120,0.0,120.0,6840.0,0.0,0,0,109.53
2024-05-23,Eau de Toilette,104,85,0.0,85.0,8840.0,0.0,0,0,109.53
2024-05-23,Home Fragrance,68,45,0.1,40.5,2754.0,1000.0,0,0,109.53
2024-05-23,Skincare Bundle,29,150,0.0,150.0,4350.0,0.0,0,0,109.53
2024-05-24,Eau de Parfum,47,120,0.0,120.0,5640.0,0.0,0,0,109.56
2024-05-24,Eau de Toilette,69,85,0.0,85.0,5865.0,0.0,0,0,109.56
2024-05-24,Home Fragrance,41,45,0.1,40.5,1660.5,500.0,0,0,109.56
2024-05-24,Skincare Bundle,26,150,0.0,150.0,3900.0,0.0,0,0,109.56
2024-05-25,Eau de Parfum,54,120,0.0,120.0,6480.0,0.0,1,0,109.59
2024-05-25,Eau de Toilette,95,85,0.0,85.0,8075.0,0.0,1,0,109.59
2024-05-25,Home Fragrance,89,45,0.3,31.5,2803.5,1000.0,1,0,109.59
2024-05-25,Skincare Bundle,62,150,0.0,150.0,9300.0,1000.0,1,0,109.59
2024-05-26,Eau de Parfum,66,120,0.3,84.0,5544.0,1000.0,1,0,109.62
2024-05-26,Eau de Toilette,54,85,0.1,76.5,4131.0,1000.0,1,0,109.62
2024-05-26,Home Fragrance,89,45,0.0,45.0,4005.0,0.0,1,0,109.62
2024-05-26,Skincare Bundle,88,150,0.1,135.0,11880.0,2500.0,1,0,109.62
2024-05-27,Eau de Parfum,64,120,0.0,120.0,7680.0,1000.0,0,0,109.65
2024-05-27,Eau de Toilette,56,85,0.2,68.0,3808.0,500.0,0,0,109.65
2024-05-27,Home Fragrance,65,45,0.0,45.0,2925.0,0.0,0,0,109.65
2024-05-27,Skincare Bundle,39,150,0.0,150.0,5850.0,0.0,0,0,109.65
2024-05-28,Eau de Parfum,40,120,0.0,120.0,4800.0,0.0,0,0,109.67
2024-05-28,Eau de Toilette,96,85,0.1,76.5,7344.0,500.0,0,0,109.67
2024-05-28,Home Fragrance,65,45,0.0,45.0,2925.0,1000.0,0,0,109.67
2024-05-28,Skincare Bundle,52,150,0.0,150.0,7800.0,500.0,0,0,109.67
2024-05-29,Eau de Parfum,52,120,0.2,96.0,4992.0,500.0,0,0,109.7
2024-05-29,Eau de Toilette,100,85,0.1,76.5,7650.0,500.0,0,0,109.7
2024-05-29,Home Fragrance,42,45,0.0,45.0,1890.0,0.0,0,0,109.7
2024-05-29,Skincare Bundle,65,150,0.0,150.0,9750.0,1000.0,0,0,109.7
2024-05-30,Eau de Parfum,57,120,0.0,120.0,6840.0,1000.0,0,0,109.72
2024-05-30,Eau de Toilette,101,85,0.0,85.0,8585.0,0.0,0,0,109.72
2024-05-30,Home Fragrance,48,45,0.1,40.5,1944.0,0.0,0,0,109.72
2024-05-30,Skincare Bundle,52,150,0.0,150.0,7800.0,0.0,0,0,109.72
2024-05-31,Eau de Parfum,61,120,0.0,120.0,7320.0,500.0,0,0,109.74
2024-05-31,Eau de Toilette,66,85,0.1,76.5,5049.0,0.0,0,0,109.74
2024-05-31,Home Fragrance,37,45,0.0,45.0,1665.0,0.0,0,0,109.74
2024-05-31,Skincare Bundle,39,150,0.0,150.0,5850.0,0.0,0,0,109.74
2024-06-01,Eau de Parfum,48,120,0.0,120.0,5760.0,0.0,1,0,109.77
2024-06-01,Eau de Toilette,108,85,0.0,85.0,9180.0,500.0,1,0,109.77
2024-06-01,Home Fragrance,93,45,0.0,45.0,4185.0,0.0,1,0,109.77
2024-06-01,Skincare Bundle,78,150,0.1,135.0,10530.0,1000.0,1,0,109.77
2024-06-02,Eau de Parfum,72,120,0.0,120.0,8640.0,500.0,1,0,109.79
2024-06-02,Eau de Toilette,97,85,0.0,85.0,8245.0,0.0,1,0,109.79
2024-06-02,Home Fragrance,46,45,0.1,40.5,1863.0,0.0,1,0,109.79
2024-06-02,Skincare Bundle,88,150,0.0,150.0,13200.0,0.0,1,0,109.79
2024-06-03,Eau de Parfum,41,120,0.1,108.0,4428.0,1000.0,0,0,109.81
2024-06-03,Eau de Toilette,70,85,0.0,85.0,5950.0,0.0,0,0,109.81
2024-06-03,Home Fragrance,76,45,0.0,45.0,3420.0,0.0,0,0,109.81
2024-06-03,Skincare Bundle,31,150,0.0,150.0,4650.0,0.0,0,0,109.81
2024-06-04,Eau de Parfum,50,120,0.3,84.0,4200.0,1000.0,0,0,109.83
2024-06-04,Eau de Toilette,59,85,0.0,85.0,5015.0,0.0,0,0,109.83
2024-06-04,Home Fragrance,72,45,0.0,45.0,3240.0,0.0,0,0,109.83
2024-06-04,Skincare Bundle,47,150,0.0,150.0,7050.0,1000.0,0,0,109.83
2024-06-05,Eau de Parfum,57,120,0.0,120.0,6840.0,0.0,0,0,109.84
2024-06-05,Eau de Toilette,65,85,0.2,68.0,4420.0,0.0,0,0,109.84
2024-06-05,Home Fragrance,61,45,0.0,45.0,2745.0,1000.0,0,0,109.84
2024-06-05,Skincare Bundle,36,150,0.0,150.0,5400.0,1000.0,0,0,109.84
2024-06-06,Eau de Parfum,31,120,0.2,96.0,2976.0,0.0,0,0,109.86
2024-06-06,Eau de Toilette,109,85,0.0,85.0,9265.0,1000.0,0,0,109.86
2024-06-06,Home Fragrance,66,45,0.1,40.5,2673.0,1000.0,0,0,109.86
2024-06-06,Skincare Bundle,81,150,0.0,150.0,12150.0,500.0,0,0,109.86
2024-06-07,Eau de Parfum,55,120,0.0,120.0,6600.0,0.0,0,0,109.88
2024-06-07,Eau de Toilette,66,85,0.0,85.0,5610.0,0.0,0,0,109.88
2024-06-07,Home Fragrance,65,45,0.0,45.0,2925.0,500.0,0,0,109.88
2024-06-07,Skincare Bundle,39,150,0.0,150.0,5850.0,0.0,0,0,109.88
2024-06-08,Eau de Parfum,47,120,0.0,120.0,5640.0,0.0,1,0,109.89
2024-06-08,Eau de Toilette,187,85,0.0,85.0,15895.0,2500.0,1,0,109.89
2024-06-08,Home Fragrance,75,45,0.0,45.0,3375.0,0.0,1,0,109.89
2024-06-08,Skincare Bundle,74,150,0.0,150.0,11100.0,500.0,1,0,109.89
2024-06-09,Eau de Parfum,64,120,0.0,120.0,7680.0,0.0,1,0,109.91
2024-06-09,Eau de Toilette,121,85,0.1,76.5,9256.5,1000.0,1,0,109.91
2024-06-09,Home Fragrance,50,45,0.0,45.0,2250.0,0.0,1,0,109.91
2024-06-09,Skincare Bundle,76,150,0.1,135.0,10260.0,500.0,1,0,109.91
2024-06-10,Eau de Parfum,66,120,0.0,120.0,7920.0,0.0,0,0,109.92
2024-06-10,Eau de Toilette,84,85,0.0,85.0,7140.0,500.0,0,0,109.92
2024-06-10,Home Fragrance,43,45,0.0,45.0,1935.0,1000.0,0,0,109.92
2024-06-10,Skincare Bundle,30,150,0.0,150.0,4500.0,1000.0,0,0,109.92
2024-06-11,Eau de Parfum,36,120,0.0,120.0,4320.0,0.0,0,0,109.93
2024-06-11,Eau de Toilette,103,85,0.0,85.0,8755.0,0.0,0,0,109.93
2024-06-11,Home Fragrance,67,45,0.1,40.5,2713.5,0.0,0,0,109.93
2024-06-11,Skincare Bundle,55,150,0.3,105.0,5775.0,0.0,0,0,109.93
2024-06-12,Eau de Parfum,26,120,0.0,120.0,3120.0,0.0,0,0,109.94
2024-06-12,Eau de Toilette,56,85,0.0,85.0,4760.0,0.0,0,0,109.94
2024-06-12,Home Fragrance,53,45,0.0,45.0,2385.0,0.0,0,0,109.94
2024-06-12,Skincare Bundle,93,150,0.1,135.0,12555.0,0.0,0,0,109.94
2024-06-13,Eau de Parfum,32,120,0.0,120.0,3840.0,1000.0,0,0,109.95
2024-06-13,Eau de Toilette,44,85,0.3,59.5,2618.0,500.0,0,0,109.95
2024-06-13,Home Fragrance,20,45,0.0,45.0,900.0,0.0,0,0,109.95
2024-06-13,Skincare Bundle,33,150,0.3,105.0,3465.0,0.0,0,0,109.95
2024-06-14,Eau de Parfum,61,120,0.1,108.0,6588.0,0.0,0,0,109.96
2024-06-14,Eau de Toilette,62,85,0.1,76.5,4743.0,0.0,0,0,109.96
2024-06-14,Home Fragrance,35,45,0.0,45.0,1575.0,500.0,0,0,109.96
2024-06-14,Skincare Bundle,75,150,0.0,150.0,11250.0,0.0,0,0,109.96
2024-06-15,Eau de Parfum,82,120,0.0,120.0,9840.0,500.0,1,0,109.97
2024-06-15,Eau de Toilette,31,85,0.0,85.0,2635.0,0.0,1,0,109.97
2024-06-15,Home Fragrance,80,45,0.0,45.0,3600.0,500.0,1,0,109.97
2024-06-15,Skincare Bundle,66,150,0.0,150.0,9900.0,0.0,1,0,109.97
2024-06-16,Eau de Parfum,105,120,0.0,120.0,12600.0,500.0,1,0,109.98
2024-06-16,Eau de Toilette,133,85,0.0,85.0,11305.0,0.0,1,0,109.98
2024-06-16,Home Fragrance,117,45,0.3,31.5,3685.5,2500.0,1,0,109.98
2024-06-16,Skincare Bundle,66,150,0.0,150.0,9900.0,0.0,1,0,109.98
2024-06-17,Eau de Parfum,72,120,0.0,120.0,8640.0,500.0,0,0,109.98
2024-06-17,Eau de Toilette,68,85,0.0,85.0,5780.0,500.0,0,0,109.98
2024-06-17,Home Fragrance,77,45,0.0,45.0,3465.0,0.0,0,0,109.98
2024-06-17,Skincare Bundle,78,150,0.0,150.0,11700.0,0.0,0,0,109.98
2024-06-18,Eau de Parfum,52,120,0.2,96.0,4992.0,0.0,0,0,109.99
2024-06-18,Eau de Toilette,99,85,0.2,68.0,6732.0,0.0,0,0,109.99
2024-06-18,Home Fragrance,53,45,0.1,40.5,2146.5,0.0,0,0,109.99
2024-06-18,Skincare Bundle,80,150,0.0,150.0,12000.0,0.0,0,0,109.99
2024-06-19,Eau de Parfum,35,120,0.2,96.0,3360.0,1000.0,0,0,109.99
2024-06-19,Eau de Toilette,120,85,0.0,85.0,10200.0,500.0,0,0,109.99
2024-06-19,Home Fragrance,48,45,0.0,45.0,2160.0,0.0,0,0,109.99
2024-06-19,Skincare Bundle,51,150,0.0,150.0,7650.0,0.0,0,0,109.99
2024-06-20,Eau de Parfum,45,120,0.0,120.0,5400.0,500.0,0,0,110.0
2024-06-20,Eau de Toilette,94,85,0.0,85.0,7990.0,1000.0,0,0,110.0
2024-06-20,Home Fragrance,59,45,0.0,45.0,2655.0,0.0,0,0,110.0
2024-06-20,Skincare Bundle,52,150,0.0,150.0,7800.0,0.0,0,0,110.0
2024-06-21,Eau de Parfum,56,120,0.2,96.0,5376.0,500.0,0,0,110.0
2024-06-21,Eau de Toilette,83,85,0.0,85.0,7055.0,0.0,0,0,110.0
2024-06-21,Home Fragrance,30,45,0.0,45.0,1350.0,0.0,0,0,110.0
2024-06-21,Skincare Bundle,41,150,0.0,150.0,6150.0,0.0,0,0,110.0
2024-06-22,Eau de Parfum,88,120,0.2,96.0,8448.0,0.0,1,0,110.0
2024-06-22,Eau de Toilette,131,85,0.0,85.0,11135.0,0.0,1,0,110.0
2024-06-22,Home Fragrance,36,45,0.1,40.5,1458.0,0.0,1,0,110.0
2024-06-22,Skincare Bundle,91,150,0.0,150.0,13650.0,0.0,1,0,110.0
2024-06-23,Eau de Parfum,76,120,0.0,120.0,9120.0,0.0,1,0,110.0
2024-06-23,Eau de Toilette,101,85,0.0,85.0,8585.0,,1,0,110.0
2024-06-23,Home Fragrance,72,45,0.0,45.0,3240.0,0.0,1,0,110.0
2024-06-23,Skincare Bundle,66,150,0.1,135.0,8910.0,500.0,1,0,110.0
2024-06-24,Eau de Parfum,57,120,0.0,120.0,6840.0,0.0,0,0,110.0
2024-06-24,Eau de Toilette,71,85,0.0,85.0,6035.0,0.0,0,0,110.0
2024-06-24,Home Fragrance,60,45,0.1,40.5,2430.0,,0,0,110.0
2024-06-24,Skincare Bundle,49,150,0.0,150.0,7350.0,0.0,0,0,110.0
2024-06-25,Eau de Parfum,40,120,0.1,108.0,4320.0,500.0,0,0,110.0
2024-06-25,Eau de Toilette,54,85,0.0,85.0,4590.0,0.0,0,0,110.0
2024-06-25,Home Fragrance,44,45,0.0,45.0,1980.0,0.0,0,0,110.0
2024-06-25,Skincare Bundle,16,150,0.2,120.0,1920.0,0.0,0,0,110.0
2024-06-26,Eau de Parfum,39,120,0.0,120.0,4680.0,500.0,0,0,109.99
2024-06-26,Eau de Toilette,100,85,0.0,85.0,8500.0,0.0,0,0,109.99
2024-06-26,Home Fragrance,79,45,0.0,45.0,3555.0,0.0,0,0,109.99
2024-06-26,Skincare Bundle,60,150,0.0,150.0,9000.0,0.0,0,0,109.99
2024-06-27,Eau de Parfum,84,120,0.1,108.0,9072.0,1000.0,0,0,109.99
2024-06-27,Eau de Toilette,63,85,0.0,85.0,5355.0,0.0,0,0,109.99
2024-06-27,Home Fragrance,60,45,0.3,31.5,1890.0,0.0,0,0,109.99
2024-06-27,Skincare Bundle,41,150,0.0,150.0,6150.0,0.0,0,0,109.99
2024-06-28,Eau de Parfum,49,120,0.0,120.0,5880.0,0.0,0,0,109.99
2024-06-28,Eau de Toilette,198,85,0.0,85.0,16830.0,2500.0,0,0,109.99
2024-06-28,Home Fragrance,77,45,0.0,45.0,3465.0,0.0,0,0,109.99
2024-06-28,Skincare Bundle,39,150,0.0,150.0,5850.0,0.0,0,0,109.99
2024-06-29,Eau de Parfum,97,120,0.0,120.0,11640.0,500.0,1,0,109.98
2024-06-29,Eau de Toilette,56,85,0.0,85.0,4760.0,500.0,1,0,109.98
2024-06-29,Home Fragrance,54,45,0.0,45.0,2430.0,0.0,1,0,109.98
2024-06-29,Skincare Bundle,72,150,0.0,150.0,10800.0,500.0,1,0,109.98
2024-06-30,Eau de Parfum,60,120,0.0,120.0,7200.0,0.0,1,0,109.97
2024-06-30,Eau de Toilette,98,85,0.1,76.5,7497.0,500.0,1,0,109.97
2024-06-30,Home Fragrance,105,45,0.1,40.5,4252.5,0.0,1,0,109.97
2024-06-30,Skincare Bundle,34,150,0.0,150.0,5100.0,0.0,1,0,109.97
2024-07-01,Eau de Parfum,58,120,0.0,120.0,6960.0,500.0,0,0,109.97
2024-07-01,Eau de Toilette,86,85,0.0,85.0,7310.0,0.0,0,0,109.97
2024-07-01,Home Fragrance,55,45,0.0,45.0,2475.0,0.0,0,0,109.97
2024-07-01,Skincare Bundle,24,150,0.0,150.0,3600.0,1000.0,0,0,109.97
2024-07-02,Eau de Parfum,33,120,0.1,108.0,3564.0,500.0,0,0,109.96
2024-07-02,Eau de Toilette,88,85,0.0,85.0,7480.0,1000.0,0,0,109.96
2024-07-02,Home Fragrance,55,45,0.0,45.0,2475.0,1000.0,0,0,109.96
2024-07-02,Skincare Bundle,70,150,0.2,120.0,8400.0,1000.0,0,0,109.96
2024-07-03,Eau de Parfum,51,120,0.0,120.0,6120.0,0.0,0,0,109.95
2024-07-03,Eau de Toilette,38,85,0.0,85.0,3230.0,0.0,0,0,109.95
2024-07-03,Home Fragrance,60,45,0.0,45.0,2700.0,0.0,0,0,109.95
2024-07-03,Skincare Bundle,65,150,0.3,105.0,6825.0,1000.0,0,0,109.95
2024-07-04,Eau de Parfum,57,120,0.0,120.0,6840.0,0.0,0,0,109.94
2024-07-04,Eau de Toilette,67,85,0.0,85.0,5695.0,0.0,0,0,109.94
2024-07-04,Home Fragrance,39,45,0.1,40.5,1579.5,1000.0,0,0,109.94
2024-07-04,Skincare Bundle,59,150,0.0,150.0,8850.0,2500.0,0,0,109.94
2024-07-05,Eau de Parfum,29,120,0.0,120.0,3480.0,1000.0,0,0,109.92
2024-07-05,Eau de Toilette,108,85,0.0,85.0,9180.0,1000.0,0,0,109.92
2024-07-05,Home Fragrance,33,45,0.1,40.5,1336.5,0.0,0,0,109.92
2024-07-05,Skincare Bundle,50,150,0.0,150.0,7500.0,500.0,0,0,109.92
2024-07-06,Eau de Parfum,43,120,0.3,84.0,3612.0,500.0,1,0,109.91
2024-07-06,Eau de Toilette,65,85,0.1,76.5,4972.5,0.0,1,0,109.91
2024-07-06,Home Fragrance,67,45,0.0,45.0,3015.0,0.0,1,0,109.91
2024-07-06,Skincare Bundle,56,150,0.0,150.0,8400.0,500.0,1,0,109.91
2024-07-07,Eau de Parfum,104,120,0.3,84.0,8736.0,1000.0,1,0,109.9
2024-07-07,Eau de Toilette,122,85,0.2,68.0,8296.0,0.0,1,0,109.9
2024-07-07,Home Fragrance,92,45,0.0,45.0,4140.0,2500.0,1,0,109.9
2024-07-07,Skincare Bundle,84,150,0.0,150.0,12600.0,500.0,1,0,109.9
2024-07-08,Eau de Parfum,48,120,0.0,120.0,5760.0,0.0,0,0,109.88
2024-07-08,Eau de Toilette,70,85,0.0,85.0,5950.0,0.0,0,0,109.88
2024-07-08,Home Fragrance,53,45,0.0,45.0,2385.0,500.0,0,0,109.88
2024-07-08,Skincare Bundle,55,150,0.1,135.0,7425.0,0.0,0,0,109.88
2024-07-09,Eau de Parfum,23,120,0.2,96.0,2208.0,0.0,0,0,109.87
2024-07-09,Eau de Toilette,102,85,0.0,85.0,8670.0,0.0,0,0,109.87
2024-07-09,Home Fragrance,33,45,0.0,45.0,1485.0,0.0,0,0,109.87
2024-07-09,Skincare Bundle,64,150,0.0,150.0,9600.0,0.0,0,0,109.87
2024-07-10,Eau de Parfum,25,120,0.1,108.0,2700.0,500.0,0,0,109.85
2024-07-10,Eau de Toilette,73,85,0.0,85.0,6205.0,0.0,0,0,109.85
2024-07-10,Home Fragrance,70,45,0.1,40.5,2835.0,0.0,0,0,109.85
2024-07-10,Skincare Bundle,27,150,0.0,150.0,4050.0,0.0,0,0,109.85
2024-07-11,Eau de Parfum,87,120,0.1,108.0,9396.0,0.0,0,0,109.83
2024-07-11,Eau de Toilette,92,85,0.0,85.0,7820.0,0.0,0,0,109.83
2024-07-11,Home Fragrance,55,45,0.0,45.0,2475.0,500.0,0,0,109.83
2024-07-11,Skincare Bundle,27,150,0.0,150.0,4050.0,0.0,0,0,109.83
2024-07-12,Eau de Parfum,38,120,0.0,120.0,4560.0,500.0,0,0,109.81
2024-07-12,Eau de Toilette,123,85,0.1,76.5,9409.5,0.0,0,0,109.81
2024-07-12,Home Fragrance,31,45,0.0,45.0,1395.0,500.0,0,0,109.81
2024-07-12,Skincare Bundle,55,150,0.1,135.0,7425.0,0.0,0,0,109.81
2024-07-13,Eau de Parfum,38,120,0.0,120.0,4560.0,0.0,1,0,109.79
2024-07-13,Eau de Toilette,97,85,0.1,76.5,7420.5,0.0,1,0,109.79
2024-07-13,Home Fragrance,85,45,0.0,45.0,3825.0,0.0,1,0,109.79
2024-07-13,Skincare Bundle,45,150,0.0,150.0,6750.0,0.0,1,0,109.79
2024-07-14,Eau de Parfum,70,120,0.0,120.0,8400.0,1000.0,1,0,109.77
2024-07-14,Eau de Toilette,146,85,0.0,85.0,12410.0,0.0,1,0,109.77
2024-07-14,Home Fragrance,65,45,0.0,45.0,2925.0,500.0,1,0,109.77
2024-07-14,Skincare Bundle,16,150,0.0,150.0,2400.0,1000.0,1,0,109.77
2024-07-15,Eau de Parfum,52,120,0.0,120.0,6240.0,0.0,0,0,109.75
2024-07-15,Eau de Toilette,106,85,0.1,76.5,8109.0,500.0,0,0,109.75
2024-07-15,Home Fragrance,42,45,0.0,45.0,1890.0,500.0,0,0,109.75
2024-07-15,Skincare Bundle,51,150,0.0,150.0,7650.0,0.0,0,0,109.75
2024-07-16,Eau de Parfum,78,120,0.0,120.0,9360.0,0.0,0,0,109.73
2024-07-16,Eau de Toilette,86,85,0.2,68.0,5848.0,0.0,0,0,109.73
2024-07-16,Home Fragrance,42,45,0.3,31.5,1323.0,500.0,0,0,109.73
2024-07-16,Skincare Bundle,84,150,0.1,135.0,11340.0,500.0,0,0,109.73
2024-07-17,Eau de Parfum,29,120,0.0,120.0,3480.0,0.0,0,0,109.71
2024-07-17,Eau de Toilette,23,85,0.1,76.5,1759.5,0.0,0,0,109.71
2024-07-17,Home Fragrance,20,45,0.0,45.0,900.0,0.0,0,0,109.71
2024-07-17,Skincare Bundle,73,150,0.0,150.0,10950.0,500.0,0,0,109.71
2024-07-18,Eau de Parfum,47,120,0.1,108.0,5076.0,500.0,0,0,109.68
2024-07-18,Eau de Toilette,63,85,0.0,85.0,5355.0,0.0,0,0,109.68
2024-07-18,Home Fragrance,52,45,0.0,45.0,2340.0,1000.0,0,0,109.68
2024-07-18,Skincare Bundle,32,150,0.0,150.0,4800.0,0.0,0,0,109.68
2024-07-19,Eau de Parfum,55,120,0.1,108.0,5940.0,1000.0,0,0,109.66
2024-07-19,Eau de Toilette,99,85,0.0,85.0,8415.0,500.0,0,0,109.66
2024-07-19,Home Fragrance,16,45,0.2,36.0,576.0,0.0,0,0,109.66
2024-07-19,Skincare Bundle,26,150,0.0,150.0,3900.0,0.0,0,0,109.66
2024-07-20,Eau de Parfum,56,120,0.1,108.0,6048.0,1000.0,1,0,109.63
2024-07-20,Eau de Toilette,142,85,0.0,85.0,12070.0,500.0,1,0,109.63
2024-07-20,Home Fragrance,44,45,0.0,45.0,1980.0,0.0,1,0,109.63
2024-07-20,Skincare Bundle,65,150,0.0,150.0,9750.0,2500.0,1,0,109.63
2024-07-21,Eau de Parfum,74,120,0.0,120.0,8880.0,0.0,1,0,109.6
2024-07-21,Eau de Toilette,89,85,0.2,68.0,6052.0,0.0,1,0,109.6
2024-07-21,Home Fragrance,58,45,0.0,45.0,2610.0,0.0,1,0,109.6
2024-07-21,Skincare Bundle,51,150,0.3,105.0,5355.0,0.0,1,0,109.6
2024-07-22,Eau de Parfum,68,120,0.0,120.0,8160.0,,0,0,109.57
2024-07-22,Eau de Toilette,24,85,0.0,85.0,2040.0,1000.0,0,0,109.57
2024-07-22,Home Fragrance,42,45,0.0,45.0,1890.0,0.0,0,0,109.57
2024-07-22,Skincare Bundle,45,150,0.0,150.0,6750.0,0.0,0,0,109.57
2024-07-23,Eau de Parfum,74,120,0.2,96.0,7104.0,500.0,0,0,109.54
2024-07-23,Eau de Toilette,54,85,0.0,85.0,4590.0,0.0,0,0,109.54
2024-07-23,Home Fragrance,27,45,0.1,40.5,1093.5,0.0,0,0,109.54
2024-07-23,Skincare Bundle,30,150,0.0,150.0,4500.0,500.0,0,0,109.54
2024-07-24,Eau de Parfum,35,120,0.1,108.0,3780.0,0.0,0,0,109.51
2024-07-24,Eau de Toilette,65,85,0.0,85.0,5525.0,0.0,0,0,109.51
2024-07-24,Home Fragrance,56,45,0.1,40.5,2268.0,1000.0,0,0,109.51
2024-07-24,Skincare Bundle,33,150,0.2,120.0,3960.0,0.0,0,0,109.51
2024-07-25,Eau de Parfum,43,120,0.1,108.0,4644.0,0.0,0,0,109.48
2024-07-25,Eau de Toilette,107,85,0.0,85.0,9095.0,1000.0,0,0,109.48
2024-07-25,Home Fragrance,74,45,0.0,45.0,3330.0,0.0,0,0,109.48
2024-07-25,Skincare Bundle,59,150,0.0,150.0,8850.0,500.0,0,0,109.48
2024-07-26,Eau de Parfum,23,120,0.1,108.0,2484.0,0.0,0,0,109.45
2024-07-26,Eau de Toilette,148,85,0.0,85.0,12580.0,1000.0,0,0,109.45
2024-07-26,Home Fragrance,50,45,0.2,36.0,1800.0,0.0,0,0,109.45
2024-07-26,Skincare Bundle,50,150,0.0,150.0,7500.0,0.0,0,0,109.45
2024-07-27,Eau de Parfum,27,120,0.1,108.0,2916.0,0.0,1,0,109.42
2024-07-27,Eau de Toilette,92,85,0.0,85.0,7820.0,1000.0,1,0,109.42
2024-07-27,Home Fragrance,48,45,0.0,45.0,2160.0,0.0,1,0,109.42
2024-07-27,Skincare Bundle,64,150,0.0,150.0,9600.0,0.0,1,0,109.42
2024-07-28,Eau de Parfum,41,120,0.2,96.0,3936.0,0.0,1,0,109.38
2024-07-28,Eau de Toilette,69,85,0.0,85.0,5865.0,0.0,1,0,109.38
2024-07-28,Home Fragrance,67,45,0.0,45.0,3015.0,0.0,1,0,109.38
2024-07-28,Skincare Bundle,48,150,0.0,150.0,7200.0,0.0,1,0,109.38
2024-07-29,Eau de Parfum,71,120,0.0,120.0,8520.0,0.0,0,0,109.35
2024-07-29,Eau de Toilette,77,85,0.0,85.0,6545.0,0.0,0,0,109.35
2024-07-29,Home Fragrance,25,45,0.2,36.0,900.0,0.0,0,0,109.35
2024-07-29,Skincare Bundle,90,150,0.0,150.0,13500.0,500.0,0,0,109.35
2024-07-30,Eau de Parfum,30,120,0.2,96.0,2880.0,0.0,0,0,109.31
2024-07-30,Eau de Toilette,58,85,0.0,85.0,4930.0,0.0,0,0,109.31
2024-07-30,Home Fragrance,41,45,0.0,45.0,1845.0,0.0,0,0,109.31
2024-07-30,Skincare Bundle,52,150,0.1,135.0,7020.0,0.0,0,0,109.31
2024-07-31,Eau de Parfum,28,120,0.1,108.0,3024.0,0.0,0,0,109.27
2024-07-31,Eau de Toilette,139,85,0.0,85.0,11815.0,2500.0,0,0,109.27
2024-07-31,Home Fragrance,53,45,0.0,45.0,2385.0,500.0,0,0,109.27
2024-07-31,Skincare Bundle,25,150,0.0,150.0,3750.0,0.0,0,0,109.27
2024-08-01,Eau de Parfum,44,120,0.0,120.0,5280.0,0.0,0,0,109.24
2024-08-01,Eau de Toilette,112,85,0.1,76.5,8568.0,2500.0,0,0,109.24
2024-08-01,Home Fragrance,50,45,0.1,40.5,2025.0,1000.0,0,0,109.24
2024-08-01,Skincare Bundle,55,150,0.0,150.0,8250.0,0.0,0,0,109.24
2024-08-02,Eau de Parfum,33,120,0.0,120.0,3960.0,0.0,0,0,109.2
2024-08-02,Eau de Toilette,61,85,0.0,85.0,5185.0,500.0,0,0,109.2
2024-08-02,Home Fragrance,15,45,0.0,45.0,675.0,500.0,0,0,109.2
2024-08-02,Skincare Bundle,41,150,0.0,150.0,6150.0,0.0,0,0,109.2
2024-08-03,Eau de Parfum,61,120,0.0,120.0,7320.0,500.0,1,0,109.16
2024-08-03,Eau de Toilette,69,85,0.0,85.0,5865.0,1000.0,1,0,109.16
2024-08-03,Home Fragrance,70,45,0.0,45.0,3150.0,0.0,1,0,109.16
2024-08-03,Skincare Bundle,55,150,0.0,150.0,8250.0,0.0,1,0,109.16
2024-08-04,Eau de Parfum,32,120,0.0,120.0,3840.0,0.0,1,0,109.12
2024-08-04,Eau de Toilette,59,85,0.1,76.5,4513.5,0.0,1,0,109.12
2024-08-04,Home Fragrance,53,45,0.0,45.0,2385.0,500.0,1,0,109.12
2024-08-04,Skincare Bundle,94,150,0.0,150.0,14100.0,0.0,1,0,109.12
2024-08-05,Eau de Parfum,50,120,0.0,120.0,6000.0,1000.0,0,0,109.08
2024-08-05,Eau de Toilette,60,85,0.1,76.5,4590.0,1000.0,0,0,109.08
2024-08-05,Home Fragrance,95,45,0.0,45.0,4275.0,500.0,0,0,109.08
2024-08-05,Skincare Bundle,70,150,0.0,150.0,10500.0,1000.0,0,0,109.08
2024-08-06,Eau de Parfum,58,120,0.1,108.0,6264.0,500.0,0,0,109.03
2024-08-06,Eau de Toilette,50,85,0.0,85.0,4250.0,500.0,0,0,109.03
2024-08-06,Home Fragrance,52,45,0.0,45.0,2340.0,0.0,0,0,109.03
2024-08-06,Skincare Bundle,21,150,0.3,105.0,2205.0,0.0,0,0,109.03
2024-08-07,Eau de Parfum,48,120,0.1,108.0,5184.0,0.0,0,0,108.99
2024-08-07,Eau de Toilette,47,85,0.0,85.0,3995.0,0.0,0,0,108.99
2024-08-07,Home Fragrance,46,45,0.2,36.0,1656.0,1000.0,0,0,108.99
2024-08-07,Skincare Bundle,48,150,0.1,135.0,6480.0,0.0,0,0,108.99
2024-08-08,Eau de Parfum,67,120,0.0,120.0,8040.0,1000.0,0,0,108.95
2024-08-08,Eau de Toilette,71,85,0.1,76.5,5431.5,500.0,0,0,108.95
2024-08-08,Home Fragrance,45,45,0.0,45.0,2025.0,1000.0,0,0,108.95
2024-08-08,Skincare Bundle,61,150,0.0,150.0,9150.0,0.0,0,0,108.95
2024-08-09,Eau de Parfum,78,120,0.0,120.0,9360.0,1000.0,0,0,108.9
2024-08-09,Eau de Toilette,58,85,0.3,59.5,3451.0,0.0,0,0,108.9
2024-08-09,Home Fragrance,52,45,0.0,45.0,2340.0,0.0,0,0,108.9
2024-08-09,Skincare Bundle,36,150,0.0,150.0,5400.0,0.0,0,0,108.9
2024-08-10,Eau de Parfum,50,120,0.0,120.0,6000.0,500.0,1,0,108.85
2024-08-10,Eau de Toilette,66,85,0.2,68.0,4488.0,0.0,1,0,108.85
2024-08-10,Home Fragrance,104,45,0.2,36.0,3744.0,500.0,1,0,108.85
2024-08-10,Skincare Bundle,89,150,0.0,150.0,13350.0,1000.0,1,0,108.85
2024-08-11,Eau de Parfum,95,120,0.3,84.0,7980.0,2500.0,1,0,108.81
2024-08-11,Eau de Toilette,57,85,0.1,76.5,4360.5,1000.0,1,0,108.81
2024-08-11,Home Fragrance,73,45,0.0,45.0,3285.0,0.0,1,0,108.81
2024-08-11,Skincare Bundle,55,150,0.1,135.0,7425.0,500.0,1,0,108.81
2024-08-12,Eau de Parfum,62,120,0.0,120.0,7440.0,500.0,0,0,108.76
2024-08-12,Eau de Toilette,40,85,0.0,85.0,3400.0,2500.0,0,0,108.76
2024-08-12,Home Fragrance,46,45,0.0,45.0,2070.0,0.0,0,0,108.76
2024-08-12,Skincare Bundle,35,150,0.0,150.0,5250.0,500.0,0,0,108.76
2024-08-13,Eau de Parfum,36,120,0.0,120.0,4320.0,0.0,0,0,108.71
2024-08-13,Eau de Toilette,31,85,0.0,85.0,2635.0,0.0,0,0,108.71
2024-08-13,Home Fragrance,18,45,0.0,45.0,810.0,0.0,0,0,108.71
2024-08-13,Skincare Bundle,44,150,0.0,150.0,6600.0,1000.0,0,0,108.71
2024-08-14,Eau de Parfum,64,120,0.0,120.0,7680.0,500.0,0,0,108.66
2024-08-14,Eau de Toilette,46,85,0.1,76.5,3519.0,0.0,0,0,108.66
2024-08-14,Home Fragrance,65,45,0.2,36.0,2340.0,1000.0,0,0,108.66
2024-08-14,Skincare Bundle,70,150,0.1,135.0,9450.0,500.0,0,0,108.66
2024-08-15,Eau de Parfum,69,120,0.0,120.0,8280.0,0.0,0,0,108.61
2024-08-15,Eau de Toilette,45,85,0.2,68.0,3060.0,0.0,0,0,108.61
2024-08-15,Home Fragrance,38,45,0.1,40.5,1539.0,500.0,0,0,108.61
2024-08-15,Skincare Bundle,36,150,0.0,150.0,5400.0,0.0,0,0,108.61
2024-08-16,Eau de Parfum,49,120,0.0,120.0,5880.0,0.0,0,0,108.56
2024-08-16,Eau de Toilette,72,85,0.0,85.0,6120.0,0.0,0,0,108.56
2024-08-16,Home Fragrance,35,45,0.0,45.0,1575.0,0.0,0,0,108.56
2024-08-16,Skincare Bundle,29,150,0.2,120.0,3480.0,,0,0,108.56
2024-08-17,Eau de Parfum,68,120,0.2,96.0,6528.0,0.0,1,0,108.51
2024-08-17,Eau de Toilette,76,85,0.2,68.0,5168.0,500.0,1,0,108.51
2024-08-17,Home Fragrance,88,45,0.0,45.0,3960.0,0.0,1,0,108.51
2024-08-17,Skincare Bundle,59,150,0.0,150.0,8850.0,0.0,1,0,108.51
2024-08-18,Eau de Parfum,59,120,0.0,120.0,7080.0,0.0,1,0,108.46
2024-08-18,Eau de Toilette,61,85,0.0,85.0,5185.0,0.0,1,0,108.46
2024-08-18,Home Fragrance,75,45,0.0,45.0,3375.0,0.0,1,0,108.46
2024-08-18,Skincare Bundle,55,150,0.1,135.0,7425.0,,1,0,108.46
2024-08-19,Eau de Parfum,43,120,0.2,96.0,4128.0,0.0,0,0,108.4
2024-08-19,Eau de Toilette,67,85,0.0,85.0,5695.0,0.0,0,0,108.4
2024-08-19,Home Fragrance,62,45,0.1,40.5,2511.0,,0,0,108.4
2024-08-19,Skincare Bundle,57,150,0.0,150.0,8550.0,0.0,0,0,108.4
2024-08-20,Eau de Parfum,82,120,0.1,108.0,8856.0,500.0,0,0,108.35
2024-08-20,Eau de Toilette,38,85,0.1,76.5,2907.0,0.0,0,0,108.35
2024-08-20,Home Fragrance,74,45,0.0,45.0,3330.0,0.0,0,0,108.35
2024-08-20,Skincare Bundle,47,150,0.0,150.0,7050.0,1000.0,0,0,108.35
2024-08-21,Eau de Parfum,70,120,0.0,120.0,8400.0,2500.0,0,0,108.29
2024-08-21,Eau de Toilette,44,85,0.3,59.5,2618.0,0.0,0,0,108.29
2024-08-21,Home Fragrance,30,45,0.0,45.0,1350.0,0.0,0,0,108.29
2024-08-21,Skincare Bundle,52,150,0.0,150.0,7800.0,0.0,0,0,108.29
2024-08-22,Eau de Parfum,56,120,0.2,96.0,5376.0,0.0,0,0,108.23
2024-08-22,Eau de Toilette,40,85,0.0,85.0,3400.0,0.0,0,0,108.23
2024-08-22,Home Fragrance,56,45,0.2,36.0,2016.0,0.0,0,0,108.23
2024-08-22,Skincare Bundle,50,150,0.0,150.0,7500.0,0.0,0,0,108.23
2024-08-23,Eau de Parfum,41,120,0.0,120.0,4920.0,0.0,0,0,108.18
2024-08-23,Eau de Toilette,107,85,0.0,85.0,9095.0,1000.0,0,0,108.18
2024-08-23,Home Fragrance,55,45,0.0,45.0,2475.0,0.0,0,0,108.18
2024-08-23,Skincare Bundle,64,150,0.1,135.0,8640.0,500.0,0,0,108.18
2024-08-24,Eau de Parfum,128,120,0.1,108.0,13824.0,1000.0,1,0,108.12
2024-08-24,Eau de Toilette,23,85,0.0,85.0,1955.0,500.0,1,0,108.12
2024-08-24,Home Fragrance,75,45,0.0,45.0,3375.0,0.0,1,0,108.12
2024-08-24,Skincare Bundle,70,150,0.0,150.0,10500.0,0.0,1,0,108.12
2024-08-25,Eau de Parfum,98,120,0.0,120.0,11760.0,0.0,1,0,108.06
2024-08-25,Eau de Toilette,73,85,0.0,85.0,6205.0,500.0,1,0,108.06
2024-08-25,Home Fragrance,87,45,0.0,45.0,3915.0,0.0,1,0,108.06
2024-08-25,Skincare Bundle,68,150,0.3,105.0,7140.0,0.0,1,0,108.06
2024-08-26,Eau de Parfum,44,120,0.2,96.0,4224.0,500.0,0,0,108.0
2024-08-26,Eau de Toilette,41,85,0.0,85.0,3485.0,0.0,0,0,108.0
2024-08-26,Home Fragrance,74,45,0.0,45.0,3330.0,500.0,0,0,108.0
2024-08-26,Skincare Bundle,52,150,0.0,150.0,7800.0,0.0,0,0,108.0
2024-08-27,Eau de Parfum,48,120,0.0,120.0,5760.0,0.0,0,0,107.94
2024-08-27,Eau de Toilette,50,85,0.1,76.5,3825.0,500.0,0,0,107.94
2024-08-27,Home Fragrance,32,45,0.1,40.5,1296.0,1000.0,0,0,107.94
2024-08-27,Skincare Bundle,62,150,0.0,150.0,9300.0,0.0,0,0,107.94
2024-08-28,Eau de Parfum,18,120,0.0,120.0,2160.0,1000.0,0,0,107.88
2024-08-28,Eau de Toilette,57,85,0.0,85.0,4845.0,0.0,0,0,107.88
2024-08-28,Home Fragrance,52,45,0.0,45.0,2340.0,0.0,0,0,107.88
2024-08-28,Skincare Bundle,31,150,0.2,120.0,3720.0,0.0,0,0,107.88
2024-08-29,Eau de Parfum,96,120,0.0,120.0,11520.0,1000.0,0,0,107.82
2024-08-29,Eau de Toilette,94,85,0.2,68.0,6392.0,2500.0,0,0,107.82
2024-08-29,Home Fragrance,68,45,0.0,45.0,3060.0,2500.0,0,0,107.82
2024-08-29,Skincare Bundle,33,150,0.0,150.0,4950.0,500.0,0,0,107.82
2024-08-30,Eau de Parfum,82,120,0.0,120.0,9840.0,0.0,0,0,107.76
2024-08-30,Eau de Toilette,30,85,0.0,85.0,2550.0,500.0,0,0,107.76
2024-08-30,Home Fragrance,74,45,0.0,45.0,3330.0,2500.0,0,0,107.76
2024-08-30,Skincare Bundle,37,150,0.0,150.0,5550.0,0.0,0,0,107.76
2024-08-31,Eau de Parfum,27,120,0.2,96.0,2592.0,500.0,1,0,107.69
2024-08-31,Eau de Toilette,68,85,0.0,85.0,5780.0,,1,0,107.69
2024-08-31,Home Fragrance,36,45,0.2,36.0,1296.0,,1,0,107.69
2024-08-31,Skincare Bundle,89,150,0.0,150.0,13350.0,0.0,1,0,107.69
2024-09-01,Eau de Parfum,85,120,0.0,120.0,10200.0,0.0,1,0,107.63
2024-09-01,Eau de Toilette,73,85,0.1,76.5,5584.5,0.0,1,0,107.63
2024-09-01,Home Fragrance,81,45,0.0,45.0,3645.0,0.0,1,0,107.63
2024-09-01,Skincare Bundle,63,150,0.0,150.0,9450.0,0.0,1,0,107.63
2024-09-02,Eau de Parfum,51,120,0.2,96.0,4896.0,0.0,0,0,107.56
2024-09-02,Eau de Toilette,50,85,0.0,85.0,4250.0,500.0,0,0,107.56
2024-09-02,Home Fragrance,54,45,0.0,45.0,2430.0,0.0,0,0,107.56
2024-09-02,Skincare Bundle,68,150,0.1,135.0,9180.0,500.0,0,0,107.56
2024-09-03,Eau de Parfum,57,120,0.0,120.0,6840.0,0.0,0,0,107.5
2024-09-03,Eau de Toilette,60,85,0.0,85.0,5100.0,500.0,0,0,107.5
2024-09-03,Home Fragrance,55,45,0.0,45.0,2475.0,500.0,0,0,107.5
2024-09-03,Skincare Bundle,55,150,0.0,150.0,8250.0,0.0,0,0,107.5
2024-09-04,Eau de Parfum,50,120,0.0,120.0,6000.0,0.0,0,0,107.43
2024-09-04,Eau de Toilette,72,85,0.0,85.0,6120.0,0.0,0,0,107.43
2024-09-04,Home Fragrance,57,45,0.0,45.0,2565.0,0.0,0,0,107.43
2024-09-04,Skincare Bundle,60,150,0.0,150.0,9000.0,1000.0,0,0,107.43
2024-09-05,Eau de Parfum,42,120,0.0,120.0,5040.0,0.0,0,0,107.36
2024-09-05,Eau de Toilette,38,85,0.0,85.0,3230.0,0.0,0,0,107.36
2024-09-05,Home Fragrance,68,45,0.0,45.0,3060.0,,0,0,107.36
2024-09-05,Skincare Bundle,86,150,0.2,120.0,10320.0,2500.0,0,0,107.36
2024-09-06,Eau de Parfum,80,120,0.0,120.0,9600.0,1000.0,0,0,107.29
2024-09-06,Eau de Toilette,65,85,0.1,76.5,4972.5,0.0,0,0,107.29
2024-09-06,Home Fragrance,33,45,0.0,45.0,1485.0,0.0,0,0,107.29
2024-09-06,Skincare Bundle,49,150,0.0,150.0,7350.0,0.0,0,0,107.29
2024-09-07,Eau de Parfum,75,120,0.1,108.0,8100.0,0.0,1,0,107.23
2024-09-07,Eau de Toilette,56,85,0.1,76.5,4284.0,0.0,1,0,107.23
2024-09-07,Home Fragrance,80,45,0.0,45.0,3600.0,0.0,1,0,107.23
2024-09-07,Skincare Bundle,61,150,0.0,150.0,9150.0,0.0,1,0,107.23
2024-09-08,Eau de Parfum,53,120,0.0,120.0,6360.0,,1,0,107.16
2024-09-08,Eau de Toilette,106,85,0.0,85.0,9010.0,1000.0,1,0,107.16
2024-09-08,Home Fragrance,64,45,0.0,45.0,2880.0,0.0,1,0,107.16
2024-09-08,Skincare Bundle,144,150,0.2,120.0,17280.0,2500.0,1,0,107.16
2024-09-09,Eau de Parfum,35,120,0.0,120.0,4200.0,0.0,0,0,107.09
2024-09-09,Eau de Toilette,58,85,0.0,85.0,4930.0,0.0,0,0,107.09
2024-09-09,Home Fragrance,49,45,0.0,45.0,2205.0,0.0,0,0,107.09
2024-09-09,Skincare Bundle,67,150,0.1,135.0,9045.0,0.0,0,0,107.09
2024-09-10,Eau de Parfum,25,120,0.2,96.0,2400.0,1000.0,0,0,107.02
2024-09-10,Eau de Toilette,49,85,0.2,68.0,3332.0,1000.0,0,0,107.02
2024-09-10,Home Fragrance,48,45,0.0,45.0,2160.0,0.0,0,0,107.02
2024-09-10,Skincare Bundle,54,150,0.0,150.0,8100.0,0.0,0,0,107.02
2024-09-11,Eau de Parfum,32,120,0.1,108.0,3456.0,500.0,0,0,106.94
2024-09-11,Eau de Toilette,51,85,0.0,85.0,4335.0,0.0,0,0,106.94
2024-09-11,Home Fragrance,61,45,0.1,40.5,2470.5,0.0,0,0,106.94
2024-09-11,Skincare Bundle,57,150,0.0,150.0,8550.0,500.0,0,0,106.94
2024-09-12,Eau de Parfum,74,120,0.0,120.0,8880.0,1000.0,0,0,106.87
2024-09-12,Eau de Toilette,77,85,0.2,68.0,5236.0,1000.0,0,0,106.87
2024-09-12,Home Fragrance,71,45,0.2,36.0,2556.0,2500.0,0,0,106.87
2024-09-12,Skincare Bundle,60,150,0.0,150.0,9000.0,0.0,0,0,106.87
2024-09-13,Eau de Parfum,43,120,0.0,120.0,5160.0,500.0,0,0,106.8
2024-09-13,Eau de Toilette,13,85,0.0,85.0,1105.0,0.0,0,0,106.8
2024-09-13,Home Fragrance,43,45,0.0,45.0,1935.0,0.0,0,0,106.8
2024-09-13,Skincare Bundle,45,150,0.0,150.0,6750.0,2500.0,0,0,106.8
2024-09-14,Eau de Parfum,82,120,0.0,120.0,9840.0,500.0,1,0,106.72
2024-09-14,Eau de Toilette,119,85,0.1,76.5,9103.5,1000.0,1,0,106.72
2024-09-14,Home Fragrance,77,45,0.0,45.0,3465.0,500.0,1,0,106.72
2024-09-14,Skincare Bundle,59,150,0.0,150.0,8850.0,0.0,1,0,106.72
2024-09-15,Eau de Parfum,79,120,0.0,120.0,9480.0,1000.0,1,0,106.65
2024-09-15,Eau de Toilette,50,85,0.0,85.0,4250.0,0.0,1,0,106.65
2024-09-15,Home Fragrance,96,45,0.0,45.0,4320.0,0.0,1,0,106.65
2024-09-15,Skincare Bundle,85,150,0.0,150.0,12750.0,1000.0,1,0,106.65
2024-09-16,Eau de Parfum,36,120,0.0,120.0,4320.0,0.0,0,0,106.58
2024-09-16,Eau de Toilette,53,85,0.1,76.5,4054.5,0.0,0,0,106.58
2024-09-16,Home Fragrance,47,45,0.0,45.0,2115.0,500.0,0,0,106.58
2024-09-16,Skincare Bundle,94,150,0.0,150.0,14100.0,2500.0,0,0,106.58
2024-09-17,Eau de Parfum,38,120,0.1,108.0,4104.0,0.0,0,0,106.5
2024-09-17,Eau de Toilette,91,85,0.0,85.0,7735.0,500.0,0,0,106.5
2024-09-17,Home Fragrance,49,45,0.1,40.5,1984.5,0.0,0,0,106.5
2024-09-17,Skincare Bundle,56,150,0.0,150.0,8400.0,0.0,0,0,106.5
2024-09-18,Eau de Parfum,62,120,0.0,120.0,7440.0,0.0,0,0,106.42
2024-09-18,Eau de Toilette,55,85,0.0,85.0,4675.0,1000.0,0,0,106.42
2024-09-18,Home Fragrance,40,45,0.0,45.0,1800.0,500.0,0,0,106.42
2024-09-18,Skincare Bundle,44,150,0.1,135.0,5940.0,0.0,0,0,106.42
2024-09-19,Eau de Parfum,32,120,0.2,96.0,3072.0,500.0,0,0,106.35
2024-09-19,Eau de Toilette,33,85,0.1,76.5,2524.5,1000.0,0,0,106.35
2024-09-19,Home Fragrance,36,45,0.0,45.0,1620.0,0.0,0,0,106.35
2024-09-19,Skincare Bundle,47,150,0.0,150.0,7050.0,1000.0,0,0,106.35
2024-09-20,Eau de Parfum,31,120,0.0,120.0,3720.0,0.0,0,0,106.27
2024-09-20,Eau de Toilette,52,85,0.0,85.0,4420.0,1000.0,0,0,106.27
2024-09-20,Home Fragrance,42,45,0.0,45.0,1890.0,1000.0,0,0,106.27
2024-09-20,Skincare Bundle,39,150,0.2,120.0,4680.0,500.0,0,0,106.27
2024-09-21,Eau de Parfum,56,120,0.0,120.0,6720.0,1000.0,1,0,106.19
2024-09-21,Eau de Toilette,80,85,0.0,85.0,6800.0,500.0,1,0,106.19
2024-09-21,Home Fragrance,50,45,0.0,45.0,2250.0,0.0,1,0,106.19
2024-09-21,Skincare Bundle,105,150,0.1,135.0,14175.0,0.0,1,0,106.19
2024-09-22,Eau de Parfum,71,120,0.0,120.0,8520.0,500.0,1,0,106.11
2024-09-22,Eau de Toilette,80,85,0.0,85.0,6800.0,0.0,1,0,106.11
2024-09-22,Home Fragrance,127,45,0.0,45.0,5715.0,1000.0,1,0,106.11
2024-09-22,Skincare Bundle,44,150,0.1,135.0,5940.0,0.0,1,0,106.11
2024-09-23,Eau de Parfum,90,120,0.0,120.0,10800.0,1000.0,0,0,106.03
2024-09-23,Eau de Toilette,50,85,0.2,68.0,3400.0,2500.0,0,0,106.03
2024-09-23,Home Fragrance,47,45,0.3,31.5,1480.5,0.0,0,0,106.03
2024-09-23,Skincare Bundle,65,150,0.0,150.0,9750.0,500.0,0,0,106.03
2024-09-24,Eau de Parfum,54,120,0.0,120.0,6480.0,0.0,0,0,105.95
2024-09-24,Eau de Toilette,45,85,0.2,68.0,3060.0,1000.0,0,0,105.95
2024-09-24,Home Fragrance,46,45,0.1,40.5,1863.0,0.0,0,0,105.95
2024-09-24,Skincare Bundle,54,150,0.0,150.0,8100.0,1000.0,0,0,105.95
2024-09-25,Eau de Parfum,41,120,0.0,120.0,4920.0,1000.0,0,0,105.87
2024-09-25,Eau de Toilette,73,85,0.0,85.0,6205.0,0.0,0,0,105.87
2024-09-25,Home Fragrance,55,45,0.0,45.0,2475.0,500.0,0,0,105.87
2024-09-25,Skincare Bundle,26,150,0.1,135.0,3510.0,0.0,0,0,105.87
2024-09-26,Eau de Parfum,50,120,0.0,120.0,6000.0,500.0,0,0,105.79
2024-09-26,Eau de Toilette,49,85,0.3,59.5,2915.5,0.0,0,0,105.79
2024-09-26,Home Fragrance,55,45,0.0,45.0,2475.0,1000.0,0,0,105.79
2024-09-26,Skincare Bundle,17,150,0.0,150.0,2550.0,0.0,0,0,105.79
2024-09-27,Eau de Parfum,61,120,0.0,120.0,7320.0,500.0,0,0,105.71
2024-09-27,Eau de Toilette,81,85,0.1,76.5,6196.5,2500.0,0,0,105.71
2024-09-27,Home Fragrance,47,45,0.1,40.5,1903.5,0.0,0,0,105.71
2024-09-27,Skincare Bundle,34,150,0.0,150.0,5100.0,500.0,0,0,105.71
2024-09-28,Eau de Parfum,66,120,0.0,120.0,7920.0,0.0,1,0,105.63
2024-09-28,Eau de Toilette,45,85,0.0,85.0,3825.0,0.0,1,0,105.63
2024-09-28,Home Fragrance,85,45,0.0,45.0,3825.0,0.0,1,0,105.63
2024-09-28,Skincare Bundle,92,150,0.0,150.0,13800.0,0.0,1,0,105.63
2024-09-29,Eau de Parfum,57,120,0.1,108.0,6156.0,0.0,1,0,105.54
2024-09-29,Eau de Toilette,79,85,0.1,76.5,6043.5,500.0,1,0,105.54
2024-09-29,Home Fragrance,67,45,0.0,45.0,3015.0,500.0,1,0,105.54
2024-09-29,Skincare Bundle,68,150,0.0,150.0,10200.0,0.0,1,0,105.54
2024-09-30,Eau de Parfum,65,120,0.0,120.0,7800.0,0.0,0,0,105.46
2024-09-30,Eau de Toilette,36,85,0.0,85.0,3060.0,0.0,0,0,105.46
2024-09-30,Home Fragrance,55,45,0.0,45.0,2475.0,0.0,0,0,105.46
2024-09-30,Skincare Bundle,62,150,0.2,120.0,7440.0,0.0,0,0,105.46
2024-10-01,Eau de Parfum,60,120,0.3,84.0,5040.0,2500.0,0,0,105.38
2024-10-01,Eau de Toilette,26,85,0.0,85.0,2210.0,0.0,0,0,105.38
2024-10-01,Home Fragrance,79,45,0.0,45.0,3555.0,1000.0,0,0,105.38
2024-10-01,Skincare Bundle,43,150,0.0,150.0,6450.0,500.0,0,0,105.38
2024-10-02,Eau de Parfum,74,120,0.3,84.0,6216.0,500.0,0,0,105.29
2024-10-02,Eau de Toilette,74,85,0.0,85.0,6290.0,0.0,0,0,105.29
2024-10-02,Home Fragrance,61,45,0.0,45.0,2745.0,0.0,0,0,105.29
2024-10-02,Skincare Bundle,38,150,0.2,120.0,4560.0,500.0,0,0,105.29
2024-10-03,Eau de Parfum,38,120,0.0,120.0,4560.0,0.0,0,0,105.21
2024-10-03,Eau de Toilette,45,85,0.1,76.5,3442.5,0.0,0,0,105.21
2024-10-03,Home Fragrance,106,45,0.0,45.0,4770.0,0.0,0,0,105.21
2024-10-03,Skincare Bundle,62,150,0.0,150.0,9300.0,0.0,0,0,105.21
2024-10-04,Eau de Parfum,62,120,0.0,120.0,7440.0,1000.0,0,0,105.12
2024-10-04,Eau de Toilette,38,85,0.0,85.0,3230.0,0.0,0,0,105.12
2024-10-04,Home Fragrance,78,45,0.0,45.0,3510.0,0.0,0,0,105.12
2024-10-04,Skincare Bundle,52,150,0.0,150.0,7800.0,0.0,0,0,105.12
2024-10-05,Eau de Parfum,83,120,0.0,120.0,9960.0,1000.0,1,0,105.03
2024-10-05,Eau de Toilette,67,85,0.0,85.0,5695.0,0.0,1,0,105.03
2024-10-05,Home Fragrance,100,45,0.2,36.0,3600.0,0.0,1,0,105.03
2024-10-05,Skincare Bundle,70,150,0.1,135.0,9450.0,0.0,1,0,105.03
2024-10-06,Eau de Parfum,41,120,0.2,96.0,3936.0,0.0,1,0,104.95
2024-10-06,Eau de Toilette,36,85,0.0,85.0,3060.0,0.0,1,0,104.95
2024-10-06,Home Fragrance,102,45,0.0,45.0,4590.0,0.0,1,0,104.95
2024-10-06,Skincare Bundle,89,150,0.2,120.0,10680.0,0.0,1,0,104.95
2024-10-07,Eau de Parfum,75,120,0.0,120.0,9000.0,1000.0,0,0,104.86
2024-10-07,Eau de Toilette,69,85,0.1,76.5,5278.5,0.0,0,0,104.86
2024-10-07,Home Fragrance,75,45,0.0,45.0,3375.0,0.0,0,0,104.86
2024-10-07,Skincare Bundle,34,150,0.0,150.0,5100.0,0.0,0,0,104.86
2024-10-08,Eau de Parfum,32,120,0.0,120.0,3840.0,500.0,0,0,104.77
2024-10-08,Eau de Toilette,53,85,0.0,85.0,4505.0,1000.0,0,0,104.77
2024-10-08,Home Fragrance,98,45,0.2,36.0,3528.0,0.0,0,0,104.77
2024-10-08,Skincare Bundle,30,150,0.0,150.0,4500.0,2500.0,0,0,104.77
2024-10-09,Eau de Parfum,62,120,0.0,120.0,7440.0,0.0,0,0,104.68
2024-10-09,Eau de Toilette,68,85,0.0,85.0,5780.0,500.0,0,0,104.68
2024-10-09,Home Fragrance,61,45,0.0,45.0,2745.0,0.0,0,0,104.68
2024-10-09,Skincare Bundle,41,150,0.0,150.0,6150.0,0.0,0,0,104.68
2024-10-10,Eau de Parfum,56,120,0.0,120.0,6720.0,0.0,0,0,104.6
2024-10-10,Eau de Toilette,61,85,0.0,85.0,5185.0,1000.0,0,0,104.6
2024-10-10,Home Fragrance,38,45,0.0,45.0,1710.0,0.0,0,0,104.6
2024-10-10,Skincare Bundle,59,150,0.2,120.0,7080.0,0.0,0,0,104.6
2024-10-11,Eau de Parfum,72,120,0.0,120.0,8640.0,0.0,0,0,104.51
2024-10-11,Eau de Toilette,47,85,0.0,85.0,3995.0,0.0,0,0,104.51
2024-10-11,Home Fragrance,78,45,0.0,45.0,3510.0,0.0,0,0,104.51
2024-10-11,Skincare Bundle,35,150,0.0,150.0,5250.0,0.0,0,0,104.51
2024-10-12,Eau de Parfum,80,120,0.3,84.0,6720.0,0.0,1,0,104.42
2024-10-12,Eau de Toilette,44,85,0.2,68.0,2992.0,500.0,1,0,104.42
2024-10-12,Home Fragrance,50,45,0.0,45.0,2250.0,0.0,1,0,104.42
2024-10-12,Skincare Bundle,75,150,0.0,150.0,11250.0,0.0,1,0,104.42
2024-10-13,Eau de Parfum,70,120,0.0,120.0,8400.0,500.0,1,0,104.33
2024-10-13,Eau de Toilette,68,85,0.1,76.5,5202.0,0.0,1,0,104.33
2024-10-13,Home Fragrance,69,45,0.1,40.5,2794.5,0.0,1,0,104.33
2024-10-13,Skincare Bundle,77,150,0.0,150.0,11550.0,0.0,1,0,104.33
2024-10-14,Eau de Parfum,32,120,0.0,120.0,3840.0,0.0,0,0,104.24
2024-10-14,Eau de Toilette,54,85,0.0,85.0,4590.0,0.0,0,0,104.24
2024-10-14,Home Fragrance,110,45,0.0,45.0,4950.0,1000.0,0,0,104.24
2024-10-14,Skincare Bundle,39,150,0.0,150.0,5850.0,500.0,0,0,104.24
2024-10-15,Eau de Parfum,83,120,0.2,96.0,7968.0,0.0,0,0,104.15
2024-10-15,Eau de Toilette,38,85,0.0,85.0,3230.0,1000.0,0,0,104.15
2024-10-15,Home Fragrance,96,45,0.1,40.5,3888.0,0.0,0,0,104.15
2024-10-15,Skincare Bundle,61,150,0.0,150.0,9150.0,500.0,0,0,104.15
2024-10-16,Eau de Parfum,85,120,0.0,120.0,10200.0,0.0,0,0,104.05
2024-10-16,Eau de Toilette,38,85,0.0,85.0,3230.0,500.0,0,0,104.05
2024-10-16,Home Fragrance,91,45,0.0,45.0,4095.0,0.0,0,0,104.05
2024-10-16,Skincare Bundle,52,150,0.2,120.0,6240.0,0.0,0,0,104.05
2024-10-17,Eau de Parfum,35,120,0.0,120.0,4200.0,0.0,0,0,103.96
2024-10-17,Eau de Toilette,82,85,0.0,85.0,6970.0,500.0,0,0,103.96
2024-10-17,Home Fragrance,69,45,0.0,45.0,3105.0,0.0,0,0,103.96
2024-10-17,Skincare Bundle,40,150,0.0,150.0,6000.0,500.0,0,0,103.96
2024-10-18,Eau de Parfum,17,120,0.0,120.0,2040.0,500.0,0,0,103.87
2024-10-18,Eau de Toilette,70,85,0.0,85.0,5950.0,0.0,0,0,103.87
2024-10-18,Home Fragrance,87,45,0.2,36.0,3132.0,2500.0,0,0,103.87
2024-10-18,Skincare Bundle,62,150,0.0,150.0,9300.0,0.0,0,0,103.87
2024-10-19,Eau de Parfum,59,120,0.0,120.0,7080.0,0.0,1,0,103.78
2024-10-19,Eau de Toilette,72,85,0.1,76.5,5508.0,500.0,1,0,103.78
2024-10-19,Home Fragrance,88,45,0.0,45.0,3960.0,0.0,1,0,103.78
2024-10-19,Skincare Bundle,54,150,0.3,105.0,5670.0,0.0,1,0,103.78
2024-10-20,Eau de Parfum,71,120,0.0,120.0,8520.0,0.0,1,0,103.69
2024-10-20,Eau de Toilette,97,85,0.0,85.0,8245.0,2500.0,1,0,103.69
2024-10-20,Home Fragrance,126,45,0.0,45.0,5670.0,500.0,1,0,103.69
2024-10-20,Skincare Bundle,24,150,0.0,150.0,3600.0,500.0,1,0,103.69
2024-10-21,Eau de Parfum,78,120,0.0,120.0,9360.0,2500.0,0,0,103.59
2024-10-21,Eau de Toilette,60,85,0.0,85.0,5100.0,0.0,0,0,103.59
2024-10-21,Home Fragrance,140,45,0.0,45.0,6300.0,500.0,0,0,103.59
2024-10-21,Skincare Bundle,52,150,0.1,135.0,7020.0,0.0,0,0,103.59
2024-10-22,Eau de Parfum,61,120,0.0,120.0,7320.0,0.0,0,0,103.5
2024-10-22,Eau de Toilette,65,85,0.1,76.5,4972.5,1000.0,0,0,103.5
2024-10-22,Home Fragrance,61,45,0.0,45.0,2745.0,1000.0,0,0,103.5
2024-10-22,Skincare Bundle,66,150,0.0,150.0,9900.0,500.0,0,0,103.5
2024-10-23,Eau de Parfum,38,120,0.0,120.0,4560.0,0.0,0,0,103.41
2024-10-23,Eau de Toilette,38,85,0.0,85.0,3230.0,0.0,0,0,103.41
2024-10-23,Home Fragrance,72,45,0.0,45.0,3240.0,0.0,0,0,103.41
2024-10-23,Skincare Bundle,52,150,0.0,150.0,7800.0,1000.0,0,0,103.41
2024-10-24,Eau de Parfum,47,120,0.0,120.0,5640.0,500.0,0,0,103.31
2024-10-24,Eau de Toilette,72,85,0.1,76.5,5508.0,500.0,0,0,103.31
2024-10-24,Home Fragrance,114,45,0.1,40.5,4617.0,2500.0,0,0,103.31
2024-10-24,Skincare Bundle,36,150,0.0,150.0,5400.0,0.0,0,0,103.31
2024-10-25,Eau de Parfum,69,120,0.0,120.0,8280.0,0.0,0,0,103.22
2024-10-25,Eau de Toilette,64,85,0.3,59.5,3808.0,0.0,0,0,103.22
2024-10-25,Home Fragrance,80,45,0.2,36.0,2880.0,0.0,0,0,103.22
2024-10-25,Skincare Bundle,72,150,0.0,150.0,10800.0,2500.0,0,0,103.22
2024-10-26,Eau de Parfum,84,120,0.0,120.0,10080.0,0.0,1,0,103.12
2024-10-26,Eau de Toilette,87,85,0.0,85.0,7395.0,0.0,1,0,103.12
2024-10-26,Home Fragrance,146,45,0.0,45.0,6570.0,0.0,1,0,103.12
2024-10-26,Skincare Bundle,37,150,0.0,150.0,5550.0,0.0,1,0,103.12
2024-10-27,Eau de Parfum,70,120,0.0,120.0,8400.0,0.0,1,0,103.03
2024-10-27,Eau de Toilette,108,85,0.0,85.0,9180.0,1000.0,1,0,103.03
2024-10-27,Home Fragrance,121,45,0.0,45.0,5445.0,0.0,1,0,103.03
2024-10-27,Skincare Bundle,52,150,0.1,135.0,7020.0,0.0,1,0,103.03
2024-10-28,Eau de Parfum,48,120,0.0,120.0,5760.0,0.0,0,0,102.93
2024-10-28,Eau de Toilette,53,85,0.2,68.0,3604.0,500.0,0,0,102.93
2024-10-28,Home Fragrance,101,45,0.0,45.0,4545.0,,0,0,102.93
2024-10-28,Skincare Bundle,97,150,0.0,150.0,14550.0,1000.0,0,0,102.93
2024-10-29,Eau de Parfum,56,120,0.0,120.0,6720.0,0.0,0,0,102.84
2024-10-29,Eau de Toilette,64,85,0.0,85.0,5440.0,0.0,0,0,102.84
2024-10-29,Home Fragrance,76,45,0.0,45.0,3420.0,0.0,0,0,102.84
2024-10-29,Skincare Bundle,63,150,0.0,150.0,9450.0,1000.0,0,0,102.84
2024-10-30,Eau de Parfum,60,120,0.2,96.0,5760.0,0.0,0,0,102.74
2024-10-30,Eau de Toilette,70,85,0.3,59.5,4165.0,1000.0,0,0,102.74
2024-10-30,Home Fragrance,80,45,0.0,45.0,3600.0,0.0,0,0,102.74
2024-10-30,Skincare Bundle,54,150,0.0,150.0,8100.0,0.0,0,0,102.74
2024-10-31,Eau de Parfum,70,120,0.0,120.0,8400.0,0.0,0,0,102.64
2024-10-31,Eau de Toilette,59,85,0.2,68.0,4012.0,0.0,0,0,102.64
2024-10-31,Home Fragrance,80,45,0.3,31.5,2520.0,0.0,0,0,102.64
2024-10-31,Skincare Bundle,49,150,0.0,150.0,7350.0,1000.0,0,0,102.64
2024-11-01,Eau de Parfum,84,120,0.1,108.0,9072.0,500.0,0,0,102.55
2024-11-01,Eau de Toilette,11,85,0.0,85.0,935.0,0.0,0,0,102.55
2024-11-01,Home Fragrance,55,45,0.0,45.0,2475.0,500.0,0,0,102.55
2024-11-01,Skincare Bundle,90,150,0.2,120.0,10800.0,500.0,0,0,102.55
2024-11-02,Eau de Parfum,144,120,0.1,108.0,15552.0,0.0,1,0,102.45
2024-11-02,Eau de Toilette,33,85,0.0,85.0,2805.0,0.0,1,0,102.45
2024-11-02,Home Fragrance,99,45,0.0,45.0,4455.0,1000.0,1,0,102.45
2024-11-02,Skincare Bundle,122,150,0.0,150.0,18300.0,0.0,1,0,102.45
2024-11-03,Eau de Parfum,67,120,0.3,84.0,5628.0,1000.0,1,0,102.35
2024-11-03,Eau de Toilette,64,85,0.0,85.0,5440.0,0.0,1,0,102.35
2024-11-03,Home Fragrance,126,45,0.0,45.0,5670.0,1000.0,1,0,102.35
2024-11-03,Skincare Bundle,85,150,0.0,150.0,12750.0,0.0,1,0,102.35
2024-11-04,Eau de Parfum,93,120,0.2,96.0,8928.0,0.0,0,0,102.26
2024-11-04,Eau de Toilette,66,85,0.3,59.5,3927.0,0.0,0,0,102.26
2024-11-04,Home Fragrance,89,45,0.0,45.0,4005.0,0.0,0,0,102.26
2024-11-04,Skincare Bundle,87,150,0.0,150.0,13050.0,0.0,0,0,102.26
2024-11-05,Eau de Parfum,74,120,0.1,108.0,7992.0,0.0,0,0,102.16
2024-11-05,Eau de Toilette,71,85,0.0,85.0,6035.0,0.0,0,0,102.16
2024-11-05,Home Fragrance,92,45,0.0,45.0,4140.0,2500.0,0,0,102.16
2024-11-05,Skincare Bundle,101,150,0.1,135.0,13635.0,0.0,0,0,102.16
2024-11-06,Eau de Parfum,78,120,0.0,120.0,9360.0,0.0,0,0,102.06
2024-11-06,Eau de Toilette,49,85,0.1,76.5,3748.5,500.0,0,0,102.06
2024-11-06,Home Fragrance,55,45,0.0,45.0,2475.0,0.0,0,0,102.06
2024-11-06,Skincare Bundle,55,150,0.2,120.0,6600.0,0.0,0,0,102.06
2024-11-07,Eau de Parfum,46,120,0.2,96.0,4416.0,0.0,0,0,101.96
2024-11-07,Eau de Toilette,41,85,0.1,76.5,3136.5,1000.0,0,0,101.96
2024-11-07,Home Fragrance,81,45,0.0,45.0,3645.0,500.0,0,0,101.96
2024-11-07,Skincare Bundle,77,150,0.3,105.0,8085.0,0.0,0,0,101.96
2024-11-08,Eau de Parfum,79,120,0.0,120.0,9480.0,0.0,0,0,101.86
2024-11-08,Eau de Toilette,42,85,0.0,85.0,3570.0,0.0,0,0,101.86
2024-11-08,Home Fragrance,124,45,0.0,45.0,5580.0,1000.0,0,0,101.86
2024-11-08,Skincare Bundle,62,150,0.1,135.0,8370.0,0.0,0,0,101.86
2024-11-09,Eau de Parfum,81,120,0.0,120.0,9720.0,500.0,1,0,101.77
2024-11-09,Eau de Toilette,52,85,0.0,85.0,4420.0,,1,0,101.77
2024-11-09,Home Fragrance,90,45,0.1,40.5,3645.0,0.0,1,0,101.77
2024-11-09,Skincare Bundle,131,150,0.0,150.0,19650.0,0.0,1,0,101.77
2024-11-10,Eau de Parfum,123,120,0.0,120.0,14760.0,0.0,1,0,101.67
2024-11-10,Eau de Toilette,56,85,0.0,85.0,4760.0,0.0,1,0,101.67
2024-11-10,Home Fragrance,117,45,0.0,45.0,5265.0,0.0,1,0,101.67
2024-11-10,Skincare Bundle,100,150,0.0,150.0,15000.0,1000.0,1,0,101.67
2024-11-11,Eau de Parfum,77,120,0.0,120.0,9240.0,0.0,0,0,101.57
2024-11-11,Eau de Toilette,71,85,0.0,85.0,6035.0,1000.0,0,0,101.57
2024-11-11,Home Fragrance,52,45,0.1,40.5,2106.0,0.0,0,0,101.57
2024-11-11,Skincare Bundle,94,150,0.0,150.0,14100.0,0.0,0,0,101.57
2024-11-12,Eau de Parfum,90,120,0.0,120.0,10800.0,0.0,0,0,101.47
2024-11-12,Eau de Toilette,30,85,0.3,59.5,1785.0,500.0,0,0,101.47
2024-11-12,Home Fragrance,78,45,0.0,45.0,3510.0,0.0,0,0,101.47
2024-11-12,Skincare Bundle,34,150,0.1,135.0,4590.0,0.0,0,0,101.47
2024-11-13,Eau de Parfum,96,120,0.1,108.0,10368.0,500.0,0,0,101.37
2024-11-13,Eau de Toilette,74,85,0.0,85.0,6290.0,0.0,0,0,101.37
2024-11-13,Home Fragrance,55,45,0.0,45.0,2475.0,0.0,0,0,101.37
2024-11-13,Skincare Bundle,76,150,0.0,150.0,11400.0,0.0,0,0,101.37
2024-11-14,Eau de Parfum,104,120,0.0,120.0,12480.0,500.0,0,0,101.27
2024-11-14,Eau de Toilette,64,85,0.0,85.0,5440.0,500.0,0,0,101.27
2024-11-14,Home Fragrance,98,45,0.1,40.5,3969.0,500.0,0,0,101.27
2024-11-14,Skincare Bundle,53,150,0.2,120.0,6360.0,0.0,0,0,101.27
2024-11-15,Eau de Parfum,23,120,0.0,120.0,2760.0,0.0,0,0,101.17
2024-11-15,Eau de Toilette,90,85,0.1,76.5,6885.0,1000.0,0,0,101.17
2024-11-15,Home Fragrance,76,45,0.2,36.0,2736.0,500.0,0,0,101.17
2024-11-15,Skincare Bundle,66,150,0.0,150.0,9900.0,500.0,0,0,101.17
2024-11-16,Eau de Parfum,55,120,0.0,120.0,6600.0,0.0,1,0,101.07
2024-11-16,Eau de Toilette,70,85,0.0,85.0,5950.0,0.0,1,0,101.07
2024-11-16,Home Fragrance,95,45,0.1,40.5,3847.5,0.0,1,0,101.07
2024-11-16,Skincare Bundle,145,150,0.2,120.0,17400.0,1000.0,1,0,101.07
2024-11-17,Eau de Parfum,84,120,0.2,96.0,8064.0,0.0,1,0,100.97
2024-11-17,Eau de Toilette,136,85,0.0,85.0,11560.0,2500.0,1,0,100.97
2024-11-17,Home Fragrance,116,45,0.0,45.0,5220.0,0.0,1,0,100.97
2024-11-17,Skincare Bundle,68,150,0.0,150.0,10200.0,0.0,1,0,100.97
2024-11-18,Eau de Parfum,42,120,0.1,108.0,4536.0,0.0,0,0,100.87
2024-11-18,Eau de Toilette,61,85,0.1,76.5,4666.5,0.0,0,0,100.87
2024-11-18,Home Fragrance,43,45,0.0,45.0,1935.0,0.0,0,0,100.87
2024-11-18,Skincare Bundle,68,150,0.0,150.0,10200.0,0.0,0,0,100.87
2024-11-19,Eau de Parfum,76,120,0.0,120.0,9120.0,0.0,0,0,100.77
2024-11-19,Eau de Toilette,75,85,0.3,59.5,4462.5,0.0,0,0,100.77
2024-11-19,Home Fragrance,58,45,0.0,45.0,2610.0,0.0,0,0,100.77
2024-11-19,Skincare Bundle,109,150,0.0,150.0,16350.0,500.0,0,0,100.77
2024-11-20,Eau de Parfum,47,120,0.3,84.0,3948.0,0.0,0,0,100.67
2024-11-20,Eau de Toilette,43,85,0.1,76.5,3289.5,0.0,0,0,100.67
2024-11-20,Home Fragrance,75,45,0.0,45.0,3375.0,0.0,0,0,100.67
2024-11-20,Skincare Bundle,78,150,0.2,120.0,9360.0,0.0,0,0,100.67
2024-11-21,Eau de Parfum,198,120,0.2,96.0,19008.0,0.0,0,1,100.57
2024-11-21,Eau de Toilette,48,85,0.2,68.0,3264.0,0.0,0,1,100.57
2024-11-21,Home Fragrance,90,45,0.2,36.0,3240.0,0.0,0,1,100.57
2024-11-21,Skincare Bundle,126,150,0.2,120.0,15120.0,0.0,0,1,100.57
2024-11-22,Eau de Parfum,243,120,0.2,96.0,23328.0,1000.0,0,1,100.47
2024-11-22,Eau de Toilette,128,85,0.3,59.5,7616.0,500.0,0,1,100.47
2024-11-22,Home Fragrance,193,45,0.2,36.0,6948.0,0.0,0,1,100.47
2024-11-22,Skincare Bundle,145,150,0.2,120.0,17400.0,0.0,0,1,100.47
2024-11-23,Eau de Parfum,348,120,0.2,96.0,33408.0,500.0,1,1,100.38
2024-11-23,Eau de Toilette,98,85,0.2,68.0,6664.0,0.0,1,1,100.38
2024-11-23,Home Fragrance,320,45,0.2,36.0,11520.0,500.0,1,1,100.38
2024-11-23,Skincare Bundle,237,150,0.3,105.0,24885.0,0.0,1,1,100.38
2024-11-24,Eau de Parfum,154,120,0.2,96.0,14784.0,0.0,1,1,100.28
2024-11-24,Eau de Toilette,192,85,0.2,68.0,13056.0,1000.0,1,1,100.28
2024-11-24,Home Fragrance,218,45,0.2,36.0,7848.0,1000.0,1,1,100.28
2024-11-24,Skincare Bundle,128,150,0.2,120.0,15360.0,0.0,1,1,100.28
2024-11-25,Eau de Parfum,78,120,0.2,96.0,7488.0,500.0,0,1,100.18
2024-11-25,Eau de Toilette,59,85,0.2,68.0,4012.0,0.0,0,1,100.18
2024-11-25,Home Fragrance,212,45,0.2,36.0,7632.0,0.0,0,1,100.18
2024-11-25,Skincare Bundle,99,150,0.2,120.0,11880.0,0.0,0,1,100.18
2024-11-26,Eau de Parfum,219,120,0.2,96.0,21024.0,0.0,0,1,100.08
2024-11-26,Eau de Toilette,181,85,0.2,68.0,12308.0,500.0,0,1,100.08
2024-11-26,Home Fragrance,215,45,0.2,36.0,7740.0,2500.0,0,1,100.08
2024-11-26,Skincare Bundle,158,150,0.2,120.0,18960.0,0.0,0,1,100.08
2024-11-27,Eau de Parfum,298,120,0.2,96.0,28608.0,2500.0,0,1,99.98
2024-11-27,Eau de Toilette,104,85,0.2,68.0,7072.0,500.0,0,1,99.98
2024-11-27,Home Fragrance,150,45,0.2,36.0,5400.0,0.0,0,1,99.98
2024-11-27,Skincare Bundle,97,150,0.2,120.0,11640.0,500.0,0,1,99.98
2024-11-28,Eau de Parfum,227,120,0.2,96.0,21792.0,0.0,0,1,99.88
2024-11-28,Eau de Toilette,132,85,0.2,68.0,8976.0,500.0,0,1,99.88
2024-11-28,Home Fragrance,108,45,0.2,36.0,3888.0,0.0,0,1,99.88
2024-11-28,Skincare Bundle,134,150,0.2,120.0,16080.0,0.0,0,1,99.88
2024-11-29,Eau de Parfum,125,120,0.2,96.0,12000.0,0.0,0,1,99.78
2024-11-29,Eau de Toilette,223,85,0.2,68.0,15164.0,1000.0,0,1,99.78
2024-11-29,Home Fragrance,153,45,0.2,36.0,5508.0,0.0,0,1,99.78
2024-11-29,Skincare Bundle,74,150,0.2,120.0,8880.0,0.0,0,1,99.78
2024-11-30,Eau de Parfum,146,120,0.2,96.0,14016.0,0.0,1,1,99.68
2024-11-30,Eau de Toilette,92,85,0.2,68.0,6256.0,0.0,1,1,99.68
2024-11-30,Home Fragrance,117,45,0.3,31.5,3685.5,0.0,1,1,99.68
2024-11-30,Skincare Bundle,187,150,0.2,120.0,22440.0,,1,1,99.68
2024-12-01,Eau de Parfum,188,120,0.2,96.0,18048.0,500.0,1,1,99.58
2024-12-01,Eau de Toilette,21,85,0.2,68.0,1428.0,1000.0,1,1,99.58
2024-12-01,Home Fragrance,304,45,0.2,36.0,10944.0,1000.0,1,1,99.58
2024-12-01,Skincare Bundle,115,150,0.2,120.0,13800.0,0.0,1,1,99.58
2024-12-02,Eau de Parfum,180,120,0.2,96.0,17280.0,1000.0,0,1,99.48
2024-12-02,Eau de Toilette,99,85,0.2,68.0,6732.0,1000.0,0,1,99.48
2024-12-02,Home Fragrance,179,45,0.2,36.0,6444.0,0.0,0,1,99.48
2024-12-02,Skincare Bundle,141,150,0.2,120.0,16920.0,0.0,0,1,99.48
2024-12-03,Eau de Parfum,188,120,0.2,96.0,18048.0,500.0,0,1,99.38
2024-12-03,Eau de Toilette,105,85,0.2,68.0,7140.0,1000.0,0,1,99.38
2024-12-03,Home Fragrance,225,45,0.2,36.0,8100.0,500.0,0,1,99.38
2024-12-03,Skincare Bundle,127,150,0.2,120.0,15240.0,500.0,0,1,99.38
2024-12-04,Eau de Parfum,177,120,0.2,96.0,16992.0,500.0,0,1,99.28
2024-12-04,Eau de Toilette,171,85,0.2,68.0,11628.0,500.0,0,1,99.28
2024-12-04,Home Fragrance,229,45,0.2,36.0,8244.0,0.0,0,1,99.28
2024-12-04,Skincare Bundle,123,150,0.2,120.0,14760.0,500.0,0,1,99.28
2024-12-05,Eau de Parfum,129,120,0.2,96.0,12384.0,0.0,0,1,99.18
2024-12-05,Eau de Toilette,111,85,0.2,68.0,7548.0,0.0,0,1,99.18
2024-12-05,Home Fragrance,151,45,0.2,36.0,5436.0,500.0,0,1,99.18
2024-12-05,Skincare Bundle,84,150,0.2,120.0,10080.0,500.0,0,1,99.18
2024-12-06,Eau de Parfum,132,120,0.2,96.0,12672.0,0.0,0,1,99.08
2024-12-06,Eau de Toilette,0,85,0.2,68.0,0.0,500.0,0,1,99.08
2024-12-06,Home Fragrance,172,45,0.2,36.0,6192.0,0.0,0,1,99.08
2024-12-06,Skincare Bundle,114,150,0.2,120.0,13680.0,0.0,0,1,99.08
2024-12-07,Eau de Parfum,303,120,0.2,96.0,29088.0,500.0,1,1,98.98
2024-12-07,Eau de Toilette,110,85,0.2,68.0,7480.0,0.0,1,1,98.98
2024-12-07,Home Fragrance,239,45,0.2,36.0,8604.0,0.0,1,1,98.98
2024-12-07,Skincare Bundle,153,150,0.2,120.0,18360.0,0.0,1,1,98.98
2024-12-08,Eau de Parfum,175,120,0.2,96.0,16800.0,0.0,1,1,98.88
2024-12-08,Eau de Toilette,137,85,0.2,68.0,9316.0,0.0,1,1,98.88
2024-12-08,Home Fragrance,145,45,0.2,36.0,5220.0,0.0,1,1,98.88
2024-12-08,Skincare Bundle,183,150,0.2,120.0,21960.0,0.0,1,1,98.88
2024-12-09,Eau de Parfum,111,120,0.2,96.0,10656.0,0.0,0,1,98.78
2024-12-09,Eau de Toilette,120,85,0.3,59.5,7140.0,500.0,0,1,98.78
2024-12-09,Home Fragrance,197,45,0.2,36.0,7092.0,2500.0,0,1,98.78
2024-12-09,Skincare Bundle,122,150,0.2,120.0,14640.0,1000.0,0,1,98.78
2024-12-10,Eau de Parfum,222,120,0.2,96.0,21312.0,0.0,0,1,98.68
2024-12-10,Eau de Toilette,92,85,0.2,68.0,6256.0,0.0,0,1,98.68
2024-12-10,Home Fragrance,149,45,0.2,36.0,5364.0,0.0,0,1,98.68
2024-12-10,Skincare Bundle,74,150,0.2,120.0,8880.0,0.0,0,1,98.68
2024-12-11,Eau de Parfum,96,120,0.2,96.0,9216.0,0.0,0,1,98.58
2024-12-11,Eau de Toilette,73,85,0.2,68.0,4964.0,500.0,0,1,98.58
2024-12-11,Home Fragrance,140,45,0.2,36.0,5040.0,2500.0,0,1,98.58
2024-12-11,Skincare Bundle,73,150,0.2,120.0,8760.0,0.0,0,1,98.58
2024-12-12,Eau de Parfum,216,120,0.2,96.0,20736.0,500.0,0,1,98.48
2024-12-12,Eau de Toilette,132,85,0.2,68.0,8976.0,0.0,0,1,98.48
2024-12-12,Home Fragrance,147,45,0.2,36.0,5292.0,0.0,0,1,98.48
2024-12-12,Skincare Bundle,93,150,0.2,120.0,11160.0,0.0,0,1,98.48
2024-12-13,Eau de Parfum,121,120,0.2,96.0,11616.0,500.0,0,1,98.38
2024-12-13,Eau de Toilette,86,85,0.2,68.0,5848.0,1000.0,0,1,98.38
2024-12-13,Home Fragrance,65,45,0.2,36.0,2340.0,0.0,0,1,98.38
2024-12-13,Skincare Bundle,81,150,0.2,120.0,9720.0,0.0,0,1,98.38
2024-12-14,Eau de Parfum,177,120,0.2,96.0,16992.0,0.0,1,1,98.28
2024-12-14,Eau de Toilette,112,85,0.2,68.0,7616.0,0.0,1,1,98.28
2024-12-14,Home Fragrance,282,45,0.2,36.0,10152.0,0.0,1,1,98.28
2024-12-14,Skincare Bundle,143,150,0.2,120.0,17160.0,0.0,1,1,98.28
2024-12-15,Eau de Parfum,203,120,0.2,96.0,19488.0,500.0,1,1,98.19
2024-12-15,Eau de Toilette,158,85,0.2,68.0,10744.0,0.0,1,1,98.19
2024-12-15,Home Fragrance,233,45,0.2,36.0,8388.0,2500.0,1,1,98.19
2024-12-15,Skincare Bundle,133,150,0.2,120.0,15960.0,0.0,1,1,98.19
2024-12-16,Eau de Parfum,71,120,0.2,96.0,6816.0,0.0,0,1,98.09
2024-12-16,Eau de Toilette,219,85,0.2,68.0,14892.0,2500.0,0,1,98.09
2024-12-16,Home Fragrance,166,45,0.2,36.0,5976.0,0.0,0,1,98.09
2024-12-16,Skincare Bundle,162,150,0.2,120.0,19440.0,2500.0,0,1,98.09
2024-12-17,Eau de Parfum,102,120,0.2,96.0,9792.0,0.0,0,1,97.99
2024-12-17,Eau de Toilette,80,85,0.2,68.0,5440.0,2500.0,0,1,97.99
2024-12-17,Home Fragrance,179,45,0.2,36.0,6444.0,500.0,0,1,97.99
2024-12-17,Skincare Bundle,86,150,0.2,120.0,10320.0,500.0,0,1,97.99
2024-12-18,Eau de Parfum,193,120,0.2,96.0,18528.0,0.0,0,1,97.89
2024-12-18,Eau de Toilette,93,85,0.2,68.0,6324.0,0.0,0,1,97.89
2024-12-18,Home Fragrance,190,45,0.2,36.0,6840.0,,0,1,97.89
2024-12-18,Skincare Bundle,119,150,0.2,120.0,14280.0,1000.0,0,1,97.89
2024-12-19,Eau de Parfum,185,120,0.2,96.0,17760.0,0.0,0,1,97.79
2024-12-19,Eau de Toilette,137,85,0.2,68.0,9316.0,500.0,0,1,97.79
2024-12-19,Home Fragrance,128,45,0.2,36.0,4608.0,0.0,0,1,97.79
2024-12-19,Skincare Bundle,98,150,0.2,120.0,11760.0,0.0,0,1,97.79
2024-12-20,Eau de Parfum,152,120,0.2,96.0,14592.0,0.0,0,1,97.7
2024-12-20,Eau de Toilette,87,85,0.2,68.0,5916.0,0.0,0,1,97.7
2024-12-20,Home Fragrance,140,45,0.2,36.0,5040.0,0.0,0,1,97.7
2024-12-20,Skincare Bundle,163,150,0.2,120.0,19560.0,0.0,0,1,97.7
2024-12-21,Eau de Parfum,209,120,0.2,96.0,20064.0,0.0,1,1,97.6
2024-12-21,Eau de Toilette,146,85,0.2,68.0,9928.0,0.0,1,1,97.6
2024-12-21,Home Fragrance,247,45,0.2,36.0,8892.0,1000.0,1,1,97.6
2024-12-21,Skincare Bundle,137,150,0.2,120.0,16440.0,1000.0,1,1,97.6
2024-12-22,Eau de Parfum,229,120,0.2,96.0,21984.0,1000.0,1,1,97.5
2024-12-22,Eau de Toilette,189,85,0.2,68.0,12852.0,0.0,1,1,97.5
2024-12-22,Home Fragrance,293,45,0.2,36.0,10548.0,1000.0,1,1,97.5
2024-12-22,Skincare Bundle,136,150,0.3,105.0,14280.0,0.0,1,1,97.5
2024-12-23,Eau de Parfum,133,120,0.2,96.0,12768.0,500.0,0,1,97.41
2024-12-23,Eau de Toilette,90,85,0.2,68.0,6120.0,0.0,0,1,97.41
2024-12-23,Home Fragrance,61,45,0.2,36.0,2196.0,0.0,0,1,97.41
2024-12-23,Skincare Bundle,95,150,0.2,120.0,11400.0,0.0,0,1,97.41
2024-12-24,Eau de Parfum,300,120,0.2,96.0,28800.0,2500.0,0,1,97.31
2024-12-24,Eau de Toilette,157,85,0.2,68.0,10676.0,500.0,0,1,97.31
2024-12-24,Home Fragrance,141,45,0.2,36.0,5076.0,0.0,0,1,97.31
2024-12-24,Skincare Bundle,124,150,0.2,120.0,14880.0,0.0,0,1,97.31
2024-12-25,Eau de Parfum,226,120,0.2,96.0,21696.0,500.0,0,1,97.21
2024-12-25,Eau de Toilette,173,85,0.2,68.0,11764.0,0.0,0,1,97.21
2024-12-25,Home Fragrance,296,45,0.2,36.0,10656.0,1000.0,0,1,97.21
2024-12-25,Skincare Bundle,78,150,0.2,120.0,9360.0,,0,1,97.21
2024-12-26,Eau de Parfum,108,120,0.2,96.0,10368.0,0.0,0,1,97.12
2024-12-26,Eau de Toilette,62,85,0.2,68.0,4216.0,0.0,0,1,97.12
2024-12-26,Home Fragrance,249,45,0.2,36.0,8964.0,1000.0,0,1,97.12
2024-12-26,Skincare Bundle,81,150,0.2,120.0,9720.0,0.0,0,1,97.12
2024-12-27,Eau de Parfum,176,120,0.2,96.0,16896.0,0.0,0,1,97.02
2024-12-27,Eau de Toilette,90,85,0.2,68.0,6120.0,0.0,0,1,97.02
2024-12-27,Home Fragrance,240,45,0.2,36.0,8640.0,500.0,0,1,97.02
2024-12-27,Skincare Bundle,59,150,0.2,120.0,7080.0,1000.0,0,1,97.02
2024-12-28,Eau de Parfum,216,120,0.2,96.0,20736.0,500.0,1,1,96.93
2024-12-28,Eau de Toilette,184,85,0.2,68.0,12512.0,0.0,1,1,96.93
2024-12-28,Home Fragrance,195,45,0.2,36.0,7020.0,0.0,1,1,96.93
2024-12-28,Skincare Bundle,152,150,0.2,120.0,18240.0,500.0,1,1,96.93
2024-12-29,Eau de Parfum,227,120,0.2,96.0,21792.0,500.0,1,1,96.83
2024-12-29,Eau de Toilette,185,85,0.2,68.0,12580.0,0.0,1,1,96.83
2024-12-29,Home Fragrance,136,45,0.2,36.0,4896.0,0.0,1,1,96.83
2024-12-29,Skincare Bundle,105,150,0.2,120.0,12600.0,0.0,1,1,96.83
2024-12-30,Eau de Parfum,113,120,0.2,96.0,10848.0,0.0,0,1,96.74
2024-12-30,Eau de Toilette,71,85,0.2,68.0,4828.0,0.0,0,1,96.74
2024-12-30,Home Fragrance,116,45,0.2,36.0,4176.0,500.0,0,1,96.74
2024-12-30,Skincare Bundle,66,150,0.2,120.0,7920.0,0.0,0,1,96.74
2024-12-31,Eau de Parfum,165,120,0.2,96.0,15840.0,,0,1,96.64
2024-12-31,Eau de Toilette,98,85,0.2,68.0,6664.0,0.0,0,1,96.64
2024-12-31,Home Fragrance,187,45,0.2,36.0,6732.0,0.0,0,1,96.64
2024-12-31,Skincare Bundle,90,150,0.2,120.0,10800.0,0.0,0,1,96.64
2025-01-01,Eau de Parfum,56,120,0.0,120.0,6720.0,1000.0,0,0,96.55
2025-01-01,Eau de Toilette,21,85,0.0,85.0,1785.0,0.0,0,0,96.55
2025-01-01,Home Fragrance,55,45,0.0,45.0,2475.0,0.0,0,0,96.55
2025-01-01,Skincare Bundle,106,150,0.0,150.0,15900.0,0.0,0,0,96.55
2025-01-02,Eau de Parfum,68,120,0.1,108.0,7344.0,1000.0,0,0,96.45
2025-01-02,Eau de Toilette,51,85,0.0,85.0,4335.0,0.0,0,0,96.45
2025-01-02,Home Fragrance,79,45,0.0,45.0,3555.0,1000.0,0,0,96.45
2025-01-02,Skincare Bundle,90,150,0.0,150.0,13500.0,0.0,0,0,96.45
2025-01-03,Eau de Parfum,55,120,0.0,120.0,6600.0,0.0,0,0,96.36
2025-01-03,Eau de Toilette,70,85,0.0,85.0,5950.0,1000.0,0,0,96.36
2025-01-03,Home Fragrance,40,45,0.0,45.0,1800.0,500.0,0,0,96.36
2025-01-03,Skincare Bundle,123,150,0.3,105.0,12915.0,1000.0,0,0,96.36
2025-01-04,Eau de Parfum,110,120,0.1,108.0,11880.0,500.0,1,0,96.27
2025-01-04,Eau de Toilette,66,85,0.0,85.0,5610.0,2500.0,1,0,96.27
2025-01-04,Home Fragrance,42,45,0.0,45.0,1890.0,500.0,1,0,96.27
2025-01-04,Skincare Bundle,91,150,0.0,150.0,13650.0,0.0,1,0,96.27
2025-01-05,Eau de Parfum,48,120,0.0,120.0,5760.0,0.0,1,0,96.18
2025-01-05,Eau de Toilette,85,85,0.0,85.0,7225.0,500.0,1,0,96.18
2025-01-05,Home Fragrance,76,45,0.0,45.0,3420.0,500.0,1,0,96.18
2025-01-05,Skincare Bundle,97,150,0.0,150.0,14550.0,1000.0,1,0,96.18
2025-01-06,Eau de Parfum,34,120,0.0,120.0,4080.0,0.0,0,0,96.08
2025-01-06,Eau de Toilette,52,85,0.0,85.0,4420.0,500.0,0,0,96.08
2025-01-06,Home Fragrance,53,45,0.0,45.0,2385.0,500.0,0,0,96.08
2025-01-06,Skincare Bundle,94,150,0.1,135.0,12690.0,1000.0,0,0,96.08
2025-01-07,Eau de Parfum,18,120,0.0,120.0,2160.0,0.0,0,0,95.99
2025-01-07,Eau de Toilette,95,85,0.0,85.0,8075.0,0.0,0,0,95.99
2025-01-07,Home Fragrance,45,45,0.1,40.5,1822.5,500.0,0,0,95.99
2025-01-07,Skincare Bundle,80,150,0.0,150.0,12000.0,0.0,0,0,95.99
2025-01-08,Eau de Parfum,38,120,0.0,120.0,4560.0,0.0,0,0,95.9
2025-01-08,Eau de Toilette,42,85,0.1,76.5,3213.0,0.0,0,0,95.9
2025-01-08,Home Fragrance,63,45,0.2,36.0,2268.0,0.0,0,0,95.9
2025-01-08,Skincare Bundle,93,150,0.1,135.0,12555.0,1000.0,0,0,95.9
2025-01-09,Eau de Parfum,71,120,0.0,120.0,8520.0,500.0,0,0,95.81
2025-01-09,Eau de Toilette,80,85,0.0,85.0,6800.0,0.0,0,0,95.81
2025-01-09,Home Fragrance,69,45,0.1,40.5,2794.5,500.0,0,0,95.81
2025-01-09,Skincare Bundle,57,150,0.0,150.0,8550.0,0.0,0,0,95.81
2025-01-10,Eau de Parfum,63,120,0.0,120.0,7560.0,0.0,0,0,95.72
2025-01-10,Eau de Toilette,35,85,0.3,59.5,2082.5,0.0,0,0,95.72
2025-01-10,Home Fragrance,40,45,0.0,45.0,1800.0,0.0,0,0,95.72
2025-01-10,Skincare Bundle,62,150,0.1,135.0,8370.0,0.0,0,0,95.72
2025-01-11,Eau de Parfum,56,120,0.0,120.0,6720.0,2500.0,1,0,95.63
2025-01-11,Eau de Toilette,105,85,0.0,85.0,8925.0,500.0,1,0,95.63
2025-01-11,Home Fragrance,61,45,0.2,36.0,2196.0,500.0,1,0,95.63
2025-01-11,Skincare Bundle,77,150,0.0,150.0,11550.0,0.0,1,0,95.63
2025-01-12,Eau de Parfum,76,120,0.0,120.0,9120.0,500.0,1,0,95.54
2025-01-12,Eau de Toilette,61,85,0.0,85.0,5185.0,0.0,1,0,95.54
2025-01-12,Home Fragrance,75,45,0.0,45.0,3375.0,0.0,1,0,95.54
2025-01-12,Skincare Bundle,92,150,0.3,105.0,9660.0,0.0,1,0,95.54
2025-01-13,Eau de Parfum,30,120,0.0,120.0,3600.0,0.0,0,0,95.45
2025-01-13,Eau de Toilette,34,85,0.0,85.0,2890.0,0.0,0,0,95.45
2025-01-13,Home Fragrance,58,45,0.0,45.0,2610.0,0.0,0,0,95.45
2025-01-13,Skincare Bundle,120,150,0.0,150.0,18000.0,1000.0,0,0,95.45
2025-01-14,Eau de Parfum,51,120,0.1,108.0,5508.0,1000.0,0,0,95.36
2025-01-14,Eau de Toilette,39,85,0.1,76.5,2983.5,500.0,0,0,95.36
2025-01-14,Home Fragrance,68,45,0.0,45.0,3060.0,2500.0,0,0,95.36
2025-01-14,Skincare Bundle,68,150,0.0,150.0,10200.0,0.0,0,0,95.36
2025-01-15,Eau de Parfum,15,120,0.0,120.0,1800.0,0.0,0,0,95.27
2025-01-15,Eau de Toilette,60,85,0.0,85.0,5100.0,0.0,0,0,95.27
2025-01-15,Home Fragrance,50,45,0.0,45.0,2250.0,0.0,0,0,95.27
2025-01-15,Skincare Bundle,69,150,0.1,135.0,9315.0,500.0,0,0,95.27
2025-01-16,Eau de Parfum,74,120,0.2,96.0,7104.0,1000.0,0,0,95.18
2025-01-16,Eau de Toilette,47,85,0.0,85.0,3995.0,0.0,0,0,95.18
2025-01-16,Home Fragrance,55,45,0.0,45.0,2475.0,0.0,0,0,95.18
2025-01-16,Skincare Bundle,111,150,0.2,120.0,13320.0,1000.0,0,0,95.18
2025-01-17,Eau de Parfum,58,120,0.0,120.0,6960.0,1000.0,0,0,95.1
2025-01-17,Eau de Toilette,57,85,0.0,85.0,4845.0,0.0,0,0,95.1
2025-01-17,Home Fragrance,83,45,0.0,45.0,3735.0,0.0,0,0,95.1
2025-01-17,Skincare Bundle,108,150,0.2,120.0,12960.0,0.0,0,0,95.1
2025-01-18,Eau de Parfum,126,120,0.0,120.0,15120.0,500.0,1,0,95.01
2025-01-18,Eau de Toilette,82,85,0.0,85.0,6970.0,0.0,1,0,95.01
2025-01-18,Home Fragrance,92,45,0.0,45.0,4140.0,0.0,1,0,95.01
2025-01-18,Skincare Bundle,80,150,0.0,150.0,12000.0,1000.0,1,0,95.01
2025-01-19,Eau de Parfum,38,120,0.1,108.0,4104.0,0.0,1,0,94.92
2025-01-19,Eau de Toilette,61,85,0.0,85.0,5185.0,2500.0,1,0,94.92
2025-01-19,Home Fragrance,33,45,0.0,45.0,1485.0,0.0,1,0,94.92
2025-01-19,Skincare Bundle,88,150,0.2,120.0,10560.0,500.0,1,0,94.92
2025-01-20,Eau de Parfum,36,120,0.0,120.0,4320.0,0.0,0,0,94.84
2025-01-20,Eau de Toilette,45,85,0.0,85.0,3825.0,0.0,0,0,94.84
2025-01-20,Home Fragrance,51,45,0.0,45.0,2295.0,0.0,0,0,94.84
2025-01-20,Skincare Bundle,78,150,0.0,150.0,11700.0,1000.0,0,0,94.84
2025-01-21,Eau de Parfum,57,120,0.2,96.0,5472.0,1000.0,0,0,94.75
2025-01-21,Eau de Toilette,37,85,0.0,85.0,3145.0,500.0,0,0,94.75
2025-01-21,Home Fragrance,60,45,0.0,45.0,2700.0,1000.0,0,0,94.75
2025-01-21,Skincare Bundle,62,150,0.0,150.0,9300.0,0.0,0,0,94.75
2025-01-22,Eau de Parfum,24,120,0.1,108.0,2592.0,0.0,0,0,94.67
2025-01-22,Eau de Toilette,54,85,0.3,59.5,3213.0,0.0,0,0,94.67
2025-01-22,Home Fragrance,87,45,0.3,31.5,2740.5,0.0,0,0,94.67
2025-01-22,Skincare Bundle,84,150,0.0,150.0,12600.0,0.0,0,0,94.67
2025-01-23,Eau de Parfum,49,120,0.2,96.0,4704.0,0.0,0,0,94.58
2025-01-23,Eau de Toilette,33,85,0.0,85.0,2805.0,0.0,0,0,94.58
2025-01-23,Home Fragrance,59,45,0.1,40.5,2389.5,1000.0,0,0,94.58
2025-01-23,Skincare Bundle,68,150,0.0,150.0,10200.0,0.0,0,0,94.58
2025-01-24,Eau de Parfum,46,120,0.0,120.0,5520.0,0.0,0,0,94.5
2025-01-24,Eau de Toilette,40,85,0.0,85.0,3400.0,2500.0,0,0,94.5
2025-01-24,Home Fragrance,52,45,0.0,45.0,2340.0,0.0,0,0,94.5
2025-01-24,Skincare Bundle,110,150,0.0,150.0,16500.0,0.0,0,0,94.5
2025-01-25,Eau de Parfum,64,120,0.2,96.0,6144.0,1000.0,1,0,94.42
2025-01-25,Eau de Toilette,65,85,0.1,76.5,4972.5,500.0,1,0,94.42
2025-01-25,Home Fragrance,68,45,0.3,31.5,2142.0,0.0,1,0,94.42
2025-01-25,Skincare Bundle,110,150,0.1,135.0,14850.0,500.0,1,0,94.42
2025-01-26,Eau de Parfum,75,120,0.1,108.0,8100.0,0.0,1,0,94.33
2025-01-26,Eau de Toilette,52,85,0.0,85.0,4420.0,0.0,1,0,94.33
2025-01-26,Home Fragrance,61,45,0.0,45.0,2745.0,0.0,1,0,94.33
2025-01-26,Skincare Bundle,127,150,0.1,135.0,17145.0,0.0,1,0,94.33
2025-01-27,Eau de Parfum,27,120,0.0,120.0,3240.0,0.0,0,0,94.25
2025-01-27,Eau de Toilette,53,85,0.0,85.0,4505.0,500.0,0,0,94.25
2025-01-27,Home Fragrance,46,45,0.0,45.0,2070.0,0.0,0,0,94.25
2025-01-27,Skincare Bundle,77,150,0.0,150.0,11550.0,500.0,0,0,94.25
2025-01-28,Eau de Parfum,58,120,0.0,120.0,6960.0,0.0,0,0,94.17
2025-01-28,Eau de Toilette,61,85,0.0,85.0,5185.0,1000.0,0,0,94.17
2025-01-28,Home Fragrance,37,45,0.0,45.0,1665.0,0.0,0,0,94.17
2025-01-28,Skincare Bundle,98,150,0.0,150.0,14700.0,500.0,0,0,94.17
2025-01-29,Eau de Parfum,52,120,0.0,120.0,6240.0,2500.0,0,0,94.09
2025-01-29,Eau de Toilette,81,85,0.0,85.0,6885.0,1000.0,0,0,94.09
2025-01-29,Home Fragrance,38,45,0.0,45.0,1710.0,0.0,0,0,94.09
2025-01-29,Skincare Bundle,188,150,0.2,120.0,22560.0,2500.0,0,0,94.09
2025-01-30,Eau de Parfum,75,120,0.0,120.0,9000.0,1000.0,0,0,94.01
2025-01-30,Eau de Toilette,62,85,0.0,85.0,5270.0,500.0,0,0,94.01
2025-01-30,Home Fragrance,72,45,0.0,45.0,3240.0,1000.0,0,0,94.01
2025-01-30,Skincare Bundle,72,150,0.3,105.0,7560.0,0.0,0,0,94.01
2025-01-31,Eau de Parfum,61,120,0.1,108.0,6588.0,0.0,0,0,93.93
2025-01-31,Eau de Toilette,73,85,0.1,76.5,5584.5,0.0,0,0,93.93
2025-01-31,Home Fragrance,54,45,0.0,45.0,2430.0,0.0,0,0,93.93
2025-01-31,Skincare Bundle,89,150,0.0,150.0,13350.0,0.0,0,0,93.93
2025-02-01,Eau de Parfum,410,120,0.2,96.0,39360.0,2500.0,1,1,93.85
2025-02-01,Eau de Toilette,156,85,0.2,68.0,10608.0,0.0,1,1,93.85
2025-02-01,Home Fragrance,179,45,0.2,36.0,6444.0,0.0,1,1,93.85
2025-02-01,Skincare Bundle,136,150,0.2,120.0,16320.0,500.0,1,1,93.85
2025-02-02,Eau de Parfum,189,120,0.2,96.0,18144.0,500.0,1,1,93.77
2025-02-02,Eau de Toilette,142,85,0.2,68.0,9656.0,0.0,1,1,93.77
2025-02-02,Home Fragrance,142,45,0.2,36.0,5112.0,500.0,1,1,93.77
2025-02-02,Skincare Bundle,143,150,0.2,120.0,17160.0,0.0,1,1,93.77
2025-02-03,Eau de Parfum,115,120,0.2,96.0,11040.0,0.0,0,1,93.69
2025-02-03,Eau de Toilette,127,85,0.2,68.0,8636.0,0.0,0,1,93.69
2025-02-03,Home Fragrance,62,45,0.2,36.0,2232.0,0.0,0,1,93.69
2025-02-03,Skincare Bundle,86,150,0.2,120.0,10320.0,1000.0,0,1,93.69
2025-02-04,Eau de Parfum,156,120,0.2,96.0,14976.0,0.0,0,1,93.62
2025-02-04,Eau de Toilette,94,85,0.2,68.0,6392.0,500.0,0,1,93.62
2025-02-04,Home Fragrance,179,45,0.2,36.0,6444.0,2500.0,0,1,93.62
2025-02-04,Skincare Bundle,134,150,0.2,120.0,16080.0,500.0,0,1,93.62
2025-02-05,Eau de Parfum,113,120,0.2,96.0,10848.0,500.0,0,1,93.54
2025-02-05,Eau de Toilette,124,85,0.2,68.0,8432.0,1000.0,0,1,93.54
2025-02-05,Home Fragrance,93,45,0.2,36.0,3348.0,0.0,0,1,93.54
2025-02-05,Skincare Bundle,103,150,0.2,120.0,12360.0,0.0,0,1,93.54
2025-02-06,Eau de Parfum,129,120,0.3,84.0,10836.0,1000.0,0,1,93.46
2025-02-06,Eau de Toilette,128,85,0.2,68.0,8704.0,0.0,0,1,93.46
2025-02-06,Home Fragrance,110,45,0.2,36.0,3960.0,0.0,0,1,93.46
2025-02-06,Skincare Bundle,124,150,0.2,120.0,14880.0,0.0,0,1,93.46
2025-02-07,Eau de Parfum,195,120,0.2,96.0,18720.0,2500.0,0,1,93.39
2025-02-07,Eau de Toilette,185,85,0.2,68.0,12580.0,2500.0,0,1,93.39
2025-02-07,Home Fragrance,114,45,0.2,36.0,4104.0,0.0,0,1,93.39
2025-02-07,Skincare Bundle,56,150,0.2,120.0,6720.0,500.0,0,1,93.39
2025-02-08,Eau de Parfum,318,120,0.2,96.0,30528.0,500.0,1,1,93.31
2025-02-08,Eau de Toilette,183,85,0.2,68.0,12444.0,0.0,1,1,93.31
2025-02-08,Home Fragrance,116,45,0.2,36.0,4176.0,500.0,1,1,93.31
2025-02-08,Skincare Bundle,111,150,0.2,120.0,13320.0,0.0,1,1,93.31
2025-02-09,Eau de Parfum,145,120,0.2,96.0,13920.0,0.0,1,1,93.24
2025-02-09,Eau de Toilette,207,85,0.2,68.0,14076.0,2500.0,1,1,93.24
2025-02-09,Home Fragrance,104,45,0.2,36.0,3744.0,0.0,1,1,93.24
2025-02-09,Skincare Bundle,135,150,0.2,120.0,16200.0,2500.0,1,1,93.24
2025-02-10,Eau de Parfum,142,120,0.2,96.0,13632.0,0.0,0,1,93.17
2025-02-10,Eau de Toilette,85,85,0.2,68.0,5780.0,500.0,0,1,93.17
2025-02-10,Home Fragrance,80,45,0.2,36.0,2880.0,0.0,0,1,93.17
2025-02-10,Skincare Bundle,122,150,0.2,120.0,14640.0,1000.0,0,1,93.17
2025-02-11,Eau de Parfum,194,120,0.2,96.0,18624.0,1000.0,0,1,93.09
2025-02-11,Eau de Toilette,72,85,0.2,68.0,4896.0,0.0,0,1,93.09
2025-02-11,Home Fragrance,12,45,0.2,36.0,432.0,0.0,0,1,93.09
2025-02-11,Skincare Bundle,108,150,0.2,120.0,12960.0,0.0,0,1,93.09
2025-02-12,Eau de Parfum,162,120,0.2,96.0,15552.0,1000.0,0,1,93.02
2025-02-12,Eau de Toilette,83,85,0.2,68.0,5644.0,500.0,0,1,93.02
2025-02-12,Home Fragrance,108,45,0.2,36.0,3888.0,0.0,0,1,93.02
2025-02-12,Skincare Bundle,112,150,0.2,120.0,13440.0,0.0,0,1,93.02
2025-02-13,Eau de Parfum,62,120,0.2,96.0,5952.0,0.0,0,1,92.95
2025-02-13,Eau de Toilette,125,85,0.2,68.0,8500.0,0.0,0,1,92.95
2025-02-13,Home Fragrance,102,45,0.2,36.0,3672.0,0.0,0,1,92.95
2025-02-13,Skincare Bundle,116,150,0.2,120.0,13920.0,0.0,0,1,92.95
2025-02-14,Eau de Parfum,146,120,0.2,96.0,14016.0,0.0,0,1,92.88
2025-02-14,Eau de Toilette,107,85,0.2,68.0,7276.0,0.0,0,1,92.88
2025-02-14,Home Fragrance,89,45,0.2,36.0,3204.0,500.0,0,1,92.88
2025-02-14,Skincare Bundle,130,150,0.2,120.0,15600.0,0.0,0,1,92.88
2025-02-15,Eau de Parfum,100,120,0.0,120.0,12000.0,0.0,1,0,92.81
2025-02-15,Eau de Toilette,91,85,0.0,85.0,7735.0,0.0,1,0,92.81
2025-02-15,Home Fragrance,92,45,0.0,45.0,4140.0,500.0,1,0,92.81
2025-02-15,Skincare Bundle,90,150,0.3,105.0,9450.0,500.0,1,0,92.81
2025-02-16,Eau de Parfum,77,120,0.0,120.0,9240.0,0.0,1,0,92.74
2025-02-16,Eau de Toilette,45,85,0.0,85.0,3825.0,0.0,1,0,92.74
2025-02-16,Home Fragrance,57,45,0.3,31.5,1795.5,0.0,1,0,92.74
2025-02-16,Skincare Bundle,50,150,0.2,120.0,6000.0,0.0,1,0,92.74
2025-02-17,Eau de Parfum,110,120,0.1,108.0,11880.0,500.0,0,0,92.67
2025-02-17,Eau de Toilette,77,85,0.3,59.5,4581.5,2500.0,0,0,92.67
2025-02-17,Home Fragrance,35,45,0.1,40.5,1417.5,1000.0,0,0,92.67
2025-02-17,Skincare Bundle,38,150,0.3,105.0,3990.0,500.0,0,0,92.67
2025-02-18,Eau de Parfum,67,120,0.0,120.0,8040.0,0.0,0,0,92.6
2025-02-18,Eau de Toilette,58,85,0.0,85.0,4930.0,0.0,0,0,92.6
2025-02-18,Home Fragrance,30,45,0.0,45.0,1350.0,0.0,0,0,92.6
2025-02-18,Skincare Bundle,36,150,0.0,150.0,5400.0,0.0,0,0,92.6
2025-02-19,Eau de Parfum,97,120,0.0,120.0,11640.0,0.0,0,0,92.54
2025-02-19,Eau de Toilette,71,85,0.0,85.0,6035.0,1000.0,0,0,92.54
2025-02-19,Home Fragrance,40,45,0.1,40.5,1620.0,0.0,0,0,92.54
2025-02-19,Skincare Bundle,50,150,0.0,150.0,7500.0,0.0,0,0,92.54
2025-02-20,Eau de Parfum,99,120,0.0,120.0,11880.0,1000.0,0,0,92.47
2025-02-20,Eau de Toilette,59,85,0.1,76.5,4513.5,0.0,0,0,92.47
2025-02-20,Home Fragrance,18,45,0.0,45.0,810.0,0.0,0,0,92.47
2025-02-20,Skincare Bundle,66,150,0.1,135.0,8910.0,0.0,0,0,92.47
2025-02-21,Eau de Parfum,106,120,0.0,120.0,12720.0,500.0,0,0,92.41
2025-02-21,Eau de Toilette,70,85,0.0,85.0,5950.0,500.0,0,0,92.41
2025-02-21,Home Fragrance,52,45,0.1,40.5,2106.0,0.0,0,0,92.41
2025-02-21,Skincare Bundle,44,150,0.0,150.0,6600.0,0.0,0,0,92.41
2025-02-22,Eau de Parfum,91,120,0.1,108.0,9828.0,0.0,1,0,92.34
2025-02-22,Eau de Toilette,104,85,0.3,59.5,6188.0,2500.0,1,0,92.34
2025-02-22,Home Fragrance,95,45,0.0,45.0,4275.0,0.0,1,0,92.34
2025-02-22,Skincare Bundle,59,150,0.0,150.0,8850.0,1000.0,1,0,92.34
2025-02-23,Eau de Parfum,90,120,0.0,120.0,10800.0,0.0,1,0,92.28
2025-02-23,Eau de Toilette,37,85,0.0,85.0,3145.0,500.0,1,0,92.28
2025-02-23,Home Fragrance,83,45,0.0,45.0,3735.0,0.0,1,0,92.28
2025-02-23,Skincare Bundle,81,150,0.0,150.0,12150.0,1000.0,1,0,92.28
2025-02-24,Eau de Parfum,111,120,0.0,120.0,13320.0,1000.0,0,0,92.21
2025-02-24,Eau de Toilette,42,85,0.0,85.0,3570.0,500.0,0,0,92.21
2025-02-24,Home Fragrance,45,45,0.1,40.5,1822.5,0.0,0,0,92.21
2025-02-24,Skincare Bundle,95,150,0.0,150.0,14250.0,2500.0,0,0,92.21
2025-02-25,Eau de Parfum,6,120,0.0,120.0,720.0,1000.0,0,0,92.15
2025-02-25,Eau de Toilette,39,85,0.0,85.0,3315.0,0.0,0,0,92.15
2025-02-25,Home Fragrance,53,45,0.0,45.0,2385.0,0.0,0,0,92.15
2025-02-25,Skincare Bundle,21,150,0.2,120.0,2520.0,0.0,0,0,92.15
2025-02-26,Eau de Parfum,67,120,0.2,96.0,6432.0,500.0,0,0,92.09
2025-02-26,Eau de Toilette,46,85,0.0,85.0,3910.0,0.0,0,0,92.09
2025-02-26,Home Fragrance,70,45,0.0,45.0,3150.0,0.0,0,0,92.09
2025-02-26,Skincare Bundle,27,150,0.0,150.0,4050.0,1000.0,0,0,92.09
2025-02-27,Eau de Parfum,114,120,0.0,120.0,13680.0,500.0,0,0,92.03
2025-02-27,Eau de Toilette,36,85,0.3,59.5,2142.0,0.0,0,0,92.03
2025-02-27,Home Fragrance,87,45,0.3,31.5,2740.5,2500.0,0,0,92.03
2025-02-27,Skincare Bundle,50,150,0.0,150.0,7500.0,1000.0,0,0,92.03
2025-02-28,Eau de Parfum,92,120,0.2,96.0,8832.0,0.0,0,0,91.97
2025-02-28,Eau de Toilette,22,85,0.0,85.0,1870.0,1000.0,0,0,91.97
2025-02-28,Home Fragrance,70,45,0.0,45.0,3150.0,2500.0,0,0,91.97
2025-02-28,Skincare Bundle,74,150,0.0,150.0,11100.0,500.0,0,0,91.97
2025-03-01,Eau de Parfum,49,120,0.0,120.0,5880.0,0.0,1,0,91.91
2025-03-01,Eau de Toilette,62,85,0.2,68.0,4216.0,0.0,1,0,91.91
2025-03-01,Home Fragrance,65,45,0.0,45.0,2925.0,0.0,1,0,91.91
2025-03-01,Skincare Bundle,51,150,0.0,150.0,7650.0,0.0,1,0,91.91
2025-03-02,Eau de Parfum,70,120,0.3,84.0,5880.0,0.0,1,0,91.85
2025-03-02,Eau de Toilette,56,85,0.0,85.0,4760.0,0.0,1,0,91.85
2025-03-02,Home Fragrance,71,45,0.0,45.0,3195.0,0.0,1,0,91.85
2025-03-02,Skincare Bundle,55,150,0.0,150.0,8250.0,0.0,1,0,91.85
2025-03-03,Eau de Parfum,35,120,0.0,120.0,4200.0,0.0,0,0,91.79
2025-03-03,Eau de Toilette,46,85,0.0,85.0,3910.0,0.0,0,0,91.79
2025-03-03,Home Fragrance,29,45,0.3,31.5,913.5,0.0,0,0,91.79
2025-03-03,Skincare Bundle,60,150,0.0,150.0,9000.0,,0,0,91.79
2025-03-04,Eau de Parfum,101,120,0.0,120.0,12120.0,2500.0,0,0,91.74
2025-03-04,Eau de Toilette,64,85,0.0,85.0,5440.0,500.0,0,0,91.74
2025-03-04,Home Fragrance,56,45,0.0,45.0,2520.0,500.0,0,0,91.74
2025-03-04,Skincare Bundle,53,150,0.1,135.0,7155.0,0.0,0,0,91.74
2025-03-05,Eau de Parfum,65,120,0.0,120.0,7800.0,0.0,0,0,91.68
2025-03-05,Eau de Toilette,43,85,0.1,76.5,3289.5,0.0,0,0,91.68
2025-03-05,Home Fragrance,47,45,0.1,40.5,1903.5,500.0,0,0,91.68
2025-03-05,Skincare Bundle,67,150,0.1,135.0,9045.0,0.0,0,0,91.68
2025-03-06,Eau de Parfum,64,120,0.0,120.0,7680.0,0.0,0,0,91.63
2025-03-06,Eau de Toilette,58,85,0.0,85.0,4930.0,0.0,0,0,91.63
2025-03-06,Home Fragrance,60,45,0.0,45.0,2700.0,0.0,0,0,91.63
2025-03-06,Skincare Bundle,86,150,0.0,150.0,12900.0,0.0,0,0,91.63
2025-03-07,Eau de Parfum,46,120,0.2,96.0,4416.0,0.0,0,0,91.57
2025-03-07,Eau de Toilette,40,85,0.0,85.0,3400.0,0.0,0,0,91.57
2025-03-07,Home Fragrance,68,45,0.0,45.0,3060.0,1000.0,0,0,91.57
2025-03-07,Skincare Bundle,39,150,0.1,135.0,5265.0,500.0,0,0,91.57
2025-03-08,Eau de Parfum,101,120,0.0,120.0,12120.0,2500.0,1,0,91.52
2025-03-08,Eau de Toilette,58,85,0.0,85.0,4930.0,0.0,1,0,91.52
2025-03-08,Home Fragrance,77,45,0.0,45.0,3465.0,0.0,1,0,91.52
2025-03-08,Skincare Bundle,59,150,0.0,150.0,8850.0,0.0,1,0,91.52
2025-03-09,Eau de Parfum,138,120,0.1,108.0,14904.0,2500.0,1,0,91.47
2025-03-09,Eau de Toilette,33,85,0.0,85.0,2805.0,0.0,1,0,91.47
2025-03-09,Home Fragrance,50,45,0.2,36.0,1800.0,0.0,1,0,91.47
2025-03-09,Skincare Bundle,86,150,0.2,120.0,10320.0,0.0,1,0,91.47
2025-03-10,Eau de Parfum,59,120,0.0,120.0,7080.0,0.0,0,0,91.41
2025-03-10,Eau de Toilette,40,85,0.0,85.0,3400.0,0.0,0,0,91.41
2025-03-10,Home Fragrance,50,45,0.0,45.0,2250.0,1000.0,0,0,91.41
2025-03-10,Skincare Bundle,50,150,0.0,150.0,7500.0,0.0,0,0,91.41
2025-03-11,Eau de Parfum,48,120,0.0,120.0,5760.0,0.0,0,0,91.36
2025-03-11,Eau de Toilette,56,85,0.0,85.0,4760.0,0.0,0,0,91.36
2025-03-11,Home Fragrance,56,45,0.1,40.5,2268.0,0.0,0,0,91.36
2025-03-11,Skincare Bundle,69,150,0.2,120.0,8280.0,0.0,0,0,91.36
2025-03-12,Eau de Parfum,73,120,0.2,96.0,7008.0,2500.0,0,0,91.31
2025-03-12,Eau de Toilette,58,85,0.2,68.0,3944.0,500.0,0,0,91.31
2025-03-12,Home Fragrance,35,45,0.0,45.0,1575.0,500.0,0,0,91.31
2025-03-12,Skincare Bundle,89,150,0.0,150.0,13350.0,500.0,0,0,91.31
2025-03-13,Eau de Parfum,67,120,0.0,120.0,8040.0,0.0,0,0,91.26
2025-03-13,Eau de Toilette,58,85,0.0,85.0,4930.0,500.0,0,0,91.26
2025-03-13,Home Fragrance,39,45,0.0,45.0,1755.0,0.0,0,0,91.26
2025-03-13,Skincare Bundle,74,150,0.0,150.0,11100.0,1000.0,0,0,91.26
2025-03-14,Eau de Parfum,50,120,0.0,120.0,6000.0,0.0,0,0,91.22
2025-03-14,Eau de Toilette,64,85,0.0,85.0,5440.0,0.0,0,0,91.22
2025-03-14,Home Fragrance,62,45,0.0,45.0,2790.0,0.0,0,0,91.22
2025-03-14,Skincare Bundle,39,150,0.0,150.0,5850.0,0.0,0,0,91.22
2025-03-15,Eau de Parfum,86,120,0.0,120.0,10320.0,0.0,1,0,91.17
2025-03-15,Eau de Toilette,109,85,0.0,85.0,9265.0,0.0,1,0,91.17
2025-03-15,Home Fragrance,69,45,0.0,45.0,3105.0,500.0,1,0,91.17
2025-03-15,Skincare Bundle,54,150,0.0,150.0,8100.0,0.0,1,0,91.17
2025-03-16,Eau de Parfum,70,120,0.1,108.0,7560.0,0.0,1,0,91.12
2025-03-16,Eau de Toilette,62,85,0.1,76.5,4743.0,1000.0,1,0,91.12
2025-03-16,Home Fragrance,43,45,0.0,45.0,1935.0,1000.0,1,0,91.12
2025-03-16,Skincare Bundle,101,150,0.2,120.0,12120.0,2500.0,1,0,91.12
2025-03-17,Eau de Parfum,28,120,0.0,120.0,3360.0,0.0,0,0,91.08
2025-03-17,Eau de Toilette,37,85,0.2,68.0,2516.0,0.0,0,0,91.08
2025-03-17,Home Fragrance,55,45,0.0,45.0,2475.0,1000.0,0,0,91.08
2025-03-17,Skincare Bundle,43,150,0.1,135.0,5805.0,0.0,0,0,91.08
2025-03-18,Eau de Parfum,58,120,0.0,120.0,6960.0,0.0,0,0,91.03
2025-03-18,Eau de Toilette,30,85,0.0,85.0,2550.0,500.0,0,0,91.03
2025-03-18,Home Fragrance,41,45,0.0,45.0,1845.0,1000.0,0,0,91.03
2025-03-18,Skincare Bundle,21,150,0.1,135.0,2835.0,1000.0,0,0,91.03
2025-03-19,Eau de Parfum,35,120,0.2,96.0,3360.0,0.0,0,0,90.99
2025-03-19,Eau de Toilette,41,85,0.0,85.0,3485.0,0.0,0,0,90.99
2025-03-19,Home Fragrance,66,45,0.0,45.0,2970.0,0.0,0,0,90.99
2025-03-19,Skincare Bundle,36,150,0.0,150.0,5400.0,1000.0,0,0,90.99
2025-03-20,Eau de Parfum,59,120,0.0,120.0,7080.0,0.0,0,0,90.95
2025-03-20,Eau de Toilette,59,85,0.0,85.0,5015.0,0.0,0,0,90.95
2025-03-20,Home Fragrance,53,45,0.2,36.0,1908.0,1000.0,0,0,90.95
2025-03-20,Skincare Bundle,45,150,0.0,150.0,6750.0,1000.0,0,0,90.95
2025-03-21,Eau de Parfum,43,120,0.2,96.0,4128.0,0.0,0,0,90.9
2025-03-21,Eau de Toilette,64,85,0.0,85.0,5440.0,0.0,0,0,90.9
2025-03-21,Home Fragrance,51,45,0.3,31.5,1606.5,0.0,0,0,90.9
2025-03-21,Skincare Bundle,59,150,0.0,150.0,8850.0,1000.0,0,0,90.9
2025-03-22,Eau de Parfum,90,120,0.2,96.0,8640.0,500.0,1,0,90.86
2025-03-22,Eau de Toilette,44,85,0.0,85.0,3740.0,0.0,1,0,90.86
2025-03-22,Home Fragrance,108,45,0.0,45.0,4860.0,2500.0,1,0,90.86
2025-03-22,Skincare Bundle,105,150,0.0,150.0,15750.0,0.0,1,0,90.86
2025-03-23,Eau de Parfum,76,120,0.0,120.0,9120.0,0.0,1,0,90.82
2025-03-23,Eau de Toilette,56,85,0.0,85.0,4760.0,500.0,1,0,90.82
2025-03-23,Home Fragrance,69,45,0.0,45.0,3105.0,2500.0,1,0,90.82
2025-03-23,Skincare Bundle,64,150,0.0,150.0,9600.0,500.0,1,0,90.82
2025-03-24,Eau de Parfum,21,120,0.0,120.0,2520.0,0.0,0,0,90.78
2025-03-24,Eau de Toilette,47,85,0.0,85.0,3995.0,0.0,0,0,90.78
2025-03-24,Home Fragrance,51,45,0.0,45.0,2295.0,500.0,0,0,90.78
2025-03-24,Skincare Bundle,61,150,0.0,150.0,9150.0,0.0,0,0,90.78
2025-03-25,Eau de Parfum,74,120,0.3,84.0,6216.0,2500.0,0,0,90.74
2025-03-25,Eau de Toilette,31,85,0.0,85.0,2635.0,0.0,0,0,90.74
2025-03-25,Home Fragrance,33,45,0.1,40.5,1336.5,0.0,0,0,90.74
2025-03-25,Skincare Bundle,36,150,0.0,150.0,5400.0,0.0,0,0,90.74
2025-03-26,Eau de Parfum,69,120,0.0,120.0,8280.0,2500.0,0,0,90.71
2025-03-26,Eau de Toilette,33,85,0.0,85.0,2805.0,0.0,0,0,90.71
2025-03-26,Home Fragrance,43,45,0.2,36.0,1548.0,0.0,0,0,90.71
2025-03-26,Skincare Bundle,78,150,0.0,150.0,11700.0,0.0,0,0,90.71
2025-03-27,Eau de Parfum,61,120,0.0,120.0,7320.0,0.0,0,0,90.67
2025-03-27,Eau de Toilette,54,85,0.0,85.0,4590.0,0.0,0,0,90.67
2025-03-27,Home Fragrance,65,45,0.0,45.0,2925.0,1000.0,0,0,90.67
2025-03-27,Skincare Bundle,42,150,0.0,150.0,6300.0,0.0,0,0,90.67
2025-03-28,Eau de Parfum,39,120,0.0,120.0,4680.0,0.0,0,0,90.64
2025-03-28,Eau de Toilette,55,85,0.1,76.5,4207.5,,0,0,90.64
2025-03-28,Home Fragrance,71,45,0.1,40.5,2875.5,1000.0,0,0,90.64
2025-03-28,Skincare Bundle,58,150,0.3,105.0,6090.0,1000.0,0,0,90.64
2025-03-29,Eau de Parfum,44,120,0.0,120.0,5280.0,0.0,1,0,90.6
2025-03-29,Eau de Toilette,79,85,0.0,85.0,6715.0,0.0,1,0,90.6
2025-03-29,Home Fragrance,104,45,0.1,40.5,4212.0,0.0,1,0,90.6
2025-03-29,Skincare Bundle,69,150,0.0,150.0,10350.0,500.0,1,0,90.6
2025-03-30,Eau de Parfum,48,120,0.1,108.0,5184.0,0.0,1,0,90.57
2025-03-30,Eau de Toilette,112,85,0.0,85.0,9520.0,1000.0,1,0,90.57
2025-03-30,Home Fragrance,77,45,0.0,45.0,3465.0,0.0,1,0,90.57
2025-03-30,Skincare Bundle,58,150,0.0,150.0,8700.0,0.0,1,0,90.57
2025-03-31,Eau de Parfum,79,120,0.0,120.0,9480.0,0.0,0,0,90.53
2025-03-31,Eau de Toilette,73,85,0.1,76.5,5584.5,0.0,0,0,90.53
2025-03-31,Home Fragrance,31,45,0.1,40.5,1255.5,0.0,0,0,90.53
2025-03-31,Skincare Bundle,32,150,0.0,150.0,4800.0,0.0,0,0,90.53
2025-04-01,Eau de Parfum,41,120,0.0,120.0,4920.0,0.0,0,0,90.5
2025-04-01,Eau de Toilette,52,85,0.1,76.5,3978.0,0.0,0,0,90.5
2025-04-01,Home Fragrance,42,45,0.0,45.0,1890.0,0.0,0,0,90.5
2025-04-01,Skincare Bundle,86,150,0.0,150.0,12900.0,0.0,0,0,90.5
2025-04-02,Eau de Parfum,60,120,0.0,120.0,7200.0,500.0,0,0,90.47
2025-04-02,Eau de Toilette,35,85,0.0,85.0,2975.0,0.0,0,0,90.47
2025-04-02,Home Fragrance,44,45,0.2,36.0,1584.0,0.0,0,0,90.47
2025-04-02,Skincare Bundle,47,150,0.1,135.0,6345.0,0.0,0,0,90.47
2025-04-03,Eau de Parfum,59,120,0.0,120.0,7080.0,500.0,0,0,90.44
2025-04-03,Eau de Toilette,63,85,0.1,76.5,4819.5,500.0,0,0,90.44
2025-04-03,Home Fragrance,54,45,0.0,45.0,2430.0,500.0,0,0,90.44
2025-04-03,Skincare Bundle,41,150,0.0,150.0,6150.0,1000.0,0,0,90.44
2025-04-04,Eau de Parfum,90,120,0.0,120.0,10800.0,0.0,0,0,90.41
2025-04-04,Eau de Toilette,61,85,0.2,68.0,4148.0,0.0,0,0,90.41
2025-04-04,Home Fragrance,68,45,0.2,36.0,2448.0,500.0,0,0,90.41
2025-04-04,Skincare Bundle,56,150,0.0,150.0,8400.0,500.0,0,0,90.41
2025-04-05,Eau de Parfum,44,120,0.1,108.0,4752.0,0.0,1,0,90.38
2025-04-05,Eau de Toilette,61,85,0.0,85.0,5185.0,500.0,1,0,90.38
2025-04-05,Home Fragrance,73,45,0.0,45.0,3285.0,1000.0,1,0,90.38
2025-04-05,Skincare Bundle,80,150,0.3,105.0,8400.0,1000.0,1,0,90.38
2025-04-06,Eau de Parfum,54,120,0.0,120.0,6480.0,,1,0,90.36
2025-04-06,Eau de Toilette,101,85,0.1,76.5,7726.5,,1,0,90.36
2025-04-06,Home Fragrance,68,45,0.0,45.0,3060.0,0.0,1,0,90.36
2025-04-06,Skincare Bundle,57,150,0.1,135.0,7695.0,0.0,1,0,90.36
2025-04-07,Eau de Parfum,65,120,0.0,120.0,7800.0,0.0,0,0,90.33
2025-04-07,Eau de Toilette,57,85,0.0,85.0,4845.0,500.0,0,0,90.33
2025-04-07,Home Fragrance,48,45,0.0,45.0,2160.0,500.0,0,0,90.33
2025-04-07,Skincare Bundle,42,150,0.2,120.0,5040.0,0.0,0,0,90.33
2025-04-08,Eau de Parfum,64,120,0.0,120.0,7680.0,0.0,0,0,90.31
2025-04-08,Eau de Toilette,55,85,0.0,85.0,4675.0,1000.0,0,0,90.31
2025-04-08,Home Fragrance,32,45,0.0,45.0,1440.0,0.0,0,0,90.31
2025-04-08,Skincare Bundle,54,150,0.0,150.0,8100.0,0.0,0,0,90.31
2025-04-09,Eau de Parfum,51,120,0.1,108.0,5508.0,0.0,0,0,90.28
2025-04-09,Eau de Toilette,44,85,0.0,85.0,3740.0,0.0,0,0,90.28
2025-04-09,Home Fragrance,141,45,0.0,45.0,6345.0,2500.0,0,0,90.28
2025-04-09,Skincare Bundle,40,150,0.3,105.0,4200.0,0.0,0,0,90.28
2025-04-10,Eau de Parfum,41,120,0.0,120.0,4920.0,0.0,0,0,90.26
2025-04-10,Eau de Toilette,52,85,0.1,76.5,3978.0,500.0,0,0,90.26
2025-04-10,Home Fragrance,51,45,0.0,45.0,2295.0,0.0,0,0,90.26
2025-04-10,Skincare Bundle,38,150,0.0,150.0,5700.0,1000.0,0,0,90.26
2025-04-11,Eau de Parfum,64,120,0.0,120.0,7680.0,,0,0,90.24
2025-04-11,Eau de Toilette,33,85,0.0,85.0,2805.0,500.0,0,0,90.24
2025-04-11,Home Fragrance,51,45,0.0,45.0,2295.0,0.0,0,0,90.24
2025-04-11,Skincare Bundle,30,150,0.2,120.0,3600.0,0.0,0,0,90.24
2025-04-12,Eau de Parfum,72,120,0.2,96.0,6912.0,0.0,1,0,90.22
2025-04-12,Eau de Toilette,91,85,0.0,85.0,7735.0,0.0,1,0,90.22
2025-04-12,Home Fragrance,79,45,0.0,45.0,3555.0,2500.0,1,0,90.22
2025-04-12,Skincare Bundle,63,150,0.0,150.0,9450.0,0.0,1,0,90.22
2025-04-13,Eau de Parfum,86,120,0.0,120.0,10320.0,0.0,1,0,90.2
2025-04-13,Eau de Toilette,92,85,0.3,59.5,5474.0,0.0,1,0,90.2
2025-04-13,Home Fragrance,115,45,0.0,45.0,5175.0,2500.0,1,0,90.2
2025-04-13,Skincare Bundle,61,150,0.2,120.0,7320.0,500.0,1,0,90.2
2025-04-14,Eau de Parfum,45,120,0.1,108.0,4860.0,0.0,0,0,90.18
2025-04-14,Eau de Toilette,52,85,0.0,85.0,4420.0,,0,0,90.18
2025-04-14,Home Fragrance,31,45,0.0,45.0,1395.0,0.0,0,0,90.18
2025-04-14,Skincare Bundle,49,150,0.0,150.0,7350.0,0.0,0,0,90.18
2025-04-15,Eau de Parfum,36,120,0.0,120.0,4320.0,0.0,0,0,90.16
2025-04-15,Eau de Toilette,23,85,0.0,85.0,1955.0,0.0,0,0,90.16
2025-04-15,Home Fragrance,24,45,0.0,45.0,1080.0,0.0,0,0,90.16
2025-04-15,Skincare Bundle,48,150,0.0,150.0,7200.0,0.0,0,0,90.16
2025-04-16,Eau de Parfum,14,120,0.0,120.0,1680.0,0.0,0,0,90.14
2025-04-16,Eau de Toilette,54,85,0.0,85.0,4590.0,0.0,0,0,90.14
2025-04-16,Home Fragrance,42,45,0.3,31.5,1323.0,0.0,0,0,90.14
2025-04-16,Skincare Bundle,40,150,0.0,150.0,6000.0,0.0,0,0,90.14
2025-04-17,Eau de Parfum,34,120,0.0,120.0,4080.0,0.0,0,0,90.13
2025-04-17,Eau de Toilette,33,85,0.0,85.0,2805.0,0.0,0,0,90.13
2025-04-17,Home Fragrance,59,45,0.0,45.0,2655.0,0.0,0,0,90.13
2025-04-17,Skincare Bundle,69,150,0.0,150.0,10350.0,0.0,0,0,90.13
2025-04-18,Eau de Parfum,67,120,0.0,120.0,8040.0,0.0,0,0,90.11
2025-04-18,Eau de Toilette,78,85,0.0,85.0,6630.0,1000.0,0,0,90.11
2025-04-18,Home Fragrance,48,45,0.0,45.0,2160.0,500.0,0,0,90.11
2025-04-18,Skincare Bundle,55,150,0.2,120.0,6600.0,0.0,0,0,90.11
2025-04-19,Eau de Parfum,89,120,0.2,96.0,8544.0,0.0,1,0,90.1
2025-04-19,Eau de Toilette,100,85,0.0,85.0,8500.0,0.0,1,0,90.1
2025-04-19,Home Fragrance,70,45,0.1,40.5,2835.0,500.0,1,0,90.1
2025-04-19,Skincare Bundle,87,150,0.0,150.0,13050.0,500.0,1,0,90.1
2025-04-20,Eau de Parfum,73,120,0.1,108.0,7884.0,0.0,1,0,90.08
2025-04-20,Eau de Toilette,72,85,0.0,85.0,6120.0,500.0,1,0,90.08
2025-04-20,Home Fragrance,103,45,0.0,45.0,4635.0,0.0,1,0,90.08
2025-04-20,Skincare Bundle,80,150,0.0,150.0,12000.0,500.0,1,0,90.08
2025-04-21,Eau de Parfum,77,120,0.0,120.0,9240.0,0.0,0,0,90.07
2025-04-21,Eau de Toilette,38,85,0.0,85.0,3230.0,0.0,0,0,90.07
2025-04-21,Home Fragrance,44,45,0.0,45.0,1980.0,0.0,0,0,90.07
2025-04-21,Skincare Bundle,38,150,0.0,150.0,5700.0,0.0,0,0,90.07
2025-04-22,Eau de Parfum,53,120,0.1,108.0,5724.0,0.0,0,0,90.06
2025-04-22,Eau de Toilette,53,85,0.0,85.0,4505.0,0.0,0,0,90.06
2025-04-22,Home Fragrance,63,45,0.0,45.0,2835.0,0.0,0,0,90.06
2025-04-22,Skincare Bundle,61,150,0.0,150.0,9150.0,0.0,0,0,90.06
2025-04-23,Eau de Parfum,70,120,0.0,120.0,8400.0,0.0,0,0,90.05
2025-04-23,Eau de Toilette,42,85,0.0,85.0,3570.0,500.0,0,0,90.05
2025-04-23,Home Fragrance,67,45,0.0,45.0,3015.0,0.0,0,0,90.05
2025-04-23,Skincare Bundle,60,150,0.0,150.0,9000.0,0.0,0,0,90.05
2025-04-24,Eau de Parfum,35,120,0.3,84.0,2940.0,0.0,0,0,90.04
2025-04-24,Eau de Toilette,58,85,0.0,85.0,4930.0,0.0,0,0,90.04
2025-04-24,Home Fragrance,41,45,0.0,45.0,1845.0,500.0,0,0,90.04
2025-04-24,Skincare Bundle,61,150,0.2,120.0,7320.0,0.0,0,0,90.04
2025-04-25,Eau de Parfum,72,120,0.1,108.0,7776.0,1000.0,0,0,90.03
2025-04-25,Eau de Toilette,0,85,0.0,85.0,0.0,0.0,0,0,90.03
2025-04-25,Home Fragrance,95,45,0.0,45.0,4275.0,1000.0,0,0,90.03
2025-04-25,Skincare Bundle,49,150,0.1,135.0,6615.0,0.0,0,0,90.03
2025-04-26,Eau de Parfum,75,120,0.0,120.0,9000.0,2500.0,1,0,90.02
2025-04-26,Eau de Toilette,56,85,0.0,85.0,4760.0,500.0,1,0,90.02
2025-04-26,Home Fragrance,72,45,0.0,45.0,3240.0,0.0,1,0,90.02
2025-04-26,Skincare Bundle,94,150,0.0,150.0,14100.0,0.0,1,0,90.02
2025-04-27,Eau de Parfum,30,120,0.0,120.0,3600.0,0.0,1,0,90.02
2025-04-27,Eau de Toilette,65,85,0.1,76.5,4972.5,0.0,1,0,90.02
2025-04-27,Home Fragrance,56,45,0.0,45.0,2520.0,0.0,1,0,90.02
2025-04-27,Skincare Bundle,61,150,0.0,150.0,9150.0,0.0,1,0,90.02
2025-04-28,Eau de Parfum,52,120,0.2,96.0,4992.0,500.0,0,0,90.01
2025-04-28,Eau de Toilette,54,85,0.2,68.0,3672.0,0.0,0,0,90.01
2025-04-28,Home Fragrance,60,45,0.0,45.0,2700.0,0.0,0,0,90.01
2025-04-28,Skincare Bundle,47,150,0.0,150.0,7050.0,1000.0,0,0,90.01
2025-04-29,Eau de Parfum,48,120,0.0,120.0,5760.0,0.0,0,0,90.01
2025-04-29,Eau de Toilette,73,85,0.0,85.0,6205.0,500.0,0,0,90.01
2025-04-29,Home Fragrance,62,45,0.3,31.5,1953.0,0.0,0,0,90.01
2025-04-29,Skincare Bundle,55,150,0.2,120.0,6600.0,0.0,0,0,90.01
2025-04-30,Eau de Parfum,50,120,0.1,108.0,5400.0,0.0,0,0,90.0
2025-04-30,Eau de Toilette,39,85,0.2,68.0,2652.0,0.0,0,0,90.0
2025-04-30,Home Fragrance,31,45,0.3,31.5,976.5,500.0,0,0,90.0
2025-04-30,Skincare Bundle,35,150,0.0,150.0,5250.0,0.0,0,0,90.0
2025-05-01,Eau de Parfum,49,120,0.0,120.0,5880.0,0.0,0,0,90.0
2025-05-01,Eau de Toilette,56,85,0.3,59.5,3332.0,0.0,0,0,90.0
2025-05-01,Home Fragrance,29,45,0.0,45.0,1305.0,,0,0,90.0
2025-05-01,Skincare Bundle,70,150,0.0,150.0,10500.0,0.0,0,0,90.0
2025-05-02,Eau de Parfum,50,120,0.0,120.0,6000.0,0.0,0,0,90.0
2025-05-02,Eau de Toilette,97,85,0.0,85.0,8245.0,1000.0,0,0,90.0
2025-05-02,Home Fragrance,51,45,0.0,45.0,2295.0,0.0,0,0,90.0
2025-05-02,Skincare Bundle,11,150,0.0,150.0,1650.0,0.0,0,0,90.0
2025-05-03,Eau de Parfum,27,120,0.1,108.0,2916.0,,1,0,90.0
2025-05-03,Eau de Toilette,151,85,0.0,85.0,12835.0,0.0,1,0,90.0
2025-05-03,Home Fragrance,83,45,0.0,45.0,3735.0,0.0,1,0,90.0
2025-05-03,Skincare Bundle,59,150,0.1,135.0,7965.0,500.0,1,0,90.0
2025-05-04,Eau de Parfum,63,120,0.0,120.0,7560.0,0.0,1,0,90.0
2025-05-04,Eau de Toilette,106,85,0.3,59.5,6307.0,0.0,1,0,90.0
2025-05-04,Home Fragrance,90,45,0.2,36.0,3240.0,1000.0,1,0,90.0
2025-05-04,Skincare Bundle,61,150,0.0,150.0,9150.0,0.0,1,0,90.0
2025-05-05,Eau de Parfum,51,120,0.0,120.0,6120.0,1000.0,0,0,90.0
2025-05-05,Eau de Toilette,41,85,0.0,85.0,3485.0,500.0,0,0,90.0
2025-05-05,Home Fragrance,62,45,0.0,45.0,2790.0,500.0,0,0,90.0
2025-05-05,Skincare Bundle,41,150,0.0,150.0,6150.0,0.0,0,0,90.0
2025-05-06,Eau de Parfum,84,120,0.0,120.0,10080.0,1000.0,0,0,90.01
2025-05-06,Eau de Toilette,78,85,0.0,85.0,6630.0,,0,0,90.01
2025-05-06,Home Fragrance,49,45,0.0,45.0,2205.0,0.0,0,0,90.01
2025-05-06,Skincare Bundle,62,150,0.0,150.0,9300.0,0.0,0,0,90.01
2025-05-07,Eau de Parfum,31,120,0.1,108.0,3348.0,0.0,0,0,90.01
2025-05-07,Eau de Toilette,54,85,0.3,59.5,3213.0,0.0,0,0,90.01
2025-05-07,Home Fragrance,44,45,0.3,31.5,1386.0,500.0,0,0,90.01
2025-05-07,Skincare Bundle,80,150,0.0,150.0,12000.0,0.0,0,0,90.01
2025-05-08,Eau de Parfum,54,120,0.0,120.0,6480.0,1000.0,0,0,90.01
2025-05-08,Eau de Toilette,94,85,0.3,59.5,5593.0,0.0,0,0,90.01
2025-05-08,Home Fragrance,47,45,0.0,45.0,2115.0,0.0,0,0,90.01
2025-05-08,Skincare Bundle,47,150,0.0,150.0,7050.0,0.0,0,0,90.01
2025-05-09,Eau de Parfum,52,120,0.0,120.0,6240.0,0.0,0,0,90.02
2025-05-09,Eau de Toilette,98,85,0.0,85.0,8330.0,0.0,0,0,90.02
2025-05-09,Home Fragrance,46,45,0.0,45.0,2070.0,1000.0,0,0,90.02
2025-05-09,Skincare Bundle,74,150,0.0,150.0,11100.0,0.0,0,0,90.02
2025-05-10,Eau de Parfum,69,120,0.0,120.0,8280.0,0.0,1,0,90.03
2025-05-10,Eau de Toilette,48,85,0.0,85.0,4080.0,,1,0,90.03
2025-05-10,Home Fragrance,80,45,0.0,45.0,3600.0,0.0,1,0,90.03
2025-05-10,Skincare Bundle,62,150,0.3,105.0,6510.0,0.0,1,0,90.03
2025-05-11,Eau de Parfum,47,120,0.0,120.0,5640.0,500.0,1,0,90.03
2025-05-11,Eau de Toilette,67,85,0.1,76.5,5125.5,0.0,1,0,90.03
2025-05-11,Home Fragrance,77,45,0.3,31.5,2425.5,0.0,1,0,90.03
2025-05-11,Skincare Bundle,40,150,0.0,150.0,6000.0,0.0,1,0,90.03
2025-05-12,Eau de Parfum,28,120,0.2,96.0,2688.0,0.0,0,0,90.04
2025-05-12,Eau de Toilette,42,85,0.2,68.0,2856.0,0.0,0,0,90.04
2025-05-12,Home Fragrance,41,45,0.0,45.0,1845.0,1000.0,0,0,90.04
2025-05-12,Skincare Bundle,43,150,0.1,135.0,5805.0,500.0,0,0,90.04
2025-05-13,Eau de Parfum,114,120,0.0,120.0,13680.0,2500.0,0,0,90.05
2025-05-13,Eau de Toilette,61,85,0.1,76.5,4666.5,1000.0,0,0,90.05
2025-05-13,Home Fragrance,45,45,0.0,45.0,2025.0,0.0,0,0,90.05
2025-05-13,Skincare Bundle,62,150,0.1,135.0,8370.0,0.0,0,0,90.05
2025-05-14,Eau de Parfum,27,120,0.3,84.0,2268.0,0.0,0,0,90.06
2025-05-14,Eau de Toilette,52,85,0.0,85.0,4420.0,0.0,0,0,90.06
2025-05-14,Home Fragrance,55,45,0.0,45.0,2475.0,0.0,0,0,90.06
2025-05-14,Skincare Bundle,52,150,0.1,135.0,7020.0,1000.0,0,0,90.06
2025-05-15,Eau de Parfum,51,120,0.0,120.0,6120.0,500.0,0,0,90.07
2025-05-15,Eau de Toilette,105,85,0.0,85.0,8925.0,1000.0,0,0,90.07
2025-05-15,Home Fragrance,45,45,0.0,45.0,2025.0,0.0,0,0,90.07
2025-05-15,Skincare Bundle,58,150,0.1,135.0,7830.0,0.0,0,0,90.07
2025-05-16,Eau de Parfum,67,120,0.0,120.0,8040.0,0.0,0,0,90.09
2025-05-16,Eau de Toilette,111,85,0.0,85.0,9435.0,500.0,0,0,90.09
2025-05-16,Home Fragrance,79,45,0.0,45.0,3555.0,0.0,0,0,90.09
2025-05-16,Skincare Bundle,43,150,0.0,150.0,6450.0,0.0,0,0,90.09
2025-05-17,Eau de Parfum,68,120,0.0,120.0,8160.0,0.0,1,0,90.1
2025-05-17,Eau de Toilette,86,85,0.0,85.0,7310.0,500.0,1,0,90.1
2025-05-17,Home Fragrance,111,45,0.0,45.0,4995.0,1000.0,1,0,90.1
2025-05-17,Skincare Bundle,84,150,0.1,135.0,11340.0,500.0,1,0,90.1
2025-05-18,Eau de Parfum,80,120,0.3,84.0,6720.0,1000.0,1,0,90.11
2025-05-18,Eau de Toilette,132,85,0.1,76.5,10098.0,0.0,1,0,90.11
2025-05-18,Home Fragrance,80,45,0.0,45.0,3600.0,0.0,1,0,90.11
2025-05-18,Skincare Bundle,48,150,0.0,150.0,7200.0,0.0,1,0,90.11
2025-05-19,Eau de Parfum,41,120,0.0,120.0,4920.0,0.0,0,0,90.13
2025-05-19,Eau de Toilette,59,85,0.0,85.0,5015.0,0.0,0,0,90.13
2025-05-19,Home Fragrance,59,45,0.0,45.0,2655.0,0.0,0,0,90.13
2025-05-19,Skincare Bundle,92,150,0.0,150.0,13800.0,1000.0,0,0,90.13
2025-05-20,Eau de Parfum,67,120,0.0,120.0,8040.0,1000.0,0,0,90.15
2025-05-20,Eau de Toilette,64,85,0.0,85.0,5440.0,0.0,0,0,90.15
2025-05-20,Home Fragrance,63,45,0.0,45.0,2835.0,0.0,0,0,90.15
2025-05-20,Skincare Bundle,60,150,0.0,150.0,9000.0,0.0,0,0,90.15
2025-05-21,Eau de Parfum,66,120,0.0,120.0,7920.0,0.0,0,0,90.16
2025-05-21,Eau de Toilette,74,85,0.0,85.0,6290.0,500.0,0,0,90.16
2025-05-21,Home Fragrance,54,45,0.1,40.5,2187.0,500.0,0,0,90.16
2025-05-21,Skincare Bundle,12,150,0.0,150.0,1800.0,0.0,0,0,90.16
2025-05-22,Eau de Parfum,54,120,0.1,108.0,5832.0,500.0,0,0,90.18
2025-05-22,Eau de Toilette,160,85,0.0,85.0,13600.0,1000.0,0,0,90.18
2025-05-22,Home Fragrance,55,45,0.0,45.0,2475.0,500.0,0,0,90.18
2025-05-22,Skincare Bundle,35,150,0.0,150.0,5250.0,0.0,0,0,90.18
2025-05-23,Eau de Parfum,17,120,0.0,120.0,2040.0,0.0,0,0,90.2
2025-05-23,Eau de Toilette,77,85,0.2,68.0,5236.0,0.0,0,0,90.2
2025-05-23,Home Fragrance,47,45,0.0,45.0,2115.0,1000.0,0,0,90.2
2025-05-23,Skincare Bundle,59,150,0.0,150.0,8850.0,0.0,0,0,90.2
2025-05-24,Eau de Parfum,74,120,0.1,108.0,7992.0,0.0,1,0,90.22
2025-05-24,Eau de Toilette,96,85,0.0,85.0,8160.0,0.0,1,0,90.22
2025-05-24,Home Fragrance,71,45,0.1,40.5,2875.5,1000.0,1,0,90.22
2025-05-24,Skincare Bundle,86,150,0.0,150.0,12900.0,0.0,1,0,90.22
2025-05-25,Eau de Parfum,39,120,0.0,120.0,4680.0,0.0,1,0,90.24
2025-05-25,Eau de Toilette,89,85,0.0,85.0,7565.0,0.0,1,0,90.24
2025-05-25,Home Fragrance,125,45,0.0,45.0,5625.0,2500.0,1,0,90.24
2025-05-25,Skincare Bundle,70,150,0.1,135.0,9450.0,500.0,1,0,90.24
2025-05-26,Eau de Parfum,81,120,0.0,120.0,9720.0,0.0,0,0,90.27
2025-05-26,Eau de Toilette,48,85,0.0,85.0,4080.0,0.0,0,0,90.27
2025-05-26,Home Fragrance,71,45,0.0,45.0,3195.0,0.0,0,0,90.27
2025-05-26,Skincare Bundle,65,150,0.1,135.0,8775.0,0.0,0,0,90.27
2025-05-27,Eau de Parfum,48,120,0.0,120.0,5760.0,500.0,0,0,90.29
2025-05-27,Eau de Toilette,74,85,0.2,68.0,5032.0,0.0,0,0,90.29
2025-05-27,Home Fragrance,52,45,0.0,45.0,2340.0,1000.0,0,0,90.29
2025-05-27,Skincare Bundle,39,150,0.0,150.0,5850.0,0.0,0,0,90.29
2025-05-28,Eau de Parfum,41,120,0.1,108.0,4428.0,0.0,0,0,90.32
2025-05-28,Eau de Toilette,65,85,0.0,85.0,5525.0,0.0,0,0,90.32
2025-05-28,Home Fragrance,72,45,0.0,45.0,3240.0,0.0,0,0,90.32
2025-05-28,Skincare Bundle,39,150,0.0,150.0,5850.0,0.0,0,0,90.32
2025-05-29,Eau de Parfum,48,120,0.0,120.0,5760.0,0.0,0,0,90.34
2025-05-29,Eau de Toilette,78,85,0.0,85.0,6630.0,1000.0,0,0,90.34
2025-05-29,Home Fragrance,66,45,0.0,45.0,2970.0,1000.0,0,0,90.34
2025-05-29,Skincare Bundle,80,150,0.0,150.0,12000.0,1000.0,0,0,90.34
2025-05-30,Eau de Parfum,69,120,0.0,120.0,8280.0,1000.0,0,0,90.37
2025-05-30,Eau de Toilette,113,85,0.0,85.0,9605.0,2500.0,0,0,90.37
2025-05-30,Home Fragrance,35,45,0.1,40.5,1417.5,0.0,0,0,90.37
2025-05-30,Skincare Bundle,64,150,0.1,135.0,8640.0,,0,0,90.37
2025-05-31,Eau de Parfum,63,120,0.1,108.0,6804.0,500.0,1,0,90.39
2025-05-31,Eau de Toilette,115,85,0.0,85.0,9775.0,0.0,1,0,90.39
2025-05-31,Home Fragrance,65,45,0.0,45.0,2925.0,0.0,1,0,90.39
2025-05-31,Skincare Bundle,52,150,0.0,150.0,7800.0,0.0,1,0,90.39
2025-06-01,Eau de Parfum,62,120,0.2,96.0,5952.0,0.0,1,0,90.42
2025-06-01,Eau de Toilette,81,85,0.1,76.5,6196.5,0.0,1,0,90.42
2025-06-01,Home Fragrance,88,45,0.0,45.0,3960.0,0.0,1,0,90.42
2025-06-01,Skincare Bundle,57,150,0.0,150.0,8550.0,0.0,1,0,90.42
2025-06-02,Eau de Parfum,52,120,0.0,120.0,6240.0,0.0,0,0,90.45
2025-06-02,Eau de Toilette,104,85,0.0,85.0,8840.0,0.0,0,0,90.45
2025-06-02,Home Fragrance,62,45,0.2,36.0,2232.0,0.0,0,0,90.45
2025-06-02,Skincare Bundle,57,150,0.0,150.0,8550.0,0.0,0,0,90.45
2025-06-03,Eau de Parfum,41,120,0.0,120.0,4920.0,0.0,0,0,90.48
2025-06-03,Eau de Toilette,54,85,0.0,85.0,4590.0,0.0,0,0,90.48
2025-06-03,Home Fragrance,37,45,0.0,45.0,1665.0,500.0,0,0,90.48
2025-06-03,Skincare Bundle,68,150,0.0,150.0,10200.0,0.0,0,0,90.48
2025-06-04,Eau de Parfum,69,120,0.2,96.0,6624.0,2500.0,0,0,90.51
2025-06-04,Eau de Toilette,62,85,0.0,85.0,5270.0,1000.0,0,0,90.51
2025-06-04,Home Fragrance,69,45,0.0,45.0,3105.0,0.0,0,0,90.51
2025-06-04,Skincare Bundle,61,150,0.0,150.0,9150.0,500.0,0,0,90.51
2025-06-05,Eau de Parfum,52,120,0.2,96.0,4992.0,1000.0,0,0,90.55
2025-06-05,Eau de Toilette,85,85,0.0,85.0,7225.0,0.0,0,0,90.55
2025-06-05,Home Fragrance,75,45,0.2,36.0,2700.0,1000.0,0,0,90.55
2025-06-05,Skincare Bundle,73,150,0.0,150.0,10950.0,1000.0,0,0,90.55
2025-06-06,Eau de Parfum,48,120,0.2,96.0,4608.0,0.0,0,0,90.58
2025-06-06,Eau de Toilette,99,85,0.0,85.0,8415.0,0.0,0,0,90.58
2025-06-06,Home Fragrance,49,45,0.1,40.5,1984.5,1000.0,0,0,90.58
2025-06-06,Skincare Bundle,37,150,0.2,120.0,4440.0,0.0,0,0,90.58
2025-06-07,Eau de Parfum,105,120,0.1,108.0,11340.0,500.0,1,0,90.61
2025-06-07,Eau de Toilette,128,85,0.0,85.0,10880.0,0.0,1,0,90.61
2025-06-07,Home Fragrance,55,45,0.0,45.0,2475.0,1000.0,1,0,90.61
2025-06-07,Skincare Bundle,96,150,0.0,150.0,14400.0,1000.0,1,0,90.61
2025-06-08,Eau de Parfum,50,120,0.0,120.0,6000.0,0.0,1,0,90.65
2025-06-08,Eau de Toilette,94,85,0.1,76.5,7191.0,1000.0,1,0,90.65
2025-06-08,Home Fragrance,37,45,0.1,40.5,1498.5,0.0,1,0,90.65
2025-06-08,Skincare Bundle,77,150,0.0,150.0,11550.0,0.0,1,0,90.65
2025-06-09,Eau de Parfum,57,120,0.0,120.0,6840.0,0.0,0,0,90.68
2025-06-09,Eau de Toilette,102,85,0.1,76.5,7803.0,0.0,0,0,90.68
2025-06-09,Home Fragrance,33,45,0.0,45.0,1485.0,0.0,0,0,90.68
2025-06-09,Skincare Bundle,43,150,0.2,120.0,5160.0,0.0,0,0,90.68
2025-06-10,Eau de Parfum,60,120,0.0,120.0,7200.0,0.0,0,0,90.72
2025-06-10,Eau de Toilette,62,85,0.0,85.0,5270.0,0.0,0,0,90.72
2025-06-10,Home Fragrance,46,45,0.1,40.5,1863.0,1000.0,0,0,90.72
2025-06-10,Skincare Bundle,46,150,0.0,150.0,6900.0,500.0,0,0,90.72
2025-06-11,Eau de Parfum,51,120,0.0,120.0,6120.0,0.0,0,0,90.76
2025-06-11,Eau de Toilette,84,85,0.0,85.0,7140.0,500.0,0,0,90.76
2025-06-11,Home Fragrance,49,45,0.0,45.0,2205.0,0.0,0,0,90.76
2025-06-11,Skincare Bundle,63,150,0.0,150.0,9450.0,2500.0,0,0,90.76
2025-06-12,Eau de Parfum,51,120,0.3,84.0,4284.0,500.0,0,0,90.8
2025-06-12,Eau de Toilette,82,85,0.0,85.0,6970.0,500.0,0,0,90.8
2025-06-12,Home Fragrance,47,45,0.2,36.0,1692.0,0.0,0,0,90.8
2025-06-12,Skincare Bundle,49,150,0.1,135.0,6615.0,1000.0,0,0,90.8
2025-06-13,Eau de Parfum,31,120,0.0,120.0,3720.0,,0,0,90.84
2025-06-13,Eau de Toilette,81,85,0.3,59.5,4819.5,500.0,0,0,90.84
2025-06-13,Home Fragrance,57,45,0.1,40.5,2308.5,0.0,0,0,90.84
2025-06-13,Skincare Bundle,58,150,0.0,150.0,8700.0,500.0,0,0,90.84
2025-06-14,Eau de Parfum,24,120,0.0,120.0,2880.0,0.0,1,0,90.88
2025-06-14,Eau de Toilette,96,85,0.1,76.5,7344.0,0.0,1,0,90.88
2025-06-14,Home Fragrance,84,45,0.0,45.0,3780.0,2500.0,1,0,90.88
2025-06-14,Skincare Bundle,78,150,0.0,150.0,11700.0,0.0,1,0,90.88
2025-06-15,Eau de Parfum,71,120,0.1,108.0,7668.0,1000.0,1,0,90.92
2025-06-15,Eau de Toilette,23,85,0.0,85.0,1955.0,0.0,1,0,90.92
2025-06-15,Home Fragrance,71,45,0.1,40.5,2875.5,0.0,1,0,90.92
2025-06-15,Skincare Bundle,66,150,0.1,135.0,8910.0,1000.0,1,0,90.92
2025-06-16,Eau de Parfum,59,120,0.0,120.0,7080.0,0.0,0,0,90.96
2025-06-16,Eau de Toilette,70,85,0.1,76.5,5355.0,0.0,0,0,90.96
2025-06-16,Home Fragrance,38,45,0.0,45.0,1710.0,,0,0,90.96
2025-06-16,Skincare Bundle,43,150,0.0,150.0,6450.0,0.0,0,0,90.96
2025-06-17,Eau de Parfum,39,120,0.0,120.0,4680.0,0.0,0,0,91.0
2025-06-17,Eau de Toilette,83,85,0.1,76.5,6349.5,0.0,0,0,91.0
2025-06-17,Home Fragrance,36,45,0.1,40.5,1458.0,0.0,0,0,91.0
2025-06-17,Skincare Bundle,68,150,0.0,150.0,10200.0,1000.0,0,0,91.0
2025-06-18,Eau de Parfum,64,120,0.1,108.0,6912.0,500.0,0,0,91.05
2025-06-18,Eau de Toilette,71,85,0.1,76.5,5431.5,0.0,0,0,91.05
2025-06-18,Home Fragrance,27,45,0.0,45.0,1215.0,0.0,0,0,91.05
2025-06-18,Skincare Bundle,18,150,0.0,150.0,2700.0,1000.0,0,0,91.05
2025-06-19,Eau de Parfum,49,120,0.0,120.0,5880.0,0.0,0,0,91.09
2025-06-19,Eau de Toilette,72,85,0.1,76.5,5508.0,0.0,0,0,91.09
2025-06-19,Home Fragrance,41,45,0.2,36.0,1476.0,1000.0,0,0,91.09
2025-06-19,Skincare Bundle,58,150,0.0,150.0,8700.0,2500.0,0,0,91.09
2025-06-20,Eau de Parfum,76,120,0.2,96.0,7296.0,500.0,0,0,91.14
2025-06-20,Eau de Toilette,89,85,0.0,85.0,7565.0,1000.0,0,0,91.14
2025-06-20,Home Fragrance,102,45,0.1,40.5,4131.0,1000.0,0,0,91.14
2025-06-20,Skincare Bundle,55,150,0.0,150.0,8250.0,500.0,0,0,91.14
2025-06-21,Eau de Parfum,85,120,0.0,120.0,10200.0,0.0,1,0,91.18
2025-06-21,Eau de Toilette,191,85,0.1,76.5,14611.5,2500.0,1,0,91.18
2025-06-21,Home Fragrance,64,45,0.0,45.0,2880.0,0.0,1,0,91.18
2025-06-21,Skincare Bundle,107,150,0.1,135.0,14445.0,1000.0,1,0,91.18
2025-06-22,Eau de Parfum,59,120,0.0,120.0,7080.0,0.0,1,0,91.23
2025-06-22,Eau de Toilette,77,85,0.0,85.0,6545.0,500.0,1,0,91.23
2025-06-22,Home Fragrance,122,45,0.0,45.0,5490.0,1000.0,1,0,91.23
2025-06-22,Skincare Bundle,70,150,0.1,135.0,9450.0,500.0,1,0,91.23
2025-06-23,Eau de Parfum,31,120,0.0,120.0,3720.0,0.0,0,0,91.28
2025-06-23,Eau de Toilette,49,85,0.0,85.0,4165.0,0.0,0,0,91.28
2025-06-23,Home Fragrance,43,45,0.1,40.5,1741.5,,0,0,91.28
2025-06-23,Skincare Bundle,40,150,0.0,150.0,6000.0,1000.0,0,0,91.28
2025-06-24,Eau de Parfum,40,120,0.1,108.0,4320.0,0.0,0,0,91.33
2025-06-24,Eau de Toilette,59,85,0.1,76.5,4513.5,0.0,0,0,91.33
2025-06-24,Home Fragrance,72,45,0.1,40.5,2916.0,0.0,0,0,91.33
2025-06-24,Skincare Bundle,37,150,0.1,135.0,4995.0,0.0,0,0,91.33
2025-06-25,Eau de Parfum,56,120,0.0,120.0,6720.0,0.0,0,0,91.38
2025-06-25,Eau de Toilette,56,85,0.0,85.0,4760.0,500.0,0,0,91.38
2025-06-25,Home Fragrance,50,45,0.1,40.5,2025.0,0.0,0,0,91.38
2025-06-25,Skincare Bundle,44,150,0.1,135.0,5940.0,0.0,0,0,91.38
2025-06-26,Eau de Parfum,68,120,0.0,120.0,8160.0,1000.0,0,0,91.43
2025-06-26,Eau de Toilette,75,85,0.0,85.0,6375.0,0.0,0,0,91.43
2025-06-26,Home Fragrance,54,45,0.0,45.0,2430.0,0.0,0,0,91.43
2025-06-26,Skincare Bundle,53,150,0.1,135.0,7155.0,0.0,0,0,91.43
2025-06-27,Eau de Parfum,42,120,0.0,120.0,5040.0,0.0,0,0,91.48
2025-06-27,Eau de Toilette,66,85,0.0,85.0,5610.0,0.0,0,0,91.48
2025-06-27,Home Fragrance,86,45,0.0,45.0,3870.0,2500.0,0,0,91.48
2025-06-27,Skincare Bundle,70,150,0.0,150.0,10500.0,1000.0,0,0,91.48
2025-06-28,Eau de Parfum,47,120,0.2,96.0,4512.0,0.0,1,0,91.54
2025-06-28,Eau de Toilette,83,85,0.0,85.0,7055.0,0.0,1,0,91.54
2025-06-28,Home Fragrance,53,45,0.0,45.0,2385.0,0.0,1,0,91.54
2025-06-28,Skincare Bundle,81,150,0.0,150.0,12150.0,1000.0,1,0,91.54
2025-06-29,Eau de Parfum,75,120,0.0,120.0,9000.0,1000.0,1,0,91.59
2025-06-29,Eau de Toilette,100,85,0.0,85.0,8500.0,500.0,1,0,91.59
2025-06-29,Home Fragrance,69,45,0.0,45.0,3105.0,500.0,1,0,91.59
2025-06-29,Skincare Bundle,67,150,0.0,150.0,10050.0,1000.0,1,0,91.59
2025-06-30,Eau de Parfum,72,120,0.0,120.0,8640.0,0.0,0,0,91.64
2025-06-30,Eau de Toilette,64,85,0.0,85.0,5440.0,0.0,0,0,91.64
2025-06-30,Home Fragrance,22,45,0.0,45.0,990.0,0.0,0,0,91.64
2025-06-30,Skincare Bundle,36,150,0.0,150.0,5400.0,0.0,0,0,91.64
2025-07-01,Eau de Parfum,70,120,0.0,120.0,8400.0,500.0,0,0,91.7
2025-07-01,Eau de Toilette,88,85,0.0,85.0,7480.0,0.0,0,0,91.7
2025-07-01,Home Fragrance,85,45,0.0,45.0,3825.0,1000.0,0,0,91.7
2025-07-01,Skincare Bundle,51,150,0.3,105.0,5355.0,0.0,0,0,91.7
2025-07-02,Eau de Parfum,63,120,0.1,108.0,6804.0,500.0,0,0,91.76
2025-07-02,Eau de Toilette,83,85,0.0,85.0,7055.0,500.0,0,0,91.76
2025-07-02,Home Fragrance,48,45,0.2,36.0,1728.0,0.0,0,0,91.76
2025-07-02,Skincare Bundle,62,150,0.0,150.0,9300.0,1000.0,0,0,91.76
2025-07-03,Eau de Parfum,49,120,0.0,120.0,5880.0,0.0,0,0,91.81
2025-07-03,Eau de Toilette,96,85,0.0,85.0,8160.0,0.0,0,0,91.81
2025-07-03,Home Fragrance,39,45,0.0,45.0,1755.0,0.0,0,0,91.81
2025-07-03,Skincare Bundle,51,150,0.0,150.0,7650.0,0.0,0,0,91.81
2025-07-04,Eau de Parfum,47,120,0.0,120.0,5640.0,1000.0,0,0,91.87
2025-07-04,Eau de Toilette,101,85,0.2,68.0,6868.0,0.0,0,0,91.87
2025-07-04,Home Fragrance,37,45,0.0,45.0,1665.0,500.0,0,0,91.87
2025-07-04,Skincare Bundle,22,150,0.0,150.0,3300.0,0.0,0,0,91.87
2025-07-05,Eau de Parfum,85,120,0.0,120.0,10200.0,0.0,1,0,91.93
2025-07-05,Eau de Toilette,122,85,0.0,85.0,10370.0,2500.0,1,0,91.93
2025-07-05,Home Fragrance,45,45,0.0,45.0,2025.0,0.0,1,0,91.93
2025-07-05,Skincare Bundle,27,150,0.1,135.0,3645.0,0.0,1,0,91.93
2025-07-06,Eau de Parfum,98,120,0.0,120.0,11760.0,1000.0,1,0,91.99
2025-07-06,Eau de Toilette,55,85,0.2,68.0,3740.0,0.0,1,0,91.99
2025-07-06,Home Fragrance,37,45,0.2,36.0,1332.0,500.0,1,0,91.99
2025-07-06,Skincare Bundle,88,150,0.3,105.0,9240.0,500.0,1,0,91.99
2025-07-07,Eau de Parfum,81,120,0.0,120.0,9720.0,1000.0,0,0,92.05
2025-07-07,Eau de Toilette,83,85,0.3,59.5,4938.5,1000.0,0,0,92.05
2025-07-07,Home Fragrance,65,45,0.0,45.0,2925.0,0.0,0,0,92.05
2025-07-07,Skincare Bundle,44,150,0.0,150.0,6600.0,0.0,0,0,92.05
2025-07-08,Eau de Parfum,75,120,0.1,108.0,8100.0,0.0,0,0,92.11
2025-07-08,Eau de Toilette,64,85,0.0,85.0,5440.0,0.0,0,0,92.11
2025-07-08,Home Fragrance,50,45,0.0,45.0,2250.0,,0,0,92.11
2025-07-08,Skincare Bundle,53,150,0.0,150.0,7950.0,500.0,0,0,92.11
2025-07-09,Eau de Parfum,63,120,0.0,120.0,7560.0,0.0,0,0,92.17
2025-07-09,Eau de Toilette,75,85,0.0,85.0,6375.0,1000.0,0,0,92.17
2025-07-09,Home Fragrance,67,45,0.3,31.5,2110.5,500.0,0,0,92.17
2025-07-09,Skincare Bundle,55,150,0.0,150.0,8250.0,0.0,0,0,92.17
2025-07-10,Eau de Parfum,28,120,0.0,120.0,3360.0,0.0,0,0,92.23
2025-07-10,Eau de Toilette,90,85,0.0,85.0,7650.0,0.0,0,0,92.23
2025-07-10,Home Fragrance,61,45,0.0,45.0,2745.0,1000.0,0,0,92.23
2025-07-10,Skincare Bundle,36,150,0.1,135.0,4860.0,0.0,0,0,92.23
2025-07-11,Eau de Parfum,58,120,0.0,120.0,6960.0,0.0,0,0,92.3
2025-07-11,Eau de Toilette,61,85,0.0,85.0,5185.0,500.0,0,0,92.3
2025-07-11,Home Fragrance,58,45,0.2,36.0,2088.0,0.0,0,0,92.3
2025-07-11,Skincare Bundle,47,150,0.2,120.0,5640.0,0.0,0,0,92.3
2025-07-12,Eau de Parfum,64,120,0.0,120.0,7680.0,1000.0,1,0,92.36
2025-07-12,Eau de Toilette,118,85,0.0,85.0,10030.0,0.0,1,0,92.36
2025-07-12,Home Fragrance,53,45,0.0,45.0,2385.0,0.0,1,0,92.36
2025-07-12,Skincare Bundle,47,150,0.0,150.0,7050.0,1000.0,1,0,92.36
2025-07-13,Eau de Parfum,123,120,0.0,120.0,14760.0,2500.0,1,0,92.43
2025-07-13,Eau de Toilette,102,85,0.0,85.0,8670.0,500.0,1,0,92.43
2025-07-13,Home Fragrance,70,45,0.0,45.0,3150.0,1000.0,1,0,92.43
2025-07-13,Skincare Bundle,7,150,0.0,150.0,1050.0,0.0,1,0,92.43
2025-07-14,Eau de Parfum,63,120,0.1,108.0,6804.0,1000.0,0,0,92.49
2025-07-14,Eau de Toilette,64,85,0.1,76.5,4896.0,0.0,0,0,92.49
2025-07-14,Home Fragrance,47,45,0.0,45.0,2115.0,1000.0,0,0,92.49
2025-07-14,Skincare Bundle,51,150,0.1,135.0,6885.0,0.0,0,0,92.49
2025-07-15,Eau de Parfum,63,120,0.0,120.0,7560.0,0.0,0,0,92.56
2025-07-15,Eau de Toilette,120,85,0.2,68.0,8160.0,500.0,0,0,92.56
2025-07-15,Home Fragrance,38,45,0.0,45.0,1710.0,0.0,0,0,92.56
2025-07-15,Skincare Bundle,65,150,0.0,150.0,9750.0,0.0,0,0,92.56
2025-07-16,Eau de Parfum,43,120,0.0,120.0,5160.0,0.0,0,0,92.63
2025-07-16,Eau de Toilette,66,85,0.3,59.5,3927.0,500.0,0,0,92.63
2025-07-16,Home Fragrance,45,45,0.0,45.0,2025.0,0.0,0,0,92.63
2025-07-16,Skincare Bundle,55,150,0.0,150.0,8250.0,500.0,0,0,92.63
2025-07-17,Eau de Parfum,49,120,0.0,120.0,5880.0,500.0,0,0,92.69
2025-07-17,Eau de Toilette,74,85,0.0,85.0,6290.0,500.0,0,0,92.69
2025-07-17,Home Fragrance,49,45,0.0,45.0,2205.0,0.0,0,0,92.69
2025-07-17,Skincare Bundle,68,150,0.0,150.0,10200.0,0.0,0,0,92.69
2025-07-18,Eau de Parfum,34,120,0.2,96.0,3264.0,0.0,0,0,92.76
2025-07-18,Eau de Toilette,102,85,0.0,85.0,8670.0,500.0,0,0,92.76
2025-07-18,Home Fragrance,29,45,0.0,45.0,1305.0,0.0,0,0,92.76
2025-07-18,Skincare Bundle,48,150,0.1,135.0,6480.0,0.0,0,0,92.76
2025-07-19,Eau de Parfum,45,120,0.0,120.0,5400.0,1000.0,1,0,92.83
2025-07-19,Eau de Toilette,111,85,0.0,85.0,9435.0,500.0,1,0,92.83
2025-07-19,Home Fragrance,94,45,0.0,45.0,4230.0,1000.0,1,0,92.83
2025-07-19,Skincare Bundle,38,150,0.0,150.0,5700.0,0.0,1,0,92.83
2025-07-20,Eau de Parfum,50,120,0.0,120.0,6000.0,0.0,1,0,92.9
2025-07-20,Eau de Toilette,120,85,0.0,85.0,10200.0,0.0,1,0,92.9
2025-07-20,Home Fragrance,29,45,0.1,40.5,1174.5,1000.0,1,0,92.9
2025-07-20,Skincare Bundle,90,150,0.0,150.0,13500.0,1000.0,1,0,92.9
2025-07-21,Eau de Parfum,65,120,0.2,96.0,6240.0,0.0,0,0,92.97
2025-07-21,Eau de Toilette,75,85,0.0,85.0,6375.0,0.0,0,0,92.97
2025-07-21,Home Fragrance,34,45,0.1,40.5,1377.0,500.0,0,0,92.97
2025-07-21,Skincare Bundle,29,150,0.0,150.0,4350.0,0.0,0,0,92.97
2025-07-22,Eau de Parfum,47,120,0.1,108.0,5076.0,0.0,0,0,93.05
2025-07-22,Eau de Toilette,116,85,0.1,76.5,8874.0,500.0,0,0,93.05
2025-07-22,Home Fragrance,64,45,0.2,36.0,2304.0,0.0,0,0,93.05
2025-07-22,Skincare Bundle,80,150,0.1,135.0,10800.0,500.0,0,0,93.05
2025-07-23,Eau de Parfum,37,120,0.0,120.0,4440.0,0.0,0,0,93.12
2025-07-23,Eau de Toilette,95,85,0.0,85.0,8075.0,0.0,0,0,93.12
2025-07-23,Home Fragrance,54,45,0.0,45.0,2430.0,0.0,0,0,93.12
2025-07-23,Skincare Bundle,67,150,0.0,150.0,10050.0,0.0,0,0,93.12
2025-07-24,Eau de Parfum,66,120,0.0,120.0,7920.0,1000.0,0,0,93.19
2025-07-24,Eau de Toilette,159,85,0.1,76.5,12163.5,2500.0,0,0,93.19
2025-07-24,Home Fragrance,58,45,0.0,45.0,2610.0,500.0,0,0,93.19
2025-07-24,Skincare Bundle,52,150,0.0,150.0,7800.0,0.0,0,0,93.19
2025-07-25,Eau de Parfum,53,120,0.1,108.0,5724.0,500.0,0,0,93.26
2025-07-25,Eau de Toilette,82,85,0.0,85.0,6970.0,0.0,0,0,93.26
2025-07-25,Home Fragrance,61,45,0.1,40.5,2470.5,0.0,0,0,93.26
2025-07-25,Skincare Bundle,61,150,0.0,150.0,9150.0,0.0,0,0,93.26
2025-07-26,Eau de Parfum,93,120,0.0,120.0,11160.0,500.0,1,0,93.34
2025-07-26,Eau de Toilette,59,85,0.0,85.0,5015.0,0.0,1,0,93.34
2025-07-26,Home Fragrance,117,45,0.2,36.0,4212.0,500.0,1,0,93.34
2025-07-26,Skincare Bundle,32,150,0.0,150.0,4800.0,500.0,1,0,93.34
2025-07-27,Eau de Parfum,18,120,0.0,120.0,2160.0,1000.0,1,0,93.41
2025-07-27,Eau de Toilette,167,85,0.0,85.0,14195.0,0.0,1,0,93.41
2025-07-27,Home Fragrance,75,45,0.2,36.0,2700.0,0.0,1,0,93.41
2025-07-27,Skincare Bundle,59,150,0.0,150.0,8850.0,1000.0,1,0,93.41
2025-07-28,Eau de Parfum,43,120,0.1,108.0,4644.0,,0,0,93.49
2025-07-28,Eau de Toilette,47,85,0.1,76.5,3595.5,0.0,0,0,93.49
2025-07-28,Home Fragrance,67,45,0.0,45.0,3015.0,,0,0,93.49
2025-07-28,Skincare Bundle,80,150,0.0,150.0,12000.0,1000.0,0,0,93.49
2025-07-29,Eau de Parfum,111,120,0.0,120.0,13320.0,2500.0,0,0,93.56
2025-07-29,Eau de Toilette,46,85,0.0,85.0,3910.0,0.0,0,0,93.56
2025-07-29,Home Fragrance,63,45,0.0,45.0,2835.0,500.0,0,0,93.56
2025-07-29,Skincare Bundle,65,150,0.0,150.0,9750.0,500.0,0,0,93.56
2025-07-30,Eau de Parfum,71,120,0.0,120.0,8520.0,500.0,0,0,93.64
2025-07-30,Eau de Toilette,85,85,0.1,76.5,6502.5,0.0,0,0,93.64
2025-07-30,Home Fragrance,49,45,0.0,45.0,2205.0,0.0,0,0,93.64
2025-07-30,Skincare Bundle,31,150,0.1,135.0,4185.0,500.0,0,0,93.64
2025-07-31,Eau de Parfum,67,120,0.0,120.0,8040.0,500.0,0,0,93.72
2025-07-31,Eau de Toilette,24,85,0.2,68.0,1632.0,0.0,0,0,93.72
2025-07-31,Home Fragrance,34,45,0.1,40.5,1377.0,0.0,0,0,93.72
2025-07-31,Skincare Bundle,23,150,0.1,135.0,3105.0,0.0,0,0,93.72
2025-08-01,Eau de Parfum,79,120,0.3,84.0,6636.0,0.0,0,0,93.8
2025-08-01,Eau de Toilette,62,85,0.0,85.0,5270.0,,0,0,93.8
2025-08-01,Home Fragrance,39,45,0.0,45.0,1755.0,500.0,0,0,93.8
2025-08-01,Skincare Bundle,11,150,0.0,150.0,1650.0,500.0,0,0,93.8
2025-08-02,Eau de Parfum,73,120,0.3,84.0,6132.0,0.0,1,0,93.88
2025-08-02,Eau de Toilette,62,85,0.0,85.0,5270.0,0.0,1,0,93.88
2025-08-02,Home Fragrance,73,45,0.0,45.0,3285.0,500.0,1,0,93.88
2025-08-02,Skincare Bundle,68,150,0.0,150.0,10200.0,500.0,1,0,93.88
2025-08-03,Eau de Parfum,74,120,0.3,84.0,6216.0,1000.0,1,0,93.96
2025-08-03,Eau de Toilette,12,85,0.2,68.0,816.0,0.0,1,0,93.96
2025-08-03,Home Fragrance,78,45,0.0,45.0,3510.0,1000.0,1,0,93.96
2025-08-03,Skincare Bundle,56,150,0.0,150.0,8400.0,,1,0,93.96
2025-08-04,Eau de Parfum,35,120,0.0,120.0,4200.0,0.0,0,0,94.04
2025-08-04,Eau de Toilette,52,85,0.0,85.0,4420.0,0.0,0,0,94.04
2025-08-04,Home Fragrance,20,45,0.0,45.0,900.0,0.0,0,0,94.04
2025-08-04,Skincare Bundle,67,150,0.0,150.0,10050.0,500.0,0,0,94.04
2025-08-05,Eau de Parfum,61,120,0.0,120.0,7320.0,1000.0,0,0,94.12
2025-08-05,Eau de Toilette,77,85,0.0,85.0,6545.0,1000.0,0,0,94.12
2025-08-05,Home Fragrance,28,45,0.1,40.5,1134.0,0.0,0,0,94.12
2025-08-05,Skincare Bundle,57,150,0.0,150.0,8550.0,1000.0,0,0,94.12
2025-08-06,Eau de Parfum,47,120,0.0,120.0,5640.0,0.0,0,0,94.2
2025-08-06,Eau de Toilette,44,85,0.0,85.0,3740.0,0.0,0,0,94.2
2025-08-06,Home Fragrance,68,45,0.0,45.0,3060.0,0.0,0,0,94.2
2025-08-06,Skincare Bundle,63,150,0.1,135.0,8505.0,0.0,0,0,94.2
2025-08-07,Eau de Parfum,27,120,0.0,120.0,3240.0,500.0,0,0,94.28
2025-08-07,Eau de Toilette,63,85,0.0,85.0,5355.0,0.0,0,0,94.28
2025-08-07,Home Fragrance,61,45,0.0,45.0,2745.0,1000.0,0,0,94.28
2025-08-07,Skincare Bundle,24,150,0.0,150.0,3600.0,500.0,0,0,94.28
2025-08-08,Eau de Parfum,41,120,0.0,120.0,4920.0,0.0,0,0,94.36
2025-08-08,Eau de Toilette,84,85,0.1,76.5,6426.0,1000.0,0,0,94.36
2025-08-08,Home Fragrance,27,45,0.0,45.0,1215.0,500.0,0,0,94.36
2025-08-08,Skincare Bundle,69,150,0.1,135.0,9315.0,0.0,0,0,94.36
2025-08-09,Eau de Parfum,101,120,0.2,96.0,9696.0,2500.0,1,0,94.44
2025-08-09,Eau de Toilette,110,85,0.0,85.0,9350.0,1000.0,1,0,94.44
2025-08-09,Home Fragrance,99,45,0.0,45.0,4455.0,1000.0,1,0,94.44
2025-08-09,Skincare Bundle,75,150,0.0,150.0,11250.0,500.0,1,0,94.44
2025-08-10,Eau de Parfum,105,120,0.3,84.0,8820.0,1000.0,1,0,94.53
2025-08-10,Eau de Toilette,72,85,0.3,59.5,4284.0,1000.0,1,0,94.53
2025-08-10,Home Fragrance,33,45,0.1,40.5,1336.5,500.0,1,0,94.53
2025-08-10,Skincare Bundle,81,150,0.2,120.0,9720.0,1000.0,1,0,94.53
2025-08-11,Eau de Parfum,33,120,0.0,120.0,3960.0,0.0,0,0,94.61
2025-08-11,Eau de Toilette,70,85,0.0,85.0,5950.0,0.0,0,0,94.61
2025-08-11,Home Fragrance,39,45,0.0,45.0,1755.0,500.0,0,0,94.61
2025-08-11,Skincare Bundle,43,150,0.0,150.0,6450.0,0.0,0,0,94.61
2025-08-12,Eau de Parfum,55,120,0.0,120.0,6600.0,0.0,0,0,94.7
2025-08-12,Eau de Toilette,74,85,0.0,85.0,6290.0,500.0,0,0,94.7
2025-08-12,Home Fragrance,28,45,0.0,45.0,1260.0,0.0,0,0,94.7
2025-08-12,Skincare Bundle,65,150,0.2,120.0,7800.0,1000.0,0,0,94.7
2025-08-13,Eau de Parfum,49,120,0.0,120.0,5880.0,500.0,0,0,94.78
2025-08-13,Eau de Toilette,54,85,0.0,85.0,4590.0,0.0,0,0,94.78
2025-08-13,Home Fragrance,57,45,0.0,45.0,2565.0,0.0,0,0,94.78
2025-08-13,Skincare Bundle,41,150,0.0,150.0,6150.0,0.0,0,0,94.78
2025-08-14,Eau de Parfum,41,120,0.1,108.0,4428.0,0.0,0,0,94.87
2025-08-14,Eau de Toilette,55,85,0.0,85.0,4675.0,500.0,0,0,94.87
2025-08-14,Home Fragrance,65,45,0.0,45.0,2925.0,500.0,0,0,94.87
2025-08-14,Skincare Bundle,88,150,0.1,135.0,11880.0,1000.0,0,0,94.87
2025-08-15,Eau de Parfum,33,120,0.0,120.0,3960.0,0.0,0,0,94.95
2025-08-15,Eau de Toilette,49,85,0.0,85.0,4165.0,0.0,0,0,94.95
2025-08-15,Home Fragrance,44,45,0.3,31.5,1386.0,1000.0,0,0,94.95
2025-08-15,Skincare Bundle,29,150,0.0,150.0,4350.0,0.0,0,0,94.95
2025-08-16,Eau de Parfum,84,120,0.0,120.0,10080.0,500.0,1,0,95.04
2025-08-16,Eau de Toilette,75,85,0.0,85.0,6375.0,500.0,1,0,95.04
2025-08-16,Home Fragrance,60,45,0.2,36.0,2160.0,0.0,1,0,95.04
2025-08-16,Skincare Bundle,64,150,0.1,135.0,8640.0,500.0,1,0,95.04
2025-08-17,Eau de Parfum,58,120,0.0,120.0,6960.0,0.0,1,0,95.13
2025-08-17,Eau de Toilette,65,85,0.1,76.5,4972.5,0.0,1,0,95.13
2025-08-17,Home Fragrance,76,45,0.0,45.0,3420.0,0.0,1,0,95.13
2025-08-17,Skincare Bundle,65,150,0.0,150.0,9750.0,2500.0,1,0,95.13
2025-08-18,Eau de Parfum,46,120,0.1,108.0,4968.0,0.0,0,0,95.21
2025-08-18,Eau de Toilette,60,85,0.0,85.0,5100.0,0.0,0,0,95.21
2025-08-18,Home Fragrance,26,45,0.0,45.0,1170.0,0.0,0,0,95.21
2025-08-18,Skincare Bundle,24,150,0.1,135.0,3240.0,0.0,0,0,95.21
2025-08-19,Eau de Parfum,42,120,0.0,120.0,5040.0,,0,0,95.3
2025-08-19,Eau de Toilette,74,85,0.1,76.5,5661.0,1000.0,0,0,95.3
2025-08-19,Home Fragrance,39,45,0.1,40.5,1579.5,0.0,0,0,95.3
2025-08-19,Skincare Bundle,44,150,0.1,135.0,5940.0,0.0,0,0,95.3
2025-08-20,Eau de Parfum,57,120,0.2,96.0,5472.0,500.0,0,0,95.39
2025-08-20,Eau de Toilette,54,85,0.0,85.0,4590.0,0.0,0,0,95.39
2025-08-20,Home Fragrance,46,45,0.0,45.0,2070.0,0.0,0,0,95.39
2025-08-20,Skincare Bundle,76,150,0.3,105.0,7980.0,1000.0,0,0,95.39
2025-08-21,Eau de Parfum,54,120,0.0,120.0,6480.0,2500.0,0,0,95.48
2025-08-21,Eau de Toilette,42,85,0.3,59.5,2499.0,0.0,0,0,95.48
2025-08-21,Home Fragrance,89,45,0.0,45.0,4005.0,2500.0,0,0,95.48
2025-08-21,Skincare Bundle,45,150,0.0,150.0,6750.0,0.0,0,0,95.48
2025-08-22,Eau de Parfum,31,120,0.2,96.0,2976.0,0.0,0,0,95.57
2025-08-22,Eau de Toilette,41,85,0.0,85.0,3485.0,0.0,0,0,95.57
2025-08-22,Home Fragrance,45,45,0.0,45.0,2025.0,500.0,0,0,95.57
2025-08-22,Skincare Bundle,41,150,0.2,120.0,4920.0,0.0,0,0,95.57
2025-08-23,Eau de Parfum,107,120,0.1,108.0,11556.0,1000.0,1,0,95.66
2025-08-23,Eau de Toilette,52,85,0.0,85.0,4420.0,500.0,1,0,95.66
2025-08-23,Home Fragrance,87,45,0.0,45.0,3915.0,0.0,1,0,95.66
2025-08-23,Skincare Bundle,71,150,0.0,150.0,10650.0,500.0,1,0,95.66
2025-08-24,Eau de Parfum,107,120,0.2,96.0,10272.0,0.0,1,0,95.75
2025-08-24,Eau de Toilette,30,85,0.2,68.0,2040.0,0.0,1,0,95.75
2025-08-24,Home Fragrance,82,45,0.0,45.0,3690.0,1000.0,1,0,95.75
2025-08-24,Skincare Bundle,40,150,0.0,150.0,6000.0,500.0,1,0,95.75
2025-08-25,Eau de Parfum,63,120,0.0,120.0,7560.0,0.0,0,0,95.84
2025-08-25,Eau de Toilette,62,85,0.0,85.0,5270.0,0.0,0,0,95.84
2025-08-25,Home Fragrance,83,45,0.0,45.0,3735.0,500.0,0,0,95.84
2025-08-25,Skincare Bundle,63,150,0.0,150.0,9450.0,500.0,0,0,95.84
2025-08-26,Eau de Parfum,50,120,0.0,120.0,6000.0,0.0,0,0,95.93
2025-08-26,Eau de Toilette,33,85,0.0,85.0,2805.0,0.0,0,0,95.93
2025-08-26,Home Fragrance,86,45,0.3,31.5,2709.0,2500.0,0,0,95.93
2025-08-26,Skincare Bundle,33,150,0.1,135.0,4455.0,0.0,0,0,95.93
2025-08-27,Eau de Parfum,51,120,0.0,120.0,6120.0,0.0,0,0,96.02
2025-08-27,Eau de Toilette,56,85,0.0,85.0,4760.0,500.0,0,0,96.02
2025-08-27,Home Fragrance,18,45,0.1,40.5,729.0,0.0,0,0,96.02
2025-08-27,Skincare Bundle,48,150,0.0,150.0,7200.0,0.0,0,0,96.02
2025-08-28,Eau de Parfum,67,120,0.0,120.0,8040.0,0.0,0,0,96.11
2025-08-28,Eau de Toilette,61,85,0.2,68.0,4148.0,0.0,0,0,96.11
2025-08-28,Home Fragrance,60,45,0.0,45.0,2700.0,1000.0,0,0,96.11
2025-08-28,Skincare Bundle,40,150,0.0,150.0,6000.0,0.0,0,0,96.11
2025-08-29,Eau de Parfum,52,120,0.0,120.0,6240.0,0.0,0,0,96.21
2025-08-29,Eau de Toilette,71,85,0.0,85.0,6035.0,500.0,0,0,96.21
2025-08-29,Home Fragrance,23,45,0.0,45.0,1035.0,0.0,0,0,96.21
2025-08-29,Skincare Bundle,80,150,0.0,150.0,12000.0,1000.0,0,0,96.21
2025-08-30,Eau de Parfum,62,120,0.0,120.0,7440.0,500.0,1,0,96.3
2025-08-30,Eau de Toilette,106,85,0.0,85.0,9010.0,500.0,1,0,96.3
2025-08-30,Home Fragrance,49,45,0.0,45.0,2205.0,0.0,1,0,96.3
2025-08-30,Skincare Bundle,72,150,0.0,150.0,10800.0,0.0,1,0,96.3
2025-08-31,Eau de Parfum,80,120,0.2,96.0,7680.0,0.0,1,0,96.39
2025-08-31,Eau de Toilette,57,85,0.2,68.0,3876.0,500.0,1,0,96.39
2025-08-31,Home Fragrance,84,45,0.0,45.0,3780.0,1000.0,1,0,96.39
2025-08-31,Skincare Bundle,75,150,0.0,150.0,11250.0,0.0,1,0,96.39
2025-09-01,Eau de Parfum,36,120,0.0,120.0,4320.0,1000.0,0,0,96.49
2025-09-01,Eau de Toilette,74,85,0.0,85.0,6290.0,0.0,0,0,96.49
2025-09-01,Home Fragrance,55,45,0.2,36.0,1980.0,0.0,0,0,96.49
2025-09-01,Skincare Bundle,63,150,0.0,150.0,9450.0,0.0,0,0,96.49
2025-09-02,Eau de Parfum,61,120,0.1,108.0,6588.0,0.0,0,0,96.58
2025-09-02,Eau de Toilette,58,85,0.3,59.5,3451.0,0.0,0,0,96.58
2025-09-02,Home Fragrance,50,45,0.0,45.0,2250.0,0.0,0,0,96.58
2025-09-02,Skincare Bundle,69,150,0.0,150.0,10350.0,,0,0,96.58
2025-09-03,Eau de Parfum,58,120,0.0,120.0,6960.0,500.0,0,0,96.67
2025-09-03,Eau de Toilette,40,85,0.2,68.0,2720.0,0.0,0,0,96.67
2025-09-03,Home Fragrance,42,45,0.0,45.0,1890.0,1000.0,0,0,96.67
2025-09-03,Skincare Bundle,52,150,0.0,150.0,7800.0,0.0,0,0,96.67
2025-09-04,Eau de Parfum,42,120,0.0,120.0,5040.0,0.0,0,0,96.77
2025-09-04,Eau de Toilette,49,85,0.0,85.0,4165.0,0.0,0,0,96.77
2025-09-04,Home Fragrance,43,45,0.3,31.5,1354.5,500.0,0,0,96.77
2025-09-04,Skincare Bundle,86,150,0.2,120.0,10320.0,0.0,0,0,96.77
2025-09-05,Eau de Parfum,42,120,0.2,96.0,4032.0,0.0,0,0,96.86
2025-09-05,Eau de Toilette,78,85,0.2,68.0,5304.0,0.0,0,0,96.86
2025-09-05,Home Fragrance,22,45,0.1,40.5,891.0,0.0,0,0,96.86
2025-09-05,Skincare Bundle,51,150,0.2,120.0,6120.0,0.0,0,0,96.86
2025-09-06,Eau de Parfum,41,120,0.0,120.0,4920.0,0.0,1,0,96.96
2025-09-06,Eau de Toilette,78,85,0.1,76.5,5967.0,0.0,1,0,96.96
2025-09-06,Home Fragrance,69,45,0.2,36.0,2484.0,500.0,1,0,96.96
2025-09-06,Skincare Bundle,76,150,0.1,135.0,10260.0,0.0,1,0,96.96
2025-09-07,Eau de Parfum,45,120,0.0,120.0,5400.0,0.0,1,0,97.05
2025-09-07,Eau de Toilette,128,85,0.2,68.0,8704.0,2500.0,1,0,97.05
2025-09-07,Home Fragrance,72,45,0.0,45.0,3240.0,0.0,1,0,97.05
2025-09-07,Skincare Bundle,81,150,0.0,150.0,12150.0,0.0,1,0,97.05
2025-09-08,Eau de Parfum,50,120,0.0,120.0,6000.0,1000.0,0,0,97.15
2025-09-08,Eau de Toilette,52,85,0.0,85.0,4420.0,500.0,0,0,97.15
2025-09-08,Home Fragrance,32,45,0.0,45.0,1440.0,0.0,0,0,97.15
2025-09-08,Skincare Bundle,60,150,0.2,120.0,7200.0,0.0,0,0,97.15
2025-09-09,Eau de Parfum,66,120,0.0,120.0,7920.0,1000.0,0,0,97.25
2025-09-09,Eau de Toilette,59,85,0.0,85.0,5015.0,0.0,0,0,97.25
2025-09-09,Home Fragrance,56,45,0.2,36.0,2016.0,2500.0,0,0,97.25
2025-09-09,Skincare Bundle,68,150,0.2,120.0,8160.0,0.0,0,0,97.25
2025-09-10,Eau de Parfum,40,120,0.0,120.0,4800.0,0.0,0,0,97.34
2025-09-10,Eau de Toilette,28,85,0.2,68.0,1904.0,0.0,0,0,97.34
2025-09-10,Home Fragrance,55,45,0.0,45.0,2475.0,0.0,0,0,97.34
2025-09-10,Skincare Bundle,67,150,0.1,135.0,9045.0,1000.0,0,0,97.34
2025-09-11,Eau de Parfum,47,120,0.0,120.0,5640.0,0.0,0,0,97.44
2025-09-11,Eau de Toilette,39,85,0.0,85.0,3315.0,500.0,0,0,97.44
2025-09-11,Home Fragrance,27,45,0.0,45.0,1215.0,500.0,0,0,97.44
2025-09-11,Skincare Bundle,62,150,0.1,135.0,8370.0,0.0,0,0,97.44
2025-09-12,Eau de Parfum,78,120,0.0,120.0,9360.0,0.0,0,0,97.53
2025-09-12,Eau de Toilette,50,85,0.1,76.5,3825.0,500.0,0,0,97.53
2025-09-12,Home Fragrance,60,45,0.1,40.5,2430.0,0.0,0,0,97.53
2025-09-12,Skincare Bundle,50,150,0.1,135.0,6750.0,0.0,0,0,97.53
2025-09-13,Eau de Parfum,71,120,0.0,120.0,8520.0,0.0,1,0,97.63
2025-09-13,Eau de Toilette,54,85,0.2,68.0,3672.0,0.0,1,0,97.63
2025-09-13,Home Fragrance,55,45,0.0,45.0,2475.0,0.0,1,0,97.63
2025-09-13,Skincare Bundle,69,150,0.2,120.0,8280.0,0.0,1,0,97.63
2025-09-14,Eau de Parfum,75,120,0.1,108.0,8100.0,0.0,1,0,97.73
2025-09-14,Eau de Toilette,91,85,0.1,76.5,6961.5,1000.0,1,0,97.73
2025-09-14,Home Fragrance,51,45,0.1,40.5,2065.5,0.0,1,0,97.73
2025-09-14,Skincare Bundle,62,150,0.0,150.0,9300.0,0.0,1,0,97.73
2025-09-15,Eau de Parfum,53,120,0.0,120.0,6360.0,0.0,0,0,97.83
2025-09-15,Eau de Toilette,37,85,0.1,76.5,2830.5,0.0,0,0,97.83
2025-09-15,Home Fragrance,79,45,0.1,40.5,3199.5,0.0,0,0,97.83
2025-09-15,Skincare Bundle,50,150,0.1,135.0,6750.0,1000.0,0,0,97.83
2025-09-16,Eau de Parfum,47,120,0.0,120.0,5640.0,0.0,0,0,97.92
2025-09-16,Eau de Toilette,20,85,0.0,85.0,1700.0,0.0,0,0,97.92
2025-09-16,Home Fragrance,61,45,0.1,40.5,2470.5,0.0,0,0,97.92
2025-09-16,Skincare Bundle,58,150,0.0,150.0,8700.0,0.0,0,0,97.92
2025-09-17,Eau de Parfum,87,120,0.0,120.0,10440.0,0.0,0,0,98.02
2025-09-17,Eau de Toilette,95,85,0.0,85.0,8075.0,1000.0,0,0,98.02
2025-09-17,Home Fragrance,60,45,0.0,45.0,2700.0,0.0,0,0,98.02
2025-09-17,Skincare Bundle,33,150,0.0,150.0,4950.0,500.0,0,0,98.02
2025-09-18,Eau de Parfum,53,120,0.0,120.0,6360.0,1000.0,0,0,98.12
2025-09-18,Eau de Toilette,65,85,0.0,85.0,5525.0,0.0,0,0,98.12
2025-09-18,Home Fragrance,54,45,0.1,40.5,2187.0,0.0,0,0,98.12
2025-09-18,Skincare Bundle,0,150,0.0,150.0,0.0,0.0,0,0,98.12
2025-09-19,Eau de Parfum,50,120,0.0,120.0,6000.0,0.0,0,0,98.22
2025-09-19,Eau de Toilette,101,85,0.1,76.5,7726.5,1000.0,0,0,98.22
2025-09-19,Home Fragrance,55,45,0.0,45.0,2475.0,0.0,0,0,98.22
2025-09-19,Skincare Bundle,46,150,0.0,150.0,6900.0,0.0,0,0,98.22
2025-09-20,Eau de Parfum,64,120,0.1,108.0,6912.0,500.0,1,0,98.32
2025-09-20,Eau de Toilette,75,85,0.0,85.0,6375.0,500.0,1,0,98.32
2025-09-20,Home Fragrance,58,45,0.0,45.0,2610.0,0.0,1,0,98.32
2025-09-20,Skincare Bundle,61,150,0.0,150.0,9150.0,0.0,1,0,98.32
2025-09-21,Eau de Parfum,26,120,0.0,120.0,3120.0,0.0,1,0,98.42
2025-09-21,Eau de Toilette,112,85,0.0,85.0,9520.0,1000.0,1,0,98.42
2025-09-21,Home Fragrance,105,45,0.2,36.0,3780.0,500.0,1,0,98.42
2025-09-21,Skincare Bundle,73,150,0.3,105.0,7665.0,0.0,1,0,98.42
2025-09-22,Eau de Parfum,64,120,0.0,120.0,7680.0,1000.0,0,0,98.51
2025-09-22,Eau de Toilette,45,85,0.0,85.0,3825.0,0.0,0,0,98.51
2025-09-22,Home Fragrance,54,45,0.2,36.0,1944.0,500.0,0,0,98.51
2025-09-22,Skincare Bundle,49,150,0.0,150.0,7350.0,0.0,0,0,98.51
2025-09-23,Eau de Parfum,86,120,0.0,120.0,10320.0,1000.0,0,0,98.61
2025-09-23,Eau de Toilette,62,85,0.0,85.0,5270.0,500.0,0,0,98.61
2025-09-23,Home Fragrance,35,45,0.1,40.5,1417.5,0.0,0,0,98.61
2025-09-23,Skincare Bundle,67,150,0.0,150.0,10050.0,1000.0,0,0,98.61
2025-09-24,Eau de Parfum,65,120,0.0,120.0,7800.0,0.0,0,0,98.71
2025-09-24,Eau de Toilette,67,85,0.0,85.0,5695.0,500.0,0,0,98.71
2025-09-24,Home Fragrance,58,45,0.1,40.5,2349.0,0.0,0,0,98.71
2025-09-24,Skincare Bundle,49,150,0.2,120.0,5880.0,0.0,0,0,98.71
2025-09-25,Eau de Parfum,52,120,0.0,120.0,6240.0,0.0,0,0,98.81
2025-09-25,Eau de Toilette,49,85,0.0,85.0,4165.0,0.0,0,0,98.81
2025-09-25,Home Fragrance,52,45,0.0,45.0,2340.0,0.0,0,0,98.81
2025-09-25,Skincare Bundle,26,150,0.2,120.0,3120.0,0.0,0,0,98.81
2025-09-26,Eau de Parfum,41,120,0.0,120.0,4920.0,0.0,0,0,98.91
2025-09-26,Eau de Toilette,46,85,0.2,68.0,3128.0,0.0,0,0,98.91
2025-09-26,Home Fragrance,63,45,0.0,45.0,2835.0,0.0,0,0,98.91
2025-09-26,Skincare Bundle,24,150,0.0,150.0,3600.0,0.0,0,0,98.91
2025-09-27,Eau de Parfum,68,120,0.0,120.0,8160.0,1000.0,1,0,99.01
2025-09-27,Eau de Toilette,58,85,0.1,76.5,4437.0,0.0,1,0,99.01
2025-09-27,Home Fragrance,68,45,0.0,45.0,3060.0,1000.0,1,0,99.01
2025-09-27,Skincare Bundle,87,150,0.3,105.0,9135.0,0.0,1,0,99.01
2025-09-28,Eau de Parfum,37,120,0.1,108.0,3996.0,1000.0,1,0,99.11
2025-09-28,Eau de Toilette,90,85,0.0,85.0,7650.0,500.0,1,0,99.11
2025-09-28,Home Fragrance,95,45,0.0,45.0,4275.0,0.0,1,0,99.11
2025-09-28,Skincare Bundle,69,150,0.2,120.0,8280.0,0.0,1,0,99.11
2025-09-29,Eau de Parfum,93,120,0.0,120.0,11160.0,2500.0,0,0,99.21
2025-09-29,Eau de Toilette,72,85,0.0,85.0,6120.0,1000.0,0,0,99.21
2025-09-29,Home Fragrance,74,45,0.0,45.0,3330.0,500.0,0,0,99.21
2025-09-29,Skincare Bundle,72,150,0.0,150.0,10800.0,0.0,0,0,99.21
2025-09-30,Eau de Parfum,22,120,0.0,120.0,2640.0,500.0,0,0,99.31
2025-09-30,Eau de Toilette,61,85,0.0,85.0,5185.0,1000.0,0,0,99.31
2025-09-30,Home Fragrance,29,45,0.0,45.0,1305.0,0.0,0,0,99.31
2025-09-30,Skincare Bundle,64,150,0.0,150.0,9600.0,1000.0,0,0,99.31
2025-10-01,Eau de Parfum,46,120,0.0,120.0,5520.0,0.0,0,0,99.41
2025-10-01,Eau de Toilette,44,85,0.0,85.0,3740.0,0.0,0,0,99.41
2025-10-01,Home Fragrance,45,45,0.0,45.0,2025.0,,0,0,99.41
2025-10-01,Skincare Bundle,56,150,0.0,150.0,8400.0,,0,0,99.41
2025-10-02,Eau de Parfum,28,120,0.0,120.0,3360.0,0.0,0,0,99.51
2025-10-02,Eau de Toilette,55,85,0.3,59.5,3272.5,500.0,0,0,99.51
2025-10-02,Home Fragrance,77,45,0.0,45.0,3465.0,1000.0,0,0,99.51
2025-10-02,Skincare Bundle,50,150,0.0,150.0,7500.0,0.0,0,0,99.51
2025-10-03,Eau de Parfum,76,120,0.1,108.0,8208.0,,0,0,99.61
2025-10-03,Eau de Toilette,57,85,0.2,68.0,3876.0,1000.0,0,0,99.61
2025-10-03,Home Fragrance,61,45,0.2,36.0,2196.0,0.0,0,0,99.61
2025-10-03,Skincare Bundle,74,150,0.0,150.0,11100.0,0.0,0,0,99.61
2025-10-04,Eau de Parfum,85,120,0.0,120.0,10200.0,500.0,1,0,99.71
2025-10-04,Eau de Toilette,36,85,0.1,76.5,2754.0,0.0,1,0,99.71
2025-10-04,Home Fragrance,97,45,0.1,40.5,3928.5,0.0,1,0,99.71
2025-10-04,Skincare Bundle,38,150,0.0,150.0,5700.0,500.0,1,0,99.71
2025-10-05,Eau de Parfum,69,120,0.1,108.0,7452.0,0.0,1,0,99.81
2025-10-05,Eau de Toilette,106,85,0.0,85.0,9010.0,2500.0,1,0,99.81
2025-10-05,Home Fragrance,120,45,0.0,45.0,5400.0,500.0,1,0,99.81
2025-10-05,Skincare Bundle,67,150,0.1,135.0,9045.0,0.0,1,0,99.81
2025-10-06,Eau de Parfum,51,120,0.0,120.0,6120.0,0.0,0,0,99.91
2025-10-06,Eau de Toilette,52,85,0.0,85.0,4420.0,0.0,0,0,99.91
2025-10-06,Home Fragrance,76,45,0.0,45.0,3420.0,1000.0,0,0,99.91
2025-10-06,Skincare Bundle,76,150,0.0,150.0,11400.0,1000.0,0,0,99.91
2025-10-07,Eau de Parfum,28,120,0.0,120.0,3360.0,0.0,0,0,100.01
2025-10-07,Eau de Toilette,87,85,0.2,68.0,5916.0,1000.0,0,0,100.01
2025-10-07,Home Fragrance,75,45,0.2,36.0,2700.0,0.0,0,0,100.01
2025-10-07,Skincare Bundle,73,150,0.1,135.0,9855.0,0.0,0,0,100.01
2025-10-08,Eau de Parfum,56,120,0.0,120.0,6720.0,1000.0,0,0,100.11
2025-10-08,Eau de Toilette,55,85,0.0,85.0,4675.0,0.0,0,0,100.11
2025-10-08,Home Fragrance,44,45,0.0,45.0,1980.0,500.0,0,0,100.11
2025-10-08,Skincare Bundle,64,150,0.0,150.0,9600.0,0.0,0,0,100.11
2025-10-09,Eau de Parfum,52,120,0.2,96.0,4992.0,1000.0,0,0,100.21
2025-10-09,Eau de Toilette,36,85,0.1,76.5,2754.0,500.0,0,0,100.21
2025-10-09,Home Fragrance,77,45,0.1,40.5,3118.5,500.0,0,0,100.21
2025-10-09,Skincare Bundle,59,150,0.0,150.0,8850.0,,0,0,100.21
2025-10-10,Eau de Parfum,16,120,0.0,120.0,1920.0,0.0,0,0,100.31
2025-10-10,Eau de Toilette,66,85,0.3,59.5,3927.0,0.0,0,0,100.31
2025-10-10,Home Fragrance,108,45,0.0,45.0,4860.0,1000.0,0,0,100.31
2025-10-10,Skincare Bundle,46,150,0.0,150.0,6900.0,0.0,0,0,100.31
2025-10-11,Eau de Parfum,69,120,0.0,120.0,8280.0,0.0,1,0,100.41
2025-10-11,Eau de Toilette,72,85,0.0,85.0,6120.0,0.0,1,0,100.41
2025-10-11,Home Fragrance,112,45,0.0,45.0,5040.0,500.0,1,0,100.41
2025-10-11,Skincare Bundle,74,150,0.0,150.0,11100.0,,1,0,100.41
2025-10-12,Eau de Parfum,71,120,0.0,120.0,8520.0,0.0,1,0,100.51
2025-10-12,Eau de Toilette,50,85,0.0,85.0,4250.0,0.0,1,0,100.51
2025-10-12,Home Fragrance,77,45,0.1,40.5,3118.5,0.0,1,0,100.51
2025-10-12,Skincare Bundle,97,150,0.2,120.0,11640.0,500.0,1,0,100.51
2025-10-13,Eau de Parfum,28,120,0.0,120.0,3360.0,0.0,0,0,100.61
2025-10-13,Eau de Toilette,42,85,0.0,85.0,3570.0,500.0,0,0,100.61
2025-10-13,Home Fragrance,47,45,0.1,40.5,1903.5,500.0,0,0,100.61
2025-10-13,Skincare Bundle,44,150,0.0,150.0,6600.0,0.0,0,0,100.61
2025-10-14,Eau de Parfum,54,120,0.0,120.0,6480.0,1000.0,0,0,100.71
2025-10-14,Eau de Toilette,48,85,0.0,85.0,4080.0,0.0,0,0,100.71
2025-10-14,Home Fragrance,107,45,0.0,45.0,4815.0,0.0,0,0,100.71
2025-10-14,Skincare Bundle,38,150,0.1,135.0,5130.0,500.0,0,0,100.71
2025-10-15,Eau de Parfum,83,120,0.0,120.0,9960.0,2500.0,0,0,100.81
2025-10-15,Eau de Toilette,95,85,0.3,59.5,5652.5,2500.0,0,0,100.81
2025-10-15,Home Fragrance,70,45,0.0,45.0,3150.0,0.0,0,0,100.81
2025-10-15,Skincare Bundle,18,150,0.1,135.0,2430.0,0.0,0,0,100.81
2025-10-16,Eau de Parfum,66,120,0.0,120.0,7920.0,2500.0,0,0,100.91
2025-10-16,Eau de Toilette,68,85,0.0,85.0,5780.0,500.0,0,0,100.91
2025-10-16,Home Fragrance,72,45,0.1,40.5,2916.0,0.0,0,0,100.91
2025-10-16,Skincare Bundle,72,150,0.0,150.0,10800.0,0.0,0,0,100.91
2025-10-17,Eau de Parfum,28,120,0.0,120.0,3360.0,0.0,0,0,101.01
2025-10-17,Eau de Toilette,43,85,0.0,85.0,3655.0,0.0,0,0,101.01
2025-10-17,Home Fragrance,86,45,0.0,45.0,3870.0,500.0,0,0,101.01
2025-10-17,Skincare Bundle,74,150,0.0,150.0,11100.0,0.0,0,0,101.01
2025-10-18,Eau de Parfum,52,120,0.0,120.0,6240.0,0.0,1,0,101.11
2025-10-18,Eau de Toilette,63,85,0.0,85.0,5355.0,0.0,1,0,101.11
2025-10-18,Home Fragrance,140,45,0.0,45.0,6300.0,0.0,1,0,101.11
2025-10-18,Skincare Bundle,37,150,0.2,120.0,4440.0,500.0,1,0,101.11
2025-10-19,Eau de Parfum,78,120,0.1,108.0,8424.0,0.0,1,0,101.21
2025-10-19,Eau de Toilette,66,85,0.2,68.0,4488.0,500.0,1,0,101.21
2025-10-19,Home Fragrance,126,45,0.0,45.0,5670.0,500.0,1,0,101.21
2025-10-19,Skincare Bundle,76,150,0.2,120.0,9120.0,2500.0,1,0,101.21
2025-10-20,Eau de Parfum,66,120,0.2,96.0,6336.0,0.0,0,0,101.31
2025-10-20,Eau de Toilette,32,85,0.0,85.0,2720.0,0.0,0,0,101.31
2025-10-20,Home Fragrance,92,45,0.0,45.0,4140.0,500.0,0,0,101.31
2025-10-20,Skincare Bundle,58,150,0.0,150.0,8700.0,0.0,0,0,101.31
2025-10-21,Eau de Parfum,63,120,0.0,120.0,7560.0,0.0,0,0,101.4
2025-10-21,Eau de Toilette,56,85,0.0,85.0,4760.0,500.0,0,0,101.4
2025-10-21,Home Fragrance,122,45,0.0,45.0,5490.0,0.0,0,0,101.4
2025-10-21,Skincare Bundle,94,150,0.0,150.0,14100.0,0.0,0,0,101.4
2025-10-22,Eau de Parfum,93,120,0.2,96.0,8928.0,2500.0,0,0,101.5
2025-10-22,Eau de Toilette,61,85,0.1,76.5,4666.5,0.0,0,0,101.5
2025-10-22,Home Fragrance,72,45,0.0,45.0,3240.0,0.0,0,0,101.5
2025-10-22,Skincare Bundle,53,150,0.0,150.0,7950.0,0.0,0,0,101.5
2025-10-23,Eau de Parfum,50,120,0.3,84.0,4200.0,500.0,0,0,101.6
2025-10-23,Eau de Toilette,53,85,0.3,59.5,3153.5,500.0,0,0,101.6
2025-10-23,Home Fragrance,80,45,0.0,45.0,3600.0,1000.0,0,0,101.6
2025-10-23,Skincare Bundle,56,150,0.0,150.0,8400.0,0.0,0,0,101.6
2025-10-24,Eau de Parfum,15,120,0.0,120.0,1800.0,0.0,0,0,101.7
2025-10-24,Eau de Toilette,75,85,0.0,85.0,6375.0,1000.0,0,0,101.7
2025-10-24,Home Fragrance,69,45,0.0,45.0,3105.0,0.0,0,0,101.7
2025-10-24,Skincare Bundle,22,150,0.1,135.0,2970.0,500.0,0,0,101.7
2025-10-25,Eau de Parfum,76,120,0.0,120.0,9120.0,0.0,1,0,101.8
2025-10-25,Eau de Toilette,81,85,0.0,85.0,6885.0,0.0,1,0,101.8
2025-10-25,Home Fragrance,130,45,0.3,31.5,4095.0,1000.0,1,0,101.8
2025-10-25,Skincare Bundle,90,150,0.0,150.0,13500.0,500.0,1,0,101.8
2025-10-26,Eau de Parfum,47,120,0.3,84.0,3948.0,0.0,1,0,101.9
2025-10-26,Eau de Toilette,45,85,0.1,76.5,3442.5,0.0,1,0,101.9
2025-10-26,Home Fragrance,133,45,0.1,40.5,5386.5,500.0,1,0,101.9
2025-10-26,Skincare Bundle,30,150,0.0,150.0,4500.0,1000.0,1,0,101.9
2025-10-27,Eau de Parfum,58,120,0.0,120.0,6960.0,0.0,0,0,102.0
2025-10-27,Eau de Toilette,80,85,0.0,85.0,6800.0,1000.0,0,0,102.0
2025-10-27,Home Fragrance,66,45,0.0,45.0,2970.0,0.0,0,0,102.0
2025-10-27,Skincare Bundle,48,150,0.2,120.0,5760.0,0.0,0,0,102.0
2025-10-28,Eau de Parfum,42,120,0.1,108.0,4536.0,0.0,0,0,102.09
2025-10-28,Eau de Toilette,33,85,0.0,85.0,2805.0,0.0,0,0,102.09
2025-10-28,Home Fragrance,27,45,0.1,40.5,1093.5,1000.0,0,0,102.09
2025-10-28,Skincare Bundle,81,150,0.1,135.0,10935.0,2500.0,0,0,102.09
2025-10-29,Eau de Parfum,42,120,0.0,120.0,5040.0,0.0,0,0,102.19
2025-10-29,Eau de Toilette,64,85,0.0,85.0,5440.0,1000.0,0,0,102.19
2025-10-29,Home Fragrance,79,45,0.2,36.0,2844.0,500.0,0,0,102.19
2025-10-29,Skincare Bundle,46,150,0.0,150.0,6900.0,0.0,0,0,102.19
2025-10-30,Eau de Parfum,74,120,0.2,96.0,7104.0,0.0,0,0,102.29
2025-10-30,Eau de Toilette,51,85,0.1,76.5,3901.5,500.0,0,0,102.29
2025-10-30,Home Fragrance,106,45,0.2,36.0,3816.0,0.0,0,0,102.29
2025-10-30,Skincare Bundle,41,150,0.0,150.0,6150.0,0.0,0,0,102.29
2025-10-31,Eau de Parfum,65,120,0.0,120.0,7800.0,,0,0,102.39
2025-10-31,Eau de Toilette,31,85,0.0,85.0,2635.0,1000.0,0,0,102.39
2025-10-31,Home Fragrance,95,45,0.0,45.0,4275.0,0.0,0,0,102.39
2025-10-31,Skincare Bundle,67,150,0.0,150.0,10050.0,2500.0,0,0,102.39
2025-11-01,Eau de Parfum,136,120,0.2,96.0,13056.0,1000.0,1,0,102.48
2025-11-01,Eau de Toilette,107,85,0.0,85.0,9095.0,1000.0,1,0,102.48
2025-11-01,Home Fragrance,102,45,0.2,36.0,3672.0,0.0,1,0,102.48
2025-11-01,Skincare Bundle,73,150,0.0,150.0,10950.0,0.0,1,0,102.48
2025-11-02,Eau de Parfum,99,120,0.0,120.0,11880.0,500.0,1,0,102.58
2025-11-02,Eau de Toilette,92,85,0.1,76.5,7038.0,1000.0,1,0,102.58
2025-11-02,Home Fragrance,87,45,0.0,45.0,3915.0,500.0,1,0,102.58
2025-11-02,Skincare Bundle,88,150,0.2,120.0,10560.0,0.0,1,0,102.58
2025-11-03,Eau de Parfum,56,120,0.1,108.0,6048.0,0.0,0,0,102.68
2025-11-03,Eau de Toilette,40,85,0.0,85.0,3400.0,1000.0,0,0,102.68
2025-11-03,Home Fragrance,137,45,0.1,40.5,5548.5,0.0,0,0,102.68
2025-11-03,Skincare Bundle,81,150,0.0,150.0,12150.0,0.0,0,0,102.68
2025-11-04,Eau de Parfum,45,120,0.0,120.0,5400.0,1000.0,0,0,102.77
2025-11-04,Eau de Toilette,68,85,0.0,85.0,5780.0,2500.0,0,0,102.77
2025-11-04,Home Fragrance,33,45,0.0,45.0,1485.0,0.0,0,0,102.77
2025-11-04,Skincare Bundle,74,150,0.0,150.0,11100.0,0.0,0,0,102.77
2025-11-05,Eau de Parfum,43,120,0.0,120.0,5160.0,0.0,0,0,102.87
2025-11-05,Eau de Toilette,63,85,0.0,85.0,5355.0,0.0,0,0,102.87
2025-11-05,Home Fragrance,55,45,0.0,45.0,2475.0,500.0,0,0,102.87
2025-11-05,Skincare Bundle,116,150,0.0,150.0,17400.0,500.0,0,0,102.87
2025-11-06,Eau de Parfum,79,120,0.0,120.0,9480.0,0.0,0,0,102.96
2025-11-06,Eau de Toilette,36,85,0.0,85.0,3060.0,0.0,0,0,102.96
2025-11-06,Home Fragrance,107,45,0.2,36.0,3852.0,0.0,0,0,102.96
2025-11-06,Skincare Bundle,102,150,0.2,120.0,12240.0,0.0,0,0,102.96
2025-11-07,Eau de Parfum,73,120,0.0,120.0,8760.0,1000.0,0,0,103.06
2025-11-07,Eau de Toilette,63,85,0.0,85.0,5355.0,1000.0,0,0,103.06
2025-11-07,Home Fragrance,75,45,0.0,45.0,3375.0,500.0,0,0,103.06
2025-11-07,Skincare Bundle,126,150,0.0,150.0,18900.0,0.0,0,0,103.06
2025-11-08,Eau de Parfum,69,120,0.0,120.0,8280.0,0.0,1,0,103.15
2025-11-08,Eau de Toilette,87,85,0.0,85.0,7395.0,1000.0,1,0,103.15
2025-11-08,Home Fragrance,164,45,0.0,45.0,7380.0,2500.0,1,0,103.15
2025-11-08,Skincare Bundle,122,150,0.1,135.0,16470.0,500.0,1,0,103.15
2025-11-09,Eau de Parfum,111,120,0.0,120.0,13320.0,0.0,1,0,103.25
2025-11-09,Eau de Toilette,71,85,0.0,85.0,6035.0,500.0,1,0,103.25
2025-11-09,Home Fragrance,58,45,0.0,45.0,2610.0,0.0,1,0,103.25
2025-11-09,Skincare Bundle,142,150,0.0,150.0,21300.0,500.0,1,0,103.25
2025-11-10,Eau de Parfum,50,120,0.3,84.0,4200.0,0.0,0,0,103.34
2025-11-10,Eau de Toilette,54,85,0.0,85.0,4590.0,0.0,0,0,103.34
2025-11-10,Home Fragrance,111,45,0.0,45.0,4995.0,0.0,0,0,103.34
2025-11-10,Skincare Bundle,28,150,0.0,150.0,4200.0,0.0,0,0,103.34
2025-11-11,Eau de Parfum,112,120,0.0,120.0,13440.0,0.0,0,0,103.44
2025-11-11,Eau de Toilette,60,85,0.0,85.0,5100.0,0.0,0,0,103.44
2025-11-11,Home Fragrance,54,45,0.1,40.5,2187.0,0.0,0,0,103.44
2025-11-11,Skincare Bundle,109,150,0.2,120.0,13080.0,0.0,0,0,103.44
2025-11-12,Eau de Parfum,100,120,0.2,96.0,9600.0,0.0,0,0,103.53
2025-11-12,Eau de Toilette,57,85,0.0,85.0,4845.0,0.0,0,0,103.53
2025-11-12,Home Fragrance,66,45,0.0,45.0,2970.0,0.0,0,0,103.53
2025-11-12,Skincare Bundle,57,150,0.0,150.0,8550.0,500.0,0,0,103.53
2025-11-13,Eau de Parfum,33,120,0.0,120.0,3960.0,0.0,0,0,103.62
2025-11-13,Eau de Toilette,66,85,0.0,85.0,5610.0,0.0,0,0,103.62
2025-11-13,Home Fragrance,84,45,0.0,45.0,3780.0,1000.0,0,0,103.62
2025-11-13,Skincare Bundle,100,150,0.0,150.0,15000.0,0.0,0,0,103.62
2025-11-14,Eau de Parfum,82,120,0.0,120.0,9840.0,0.0,0,0,103.72
2025-11-14,Eau de Toilette,106,85,0.1,76.5,8109.0,2500.0,0,0,103.72
2025-11-14,Home Fragrance,102,45,0.0,45.0,4590.0,1000.0,0,0,103.72
2025-11-14,Skincare Bundle,119,150,0.2,120.0,14280.0,500.0,0,0,103.72
2025-11-15,Eau de Parfum,111,120,0.0,120.0,13320.0,2500.0,1,0,103.81
2025-11-15,Eau de Toilette,87,85,0.0,85.0,7395.0,0.0,1,0,103.81
2025-11-15,Home Fragrance,89,45,0.1,40.5,3604.5,0.0,1,0,103.81
2025-11-15,Skincare Bundle,138,150,0.2,120.0,16560.0,500.0,1,0,103.81
2025-11-16,Eau de Parfum,136,120,0.1,108.0,14688.0,1000.0,1,0,103.9
2025-11-16,Eau de Toilette,60,85,0.0,85.0,5100.0,0.0,1,0,103.9
2025-11-16,Home Fragrance,23,45,0.3,31.5,724.5,0.0,1,0,103.9
2025-11-16,Skincare Bundle,111,150,0.0,150.0,16650.0,0.0,1,0,103.9
2025-11-17,Eau de Parfum,97,120,0.1,108.0,10476.0,0.0,0,0,103.99
2025-11-17,Eau de Toilette,65,85,0.0,85.0,5525.0,0.0,0,0,103.99
2025-11-17,Home Fragrance,100,45,0.3,31.5,3150.0,500.0,0,0,103.99
2025-11-17,Skincare Bundle,72,150,0.0,150.0,10800.0,500.0,0,0,103.99
2025-11-18,Eau de Parfum,94,120,0.0,120.0,11280.0,0.0,0,0,104.09
2025-11-18,Eau de Toilette,37,85,0.0,85.0,3145.0,0.0,0,0,104.09
2025-11-18,Home Fragrance,85,45,0.1,40.5,3442.5,0.0,0,0,104.09
2025-11-18,Skincare Bundle,60,150,0.0,150.0,9000.0,500.0,0,0,104.09
2025-11-19,Eau de Parfum,30,120,0.0,120.0,3600.0,0.0,0,0,104.18
2025-11-19,Eau de Toilette,56,85,0.1,76.5,4284.0,0.0,0,0,104.18
2025-11-19,Home Fragrance,82,45,0.1,40.5,3321.0,0.0,0,0,104.18
2025-11-19,Skincare Bundle,51,150,0.3,105.0,5355.0,1000.0,0,0,104.18
2025-11-20,Eau de Parfum,106,120,0.0,120.0,12720.0,1000.0,0,0,104.27
2025-11-20,Eau de Toilette,70,85,0.1,76.5,5355.0,0.0,0,0,104.27
2025-11-20,Home Fragrance,77,45,0.1,40.5,3118.5,0.0,0,0,104.27
2025-11-20,Skincare Bundle,151,150,0.0,150.0,22650.0,2500.0,0,0,104.27
2025-11-21,Eau de Parfum,188,120,0.2,96.0,18048.0,0.0,0,1,104.36
2025-11-21,Eau de Toilette,119,85,0.2,68.0,8092.0,500.0,0,1,104.36
2025-11-21,Home Fragrance,291,45,0.3,31.5,9166.5,1000.0,0,1,104.36
2025-11-21,Skincare Bundle,185,150,0.2,120.0,22200.0,0.0,0,1,104.36
2025-11-22,Eau de Parfum,319,120,0.2,96.0,30624.0,1000.0,1,1,104.45
2025-11-22,Eau de Toilette,167,85,0.2,68.0,11356.0,1000.0,1,1,104.45
2025-11-22,Home Fragrance,218,45,0.2,36.0,7848.0,0.0,1,1,104.45
2025-11-22,Skincare Bundle,266,150,0.2,120.0,31920.0,0.0,1,1,104.45
2025-11-23,Eau de Parfum,109,120,0.2,96.0,10464.0,0.0,1,1,104.54
2025-11-23,Eau de Toilette,155,85,0.2,68.0,10540.0,0.0,1,1,104.54
2025-11-23,Home Fragrance,197,45,0.2,36.0,7092.0,1000.0,1,1,104.54
2025-11-23,Skincare Bundle,198,150,0.2,120.0,23760.0,0.0,1,1,104.54
2025-11-24,Eau de Parfum,215,120,0.2,96.0,20640.0,500.0,0,1,104.63
2025-11-24,Eau de Toilette,82,85,0.2,68.0,5576.0,500.0,0,1,104.63
2025-11-24,Home Fragrance,100,45,0.2,36.0,3600.0,500.0,0,1,104.63
2025-11-24,Skincare Bundle,139,150,0.2,120.0,16680.0,0.0,0,1,104.63
2025-11-25,Eau de Parfum,187,120,0.2,96.0,17952.0,0.0,0,1,104.71
2025-11-25,Eau de Toilette,142,85,0.2,68.0,9656.0,1000.0,0,1,104.71
2025-11-25,Home Fragrance,180,45,0.2,36.0,6480.0,500.0,0,1,104.71
2025-11-25,Skincare Bundle,185,150,0.2,120.0,22200.0,0.0,0,1,104.71
2025-11-26,Eau de Parfum,60,120,0.2,96.0,5760.0,500.0,0,1,104.8
2025-11-26,Eau de Toilette,75,85,0.2,68.0,5100.0,500.0,0,1,104.8
2025-11-26,Home Fragrance,201,45,0.3,31.5,6331.5,0.0,0,1,104.8
2025-11-26,Skincare Bundle,143,150,0.2,120.0,17160.0,0.0,0,1,104.8
2025-11-27,Eau de Parfum,166,120,0.2,96.0,15936.0,0.0,0,1,104.89
2025-11-27,Eau de Toilette,136,85,0.2,68.0,9248.0,0.0,0,1,104.89
2025-11-27,Home Fragrance,255,45,0.2,36.0,9180.0,500.0,0,1,104.89
2025-11-27,Skincare Bundle,129,150,0.2,120.0,15480.0,0.0,0,1,104.89
2025-11-28,Eau de Parfum,151,120,0.2,96.0,14496.0,0.0,0,1,104.98
2025-11-28,Eau de Toilette,111,85,0.2,68.0,7548.0,0.0,0,1,104.98
2025-11-28,Home Fragrance,237,45,0.2,36.0,8532.0,500.0,0,1,104.98
2025-11-28,Skincare Bundle,162,150,0.2,120.0,19440.0,0.0,0,1,104.98
2025-11-29,Eau de Parfum,265,120,0.2,96.0,25440.0,0.0,1,1,105.06
2025-11-29,Eau de Toilette,150,85,0.2,68.0,10200.0,0.0,1,1,105.06
2025-11-29,Home Fragrance,262,45,0.2,36.0,9432.0,0.0,1,1,105.06
2025-11-29,Skincare Bundle,143,150,0.2,120.0,17160.0,0.0,1,1,105.06
2025-11-30,Eau de Parfum,203,120,0.2,96.0,19488.0,0.0,1,1,105.15
2025-11-30,Eau de Toilette,142,85,0.2,68.0,9656.0,0.0,1,1,105.15
2025-11-30,Home Fragrance,168,45,0.2,36.0,6048.0,0.0,1,1,105.15
2025-11-30,Skincare Bundle,177,150,0.2,120.0,21240.0,0.0,1,1,105.15
2025-12-01,Eau de Parfum,114,120,0.2,96.0,10944.0,0.0,0,1,105.23
2025-12-01,Eau de Toilette,100,85,0.2,68.0,6800.0,0.0,0,1,105.23
2025-12-01,Home Fragrance,111,45,0.2,36.0,3996.0,0.0,0,1,105.23
2025-12-01,Skincare Bundle,68,150,0.2,120.0,8160.0,0.0,0,1,105.23
2025-12-02,Eau de Parfum,186,120,0.2,96.0,17856.0,0.0,0,1,105.32
2025-12-02,Eau de Toilette,94,85,0.2,68.0,6392.0,0.0,0,1,105.32
2025-12-02,Home Fragrance,147,45,0.2,36.0,5292.0,0.0,0,1,105.32
2025-12-02,Skincare Bundle,79,150,0.2,120.0,9480.0,0.0,0,1,105.32
2025-12-03,Eau de Parfum,135,120,0.2,96.0,12960.0,,0,1,105.4
2025-12-03,Eau de Toilette,90,85,0.2,68.0,6120.0,0.0,0,1,105.4
2025-12-03,Home Fragrance,264,45,0.2,36.0,9504.0,0.0,0,1,105.4
2025-12-03,Skincare Bundle,166,150,0.2,120.0,19920.0,1000.0,0,1,105.4
2025-12-04,Eau de Parfum,139,120,0.2,96.0,13344.0,0.0,0,1,105.49
2025-12-04,Eau de Toilette,86,85,0.2,68.0,5848.0,1000.0,0,1,105.49
2025-12-04,Home Fragrance,147,45,0.2,36.0,5292.0,0.0,0,1,105.49
2025-12-04,Skincare Bundle,111,150,0.2,120.0,13320.0,0.0,0,1,105.49
2025-12-05,Eau de Parfum,144,120,0.2,96.0,13824.0,0.0,0,1,105.57
2025-12-05,Eau de Toilette,104,85,0.2,68.0,7072.0,500.0,0,1,105.57
2025-12-05,Home Fragrance,192,45,0.2,36.0,6912.0,1000.0,0,1,105.57
2025-12-05,Skincare Bundle,103,150,0.2,120.0,12360.0,1000.0,0,1,105.57
2025-12-06,Eau de Parfum,218,120,0.2,96.0,20928.0,0.0,1,1,105.65
2025-12-06,Eau de Toilette,178,85,0.2,68.0,12104.0,0.0,1,1,105.65
2025-12-06,Home Fragrance,241,45,0.2,36.0,8676.0,0.0,1,1,105.65
2025-12-06,Skincare Bundle,115,150,0.2,120.0,13800.0,0.0,1,1,105.65
2025-12-07,Eau de Parfum,167,120,0.2,96.0,16032.0,0.0,1,1,105.74
2025-12-07,Eau de Toilette,199,85,0.2,68.0,13532.0,1000.0,1,1,105.74
2025-12-07,Home Fragrance,236,45,0.2,36.0,8496.0,0.0,1,1,105.74
2025-12-07,Skincare Bundle,81,150,0.2,120.0,9720.0,0.0,1,1,105.74
2025-12-08,Eau de Parfum,191,120,0.2,96.0,18336.0,1000.0,0,1,105.82
2025-12-08,Eau de Toilette,85,85,0.2,68.0,5780.0,0.0,0,1,105.82
2025-12-08,Home Fragrance,86,45,0.2,36.0,3096.0,0.0,0,1,105.82
2025-12-08,Skincare Bundle,130,150,0.2,120.0,15600.0,0.0,0,1,105.82
2025-12-09,Eau de Parfum,183,120,0.2,96.0,17568.0,0.0,0,1,105.9
2025-12-09,Eau de Toilette,122,85,0.2,68.0,8296.0,0.0,0,1,105.9
2025-12-09,Home Fragrance,157,45,0.2,36.0,5652.0,0.0,0,1,105.9
2025-12-09,Skincare Bundle,61,150,0.2,120.0,7320.0,,0,1,105.9
2025-12-10,Eau de Parfum,146,120,0.2,96.0,14016.0,0.0,0,1,105.98
2025-12-10,Eau de Toilette,164,85,0.2,68.0,11152.0,1000.0,0,1,105.98
2025-12-10,Home Fragrance,72,45,0.2,36.0,2592.0,0.0,0,1,105.98
2025-12-10,Skincare Bundle,49,150,0.2,120.0,5880.0,0.0,0,1,105.98
2025-12-11,Eau de Parfum,109,120,0.2,96.0,10464.0,500.0,0,1,106.06
2025-12-11,Eau de Toilette,139,85,0.2,68.0,9452.0,0.0,0,1,106.06
2025-12-11,Home Fragrance,164,45,0.2,36.0,5904.0,500.0,0,1,106.06
2025-12-11,Skincare Bundle,135,150,0.2,120.0,16200.0,0.0,0,1,106.06
2025-12-12,Eau de Parfum,128,120,0.2,96.0,12288.0,0.0,0,1,106.14
2025-12-12,Eau de Toilette,75,85,0.2,68.0,5100.0,0.0,0,1,106.14
2025-12-12,Home Fragrance,201,45,0.2,36.0,7236.0,0.0,0,1,106.14
2025-12-12,Skincare Bundle,81,150,0.2,120.0,9720.0,0.0,0,1,106.14
2025-12-13,Eau de Parfum,287,120,0.2,96.0,27552.0,0.0,1,1,106.22
2025-12-13,Eau de Toilette,124,85,0.2,68.0,8432.0,500.0,1,1,106.22
2025-12-13,Home Fragrance,196,45,0.2,36.0,7056.0,0.0,1,1,106.22
2025-12-13,Skincare Bundle,141,150,0.2,120.0,16920.0,1000.0,1,1,106.22
2025-12-14,Eau de Parfum,210,120,0.2,96.0,20160.0,0.0,1,1,106.29
2025-12-14,Eau de Toilette,147,85,0.2,68.0,9996.0,0.0,1,1,106.29
2025-12-14,Home Fragrance,181,45,0.2,36.0,6516.0,0.0,1,1,106.29
2025-12-14,Skincare Bundle,145,150,0.2,120.0,17400.0,500.0,1,1,106.29
2025-12-15,Eau de Parfum,227,120,0.2,96.0,21792.0,500.0,0,1,106.37
2025-12-15,Eau de Toilette,143,85,0.2,68.0,9724.0,1000.0,0,1,106.37
2025-12-15,Home Fragrance,151,45,0.3,31.5,4756.5,0.0,0,1,106.37
2025-12-15,Skincare Bundle,115,150,0.2,120.0,13800.0,0.0,0,1,106.37
2025-12-16,Eau de Parfum,120,120,0.3,84.0,10080.0,1000.0,0,1,106.45
2025-12-16,Eau de Toilette,128,85,0.2,68.0,8704.0,0.0,0,1,106.45
2025-12-16,Home Fragrance,204,45,0.2,36.0,7344.0,0.0,0,1,106.45
2025-12-16,Skincare Bundle,138,150,0.2,120.0,16560.0,0.0,0,1,106.45
2025-12-17,Eau de Parfum,176,120,0.2,96.0,16896.0,0.0,0,1,106.53
2025-12-17,Eau de Toilette,96,85,0.2,68.0,6528.0,0.0,0,1,106.53
2025-12-17,Home Fragrance,151,45,0.2,36.0,5436.0,0.0,0,1,106.53
2025-12-17,Skincare Bundle,67,150,0.2,120.0,8040.0,0.0,0,1,106.53
2025-12-18,Eau de Parfum,255,120,0.2,96.0,24480.0,500.0,0,1,106.6
2025-12-18,Eau de Toilette,21,85,0.2,68.0,1428.0,500.0,0,1,106.6
2025-12-18,Home Fragrance,188,45,0.2,36.0,6768.0,2500.0,0,1,106.6
2025-12-18,Skincare Bundle,99,150,0.2,120.0,11880.0,1000.0,0,1,106.6
2025-12-19,Eau de Parfum,169,120,0.2,96.0,16224.0,500.0,0,1,106.68
2025-12-19,Eau de Toilette,110,85,0.2,68.0,7480.0,0.0,0,1,106.68
2025-12-19,Home Fragrance,169,45,0.2,36.0,6084.0,0.0,0,1,106.68
2025-12-19,Skincare Bundle,148,150,0.2,120.0,17760.0,1000.0,0,1,106.68
2025-12-20,Eau de Parfum,174,120,0.2,96.0,16704.0,1000.0,1,1,106.75
2025-12-20,Eau de Toilette,136,85,0.2,68.0,9248.0,1000.0,1,1,106.75
2025-12-20,Home Fragrance,164,45,0.2,36.0,5904.0,500.0,1,1,106.75
2025-12-20,Skincare Bundle,163,150,0.2,120.0,19560.0,1000.0,1,1,106.75
2025-12-21,Eau de Parfum,134,120,0.3,84.0,11256.0,0.0,1,1,106.82
2025-12-21,Eau de Toilette,207,85,0.2,68.0,14076.0,0.0,1,1,106.82
2025-12-21,Home Fragrance,205,45,0.3,31.5,6457.5,0.0,1,1,106.82
2025-12-21,Skincare Bundle,149,150,0.2,120.0,17880.0,0.0,1,1,106.82
2025-12-22,Eau de Parfum,152,120,0.2,96.0,14592.0,0.0,0,1,106.9
2025-12-22,Eau de Toilette,150,85,0.2,68.0,10200.0,0.0,0,1,106.9
2025-12-22,Home Fragrance,94,45,0.2,36.0,3384.0,500.0,0,1,106.9
2025-12-22,Skincare Bundle,56,150,0.3,105.0,5880.0,0.0,0,1,106.9
2025-12-23,Eau de Parfum,221,120,0.3,84.0,18564.0,0.0,0,1,106.97
2025-12-23,Eau de Toilette,121,85,0.2,68.0,8228.0,0.0,0,1,106.97
2025-12-23,Home Fragrance,195,45,0.2,36.0,7020.0,0.0,0,1,106.97
2025-12-23,Skincare Bundle,67,150,0.2,120.0,8040.0,0.0,0,1,106.97
2025-12-24,Eau de Parfum,145,120,0.2,96.0,13920.0,1000.0,0,1,107.04
2025-12-24,Eau de Toilette,113,85,0.2,68.0,7684.0,0.0,0,1,107.04
2025-12-24,Home Fragrance,171,45,0.2,36.0,6156.0,0.0,0,1,107.04
2025-12-24,Skincare Bundle,47,150,0.2,120.0,5640.0,0.0,0,1,107.04
2025-12-25,Eau de Parfum,133,120,0.2,96.0,12768.0,1000.0,0,1,107.11
2025-12-25,Eau de Toilette,139,85,0.2,68.0,9452.0,500.0,0,1,107.11
2025-12-25,Home Fragrance,179,45,0.2,36.0,6444.0,0.0,0,1,107.11
2025-12-25,Skincare Bundle,128,150,0.2,120.0,15360.0,0.0,0,1,107.11
2025-12-26,Eau de Parfum,136,120,0.2,96.0,13056.0,0.0,0,1,107.18
2025-12-26,Eau de Toilette,107,85,0.2,68.0,7276.0,500.0,0,1,107.18
2025-12-26,Home Fragrance,162,45,0.2,36.0,5832.0,500.0,0,1,107.18
2025-12-26,Skincare Bundle,124,150,0.3,105.0,13020.0,0.0,0,1,107.18
2025-12-27,Eau de Parfum,137,120,0.2,96.0,13152.0,500.0,1,1,107.25
2025-12-27,Eau de Toilette,234,85,0.2,68.0,15912.0,1000.0,1,1,107.25
2025-12-27,Home Fragrance,222,45,0.2,36.0,7992.0,0.0,1,1,107.25
2025-12-27,Skincare Bundle,56,150,0.2,120.0,6720.0,,1,1,107.25
2025-12-28,Eau de Parfum,205,120,0.2,96.0,19680.0,0.0,1,1,107.32
2025-12-28,Eau de Toilette,147,85,0.2,68.0,9996.0,0.0,1,1,107.32
2025-12-28,Home Fragrance,174,45,0.2,36.0,6264.0,0.0,1,1,107.32
2025-12-28,Skincare Bundle,153,150,0.2,120.0,18360.0,1000.0,1,1,107.32
2025-12-29,Eau de Parfum,90,120,0.2,96.0,8640.0,500.0,0,1,107.39
2025-12-29,Eau de Toilette,58,85,0.2,68.0,3944.0,0.0,0,1,107.39
2025-12-29,Home Fragrance,103,45,0.2,36.0,3708.0,500.0,0,1,107.39
2025-12-29,Skincare Bundle,79,150,0.2,120.0,9480.0,0.0,0,1,107.39
2025-12-30,Eau de Parfum,67,120,0.2,96.0,6432.0,0.0,0,1,107.45
2025-12-30,Eau de Toilette,85,85,0.2,68.0,5780.0,0.0,0,1,107.45
2025-12-30,Home Fragrance,144,45,0.2,36.0,5184.0,0.0,0,1,107.45
2025-12-30,Skincare Bundle,71,150,0.2,120.0,8520.0,0.0,0,1,107.45
2025-12-31,Eau de Parfum,145,120,0.2,96.0,13920.0,0.0,0,1,107.52
2025-12-31,Eau de Toilette,196,85,0.2,68.0,13328.0,2500.0,0,1,107.52
2025-12-31,Home Fragrance,202,45,0.2,36.0,7272.0,500.0,0,1,107.52
2025-12-31,Skincare Bundle,138,150,0.2,120.0,16560.0,500.0,0,1,107.52
